Opened /dev/xdma0_h2c_0 -> 3
Opened /dev/xdma0_c2h_0 -> 4
Successfully reset the FPGA!
# rw_screen: 0/624 rows with any pattern/antipattern miss
FAULT R=38400 -> T=38406  offset=+6  xor=0x00006  popcnt=2
FAULT R=38400 -> T=38408  offset=+8  xor=0x00008  popcnt=1
FAULT R=38400 -> T=38414  offset=+14  xor=0x0000e  popcnt=3
FAULT R=38400 -> T=38432  offset=+32  xor=0x00020  popcnt=1
FAULT R=38400 -> T=38440  offset=+40  xor=0x00028  popcnt=2
FAULT R=38401 -> T=38400  offset=-1  xor=0x00001  popcnt=1
FAULT R=38401 -> T=38406  offset=+5  xor=0x00007  popcnt=3
FAULT R=38401 -> T=38407  offset=+6  xor=0x00006  popcnt=2
FAULT R=38401 -> T=38408  offset=+7  xor=0x00009  popcnt=2
FAULT R=38401 -> T=38409  offset=+8  xor=0x00008  popcnt=1
FAULT R=38401 -> T=38414  offset=+13  xor=0x0000f  popcnt=4
FAULT R=38401 -> T=38415  offset=+14  xor=0x0000e  popcnt=3
FAULT R=38401 -> T=38432  offset=+31  xor=0x00021  popcnt=2
FAULT R=38401 -> T=38433  offset=+32  xor=0x00020  popcnt=1
FAULT R=38401 -> T=38440  offset=+39  xor=0x00029  popcnt=3
FAULT R=38401 -> T=38441  offset=+40  xor=0x00028  popcnt=2
FAULT R=38402 -> T=38406  offset=+4  xor=0x00004  popcnt=1
FAULT R=38402 -> T=38410  offset=+8  xor=0x00008  popcnt=1
FAULT R=38402 -> T=38414  offset=+12  xor=0x0000c  popcnt=2
FAULT R=38402 -> T=38434  offset=+32  xor=0x00020  popcnt=1
FAULT R=38402 -> T=38442  offset=+40  xor=0x00028  popcnt=2
FAULT R=38403 -> T=38402  offset=-1  xor=0x00001  popcnt=1
FAULT R=38403 -> T=38406  offset=+3  xor=0x00005  popcnt=2
FAULT R=38403 -> T=38407  offset=+4  xor=0x00004  popcnt=1
FAULT R=38403 -> T=38410  offset=+7  xor=0x00009  popcnt=2
FAULT R=38403 -> T=38411  offset=+8  xor=0x00008  popcnt=1
FAULT R=38403 -> T=38414  offset=+11  xor=0x0000d  popcnt=3
FAULT R=38403 -> T=38415  offset=+12  xor=0x0000c  popcnt=2
FAULT R=38403 -> T=38434  offset=+31  xor=0x00021  popcnt=2
FAULT R=38403 -> T=38435  offset=+32  xor=0x00020  popcnt=1
FAULT R=38403 -> T=38442  offset=+39  xor=0x00029  popcnt=3
FAULT R=38403 -> T=38443  offset=+40  xor=0x00028  popcnt=2
FAULT R=38404 -> T=38406  offset=+2  xor=0x00002  popcnt=1
FAULT R=38404 -> T=38412  offset=+8  xor=0x00008  popcnt=1
FAULT R=38404 -> T=38414  offset=+10  xor=0x0000a  popcnt=2
FAULT R=38405 -> T=38404  offset=-1  xor=0x00001  popcnt=1
FAULT R=38405 -> T=38406  offset=+1  xor=0x00003  popcnt=2
FAULT R=38405 -> T=38407  offset=+2  xor=0x00002  popcnt=1
FAULT R=38405 -> T=38412  offset=+7  xor=0x00009  popcnt=2
FAULT R=38405 -> T=38413  offset=+8  xor=0x00008  popcnt=1
FAULT R=38405 -> T=38414  offset=+9  xor=0x0000b  popcnt=3
FAULT R=38405 -> T=38415  offset=+10  xor=0x0000a  popcnt=2
FAULT R=38406 -> T=38414  offset=+8  xor=0x00008  popcnt=1
FAULT R=38407 -> T=38406  offset=-1  xor=0x00001  popcnt=1
FAULT R=38407 -> T=38414  offset=+7  xor=0x00009  popcnt=2
FAULT R=38407 -> T=38415  offset=+8  xor=0x00008  popcnt=1
FAULT R=38408 -> T=38414  offset=+6  xor=0x00006  popcnt=2
FAULT R=38408 -> T=38440  offset=+32  xor=0x00020  popcnt=1
FAULT R=38409 -> T=38408  offset=-1  xor=0x00001  popcnt=1
FAULT R=38409 -> T=38414  offset=+5  xor=0x00007  popcnt=3
FAULT R=38409 -> T=38415  offset=+6  xor=0x00006  popcnt=2
FAULT R=38409 -> T=38440  offset=+31  xor=0x00021  popcnt=2
FAULT R=38409 -> T=38441  offset=+32  xor=0x00020  popcnt=1
FAULT R=38410 -> T=38414  offset=+4  xor=0x00004  popcnt=1
FAULT R=38410 -> T=38442  offset=+32  xor=0x00020  popcnt=1
FAULT R=38411 -> T=38410  offset=-1  xor=0x00001  popcnt=1
FAULT R=38411 -> T=38414  offset=+3  xor=0x00005  popcnt=2
FAULT R=38411 -> T=38415  offset=+4  xor=0x00004  popcnt=1
FAULT R=38411 -> T=38442  offset=+31  xor=0x00021  popcnt=2
FAULT R=38411 -> T=38443  offset=+32  xor=0x00020  popcnt=1
FAULT R=38412 -> T=38414  offset=+2  xor=0x00002  popcnt=1
FAULT R=38413 -> T=38412  offset=-1  xor=0x00001  popcnt=1
FAULT R=38413 -> T=38414  offset=+1  xor=0x00003  popcnt=2
FAULT R=38413 -> T=38415  offset=+2  xor=0x00002  popcnt=1
FAULT R=38415 -> T=38414  offset=-1  xor=0x00001  popcnt=1
FAULT R=38416 -> T=38408  offset=-8  xor=0x00018  popcnt=2
FAULT R=38416 -> T=38414  offset=-2  xor=0x0001e  popcnt=4
FAULT R=38416 -> T=38422  offset=+6  xor=0x00006  popcnt=2
FAULT R=38416 -> T=38440  offset=+24  xor=0x00038  popcnt=3
FAULT R=38416 -> T=38448  offset=+32  xor=0x00020  popcnt=1
FAULT R=38416 -> T=38454  offset=+38  xor=0x00026  popcnt=3
FAULT R=38417 -> T=38408  offset=-9  xor=0x00019  popcnt=3
FAULT R=38417 -> T=38409  offset=-8  xor=0x00018  popcnt=2
FAULT R=38417 -> T=38414  offset=-3  xor=0x0001f  popcnt=5
FAULT R=38417 -> T=38415  offset=-2  xor=0x0001e  popcnt=4
FAULT R=38417 -> T=38416  offset=-1  xor=0x00001  popcnt=1
FAULT R=38417 -> T=38422  offset=+5  xor=0x00007  popcnt=3
FAULT R=38417 -> T=38423  offset=+6  xor=0x00006  popcnt=2
FAULT R=38417 -> T=38440  offset=+23  xor=0x00039  popcnt=4
FAULT R=38417 -> T=38441  offset=+24  xor=0x00038  popcnt=3
FAULT R=38417 -> T=38448  offset=+31  xor=0x00021  popcnt=2
FAULT R=38417 -> T=38449  offset=+32  xor=0x00020  popcnt=1
FAULT R=38417 -> T=38454  offset=+37  xor=0x00027  popcnt=4
FAULT R=38417 -> T=38455  offset=+38  xor=0x00026  popcnt=3
FAULT R=38418 -> T=38410  offset=-8  xor=0x00018  popcnt=2
FAULT R=38418 -> T=38414  offset=-4  xor=0x0001c  popcnt=3
FAULT R=38418 -> T=38422  offset=+4  xor=0x00004  popcnt=1
FAULT R=38418 -> T=38442  offset=+24  xor=0x00038  popcnt=3
FAULT R=38418 -> T=38450  offset=+32  xor=0x00020  popcnt=1
FAULT R=38418 -> T=38454  offset=+36  xor=0x00024  popcnt=2
FAULT R=38419 -> T=38410  offset=-9  xor=0x00019  popcnt=3
FAULT R=38419 -> T=38411  offset=-8  xor=0x00018  popcnt=2
FAULT R=38419 -> T=38414  offset=-5  xor=0x0001d  popcnt=4
FAULT R=38419 -> T=38415  offset=-4  xor=0x0001c  popcnt=3
FAULT R=38419 -> T=38418  offset=-1  xor=0x00001  popcnt=1
FAULT R=38419 -> T=38422  offset=+3  xor=0x00005  popcnt=2
FAULT R=38419 -> T=38423  offset=+4  xor=0x00004  popcnt=1
FAULT R=38419 -> T=38442  offset=+23  xor=0x00039  popcnt=4
FAULT R=38419 -> T=38443  offset=+24  xor=0x00038  popcnt=3
FAULT R=38419 -> T=38450  offset=+31  xor=0x00021  popcnt=2
FAULT R=38419 -> T=38451  offset=+32  xor=0x00020  popcnt=1
FAULT R=38419 -> T=38454  offset=+35  xor=0x00025  popcnt=3
FAULT R=38419 -> T=38455  offset=+36  xor=0x00024  popcnt=2
FAULT R=38420 -> T=38412  offset=-8  xor=0x00018  popcnt=2
FAULT R=38420 -> T=38414  offset=-6  xor=0x0001a  popcnt=3
FAULT R=38420 -> T=38422  offset=+2  xor=0x00002  popcnt=1
FAULT R=38420 -> T=38452  offset=+32  xor=0x00020  popcnt=1
FAULT R=38420 -> T=38454  offset=+34  xor=0x00022  popcnt=2
FAULT R=38421 -> T=38412  offset=-9  xor=0x00019  popcnt=3
FAULT R=38421 -> T=38413  offset=-8  xor=0x00018  popcnt=2
FAULT R=38421 -> T=38414  offset=-7  xor=0x0001b  popcnt=4
FAULT R=38421 -> T=38415  offset=-6  xor=0x0001a  popcnt=3
FAULT R=38421 -> T=38420  offset=-1  xor=0x00001  popcnt=1
FAULT R=38421 -> T=38422  offset=+1  xor=0x00003  popcnt=2
FAULT R=38421 -> T=38423  offset=+2  xor=0x00002  popcnt=1
FAULT R=38421 -> T=38452  offset=+31  xor=0x00021  popcnt=2
FAULT R=38421 -> T=38453  offset=+32  xor=0x00020  popcnt=1
FAULT R=38421 -> T=38454  offset=+33  xor=0x00023  popcnt=3
FAULT R=38421 -> T=38455  offset=+34  xor=0x00022  popcnt=2
FAULT R=38422 -> T=38414  offset=-8  xor=0x00018  popcnt=2
FAULT R=38422 -> T=38454  offset=+32  xor=0x00020  popcnt=1
FAULT R=38423 -> T=38414  offset=-9  xor=0x00019  popcnt=3
FAULT R=38423 -> T=38415  offset=-8  xor=0x00018  popcnt=2
FAULT R=38423 -> T=38422  offset=-1  xor=0x00001  popcnt=1
FAULT R=38423 -> T=38454  offset=+31  xor=0x00021  popcnt=2
FAULT R=38423 -> T=38455  offset=+32  xor=0x00020  popcnt=1
FAULT R=38424 -> T=38408  offset=-16  xor=0x00010  popcnt=1
FAULT R=38424 -> T=38414  offset=-10  xor=0x00016  popcnt=3
FAULT R=38424 -> T=38430  offset=+6  xor=0x00006  popcnt=2
FAULT R=38424 -> T=38440  offset=+16  xor=0x00030  popcnt=2
FAULT R=38424 -> T=38456  offset=+32  xor=0x00020  popcnt=1
FAULT R=38424 -> T=38462  offset=+38  xor=0x00026  popcnt=3
FAULT R=38425 -> T=38408  offset=-17  xor=0x00011  popcnt=2
FAULT R=38425 -> T=38409  offset=-16  xor=0x00010  popcnt=1
FAULT R=38425 -> T=38414  offset=-11  xor=0x00017  popcnt=4
FAULT R=38425 -> T=38415  offset=-10  xor=0x00016  popcnt=3
FAULT R=38425 -> T=38424  offset=-1  xor=0x00001  popcnt=1
FAULT R=38425 -> T=38430  offset=+5  xor=0x00007  popcnt=3
FAULT R=38425 -> T=38431  offset=+6  xor=0x00006  popcnt=2
FAULT R=38425 -> T=38440  offset=+15  xor=0x00031  popcnt=3
FAULT R=38425 -> T=38441  offset=+16  xor=0x00030  popcnt=2
FAULT R=38425 -> T=38456  offset=+31  xor=0x00021  popcnt=2
FAULT R=38425 -> T=38457  offset=+32  xor=0x00020  popcnt=1
FAULT R=38425 -> T=38462  offset=+37  xor=0x00027  popcnt=4
FAULT R=38425 -> T=38463  offset=+38  xor=0x00026  popcnt=3
FAULT R=38426 -> T=38410  offset=-16  xor=0x00010  popcnt=1
FAULT R=38426 -> T=38414  offset=-12  xor=0x00014  popcnt=2
FAULT R=38426 -> T=38430  offset=+4  xor=0x00004  popcnt=1
FAULT R=38426 -> T=38442  offset=+16  xor=0x00030  popcnt=2
FAULT R=38426 -> T=38458  offset=+32  xor=0x00020  popcnt=1
FAULT R=38426 -> T=38462  offset=+36  xor=0x00024  popcnt=2
FAULT R=38427 -> T=38410  offset=-17  xor=0x00011  popcnt=2
FAULT R=38427 -> T=38411  offset=-16  xor=0x00010  popcnt=1
FAULT R=38427 -> T=38414  offset=-13  xor=0x00015  popcnt=3
FAULT R=38427 -> T=38415  offset=-12  xor=0x00014  popcnt=2
FAULT R=38427 -> T=38426  offset=-1  xor=0x00001  popcnt=1
FAULT R=38427 -> T=38430  offset=+3  xor=0x00005  popcnt=2
FAULT R=38427 -> T=38431  offset=+4  xor=0x00004  popcnt=1
FAULT R=38427 -> T=38442  offset=+15  xor=0x00031  popcnt=3
FAULT R=38427 -> T=38443  offset=+16  xor=0x00030  popcnt=2
FAULT R=38427 -> T=38458  offset=+31  xor=0x00021  popcnt=2
FAULT R=38427 -> T=38459  offset=+32  xor=0x00020  popcnt=1
FAULT R=38427 -> T=38462  offset=+35  xor=0x00025  popcnt=3
FAULT R=38427 -> T=38463  offset=+36  xor=0x00024  popcnt=2
FAULT R=38428 -> T=38412  offset=-16  xor=0x00010  popcnt=1
FAULT R=38428 -> T=38414  offset=-14  xor=0x00012  popcnt=2
FAULT R=38428 -> T=38430  offset=+2  xor=0x00002  popcnt=1
FAULT R=38428 -> T=38460  offset=+32  xor=0x00020  popcnt=1
FAULT R=38428 -> T=38462  offset=+34  xor=0x00022  popcnt=2
FAULT R=38429 -> T=38412  offset=-17  xor=0x00011  popcnt=2
FAULT R=38429 -> T=38413  offset=-16  xor=0x00010  popcnt=1
FAULT R=38429 -> T=38414  offset=-15  xor=0x00013  popcnt=3
FAULT R=38429 -> T=38415  offset=-14  xor=0x00012  popcnt=2
FAULT R=38429 -> T=38428  offset=-1  xor=0x00001  popcnt=1
FAULT R=38429 -> T=38430  offset=+1  xor=0x00003  popcnt=2
FAULT R=38429 -> T=38431  offset=+2  xor=0x00002  popcnt=1
FAULT R=38429 -> T=38460  offset=+31  xor=0x00021  popcnt=2
FAULT R=38429 -> T=38461  offset=+32  xor=0x00020  popcnt=1
FAULT R=38429 -> T=38462  offset=+33  xor=0x00023  popcnt=3
FAULT R=38429 -> T=38463  offset=+34  xor=0x00022  popcnt=2
FAULT R=38430 -> T=38414  offset=-16  xor=0x00010  popcnt=1
FAULT R=38430 -> T=38462  offset=+32  xor=0x00020  popcnt=1
FAULT R=38431 -> T=38414  offset=-17  xor=0x00011  popcnt=2
FAULT R=38431 -> T=38415  offset=-16  xor=0x00010  popcnt=1
FAULT R=38431 -> T=38430  offset=-1  xor=0x00001  popcnt=1
FAULT R=38431 -> T=38462  offset=+31  xor=0x00021  popcnt=2
FAULT R=38431 -> T=38463  offset=+32  xor=0x00020  popcnt=1
FAULT R=38432 -> T=38440  offset=+8  xor=0x00008  popcnt=1
FAULT R=38433 -> T=38432  offset=-1  xor=0x00001  popcnt=1
FAULT R=38433 -> T=38440  offset=+7  xor=0x00009  popcnt=2
FAULT R=38433 -> T=38441  offset=+8  xor=0x00008  popcnt=1
FAULT R=38434 -> T=38442  offset=+8  xor=0x00008  popcnt=1
FAULT R=38435 -> T=38434  offset=-1  xor=0x00001  popcnt=1
FAULT R=38435 -> T=38442  offset=+7  xor=0x00009  popcnt=2
FAULT R=38435 -> T=38443  offset=+8  xor=0x00008  popcnt=1
FAULT R=38441 -> T=38440  offset=-1  xor=0x00001  popcnt=1
FAULT R=38443 -> T=38442  offset=-1  xor=0x00001  popcnt=1
FAULT R=38448 -> T=38440  offset=-8  xor=0x00018  popcnt=2
FAULT R=38448 -> T=38454  offset=+6  xor=0x00006  popcnt=2
FAULT R=38449 -> T=38440  offset=-9  xor=0x00019  popcnt=3
FAULT R=38449 -> T=38441  offset=-8  xor=0x00018  popcnt=2
FAULT R=38449 -> T=38448  offset=-1  xor=0x00001  popcnt=1
FAULT R=38449 -> T=38454  offset=+5  xor=0x00007  popcnt=3
FAULT R=38449 -> T=38455  offset=+6  xor=0x00006  popcnt=2
FAULT R=38450 -> T=38442  offset=-8  xor=0x00018  popcnt=2
FAULT R=38450 -> T=38454  offset=+4  xor=0x00004  popcnt=1
FAULT R=38451 -> T=38442  offset=-9  xor=0x00019  popcnt=3
FAULT R=38451 -> T=38443  offset=-8  xor=0x00018  popcnt=2
FAULT R=38451 -> T=38450  offset=-1  xor=0x00001  popcnt=1
FAULT R=38451 -> T=38454  offset=+3  xor=0x00005  popcnt=2
FAULT R=38451 -> T=38455  offset=+4  xor=0x00004  popcnt=1
FAULT R=38452 -> T=38454  offset=+2  xor=0x00002  popcnt=1
FAULT R=38453 -> T=38452  offset=-1  xor=0x00001  popcnt=1
FAULT R=38453 -> T=38454  offset=+1  xor=0x00003  popcnt=2
FAULT R=38453 -> T=38455  offset=+2  xor=0x00002  popcnt=1
FAULT R=38455 -> T=38454  offset=-1  xor=0x00001  popcnt=1
FAULT R=38456 -> T=38440  offset=-16  xor=0x00010  popcnt=1
FAULT R=38456 -> T=38462  offset=+6  xor=0x00006  popcnt=2
FAULT R=38457 -> T=38440  offset=-17  xor=0x00011  popcnt=2
FAULT R=38457 -> T=38441  offset=-16  xor=0x00010  popcnt=1
FAULT R=38457 -> T=38456  offset=-1  xor=0x00001  popcnt=1
FAULT R=38457 -> T=38462  offset=+5  xor=0x00007  popcnt=3
FAULT R=38457 -> T=38463  offset=+6  xor=0x00006  popcnt=2
FAULT R=38458 -> T=38442  offset=-16  xor=0x00010  popcnt=1
FAULT R=38458 -> T=38462  offset=+4  xor=0x00004  popcnt=1
FAULT R=38459 -> T=38442  offset=-17  xor=0x00011  popcnt=2
FAULT R=38459 -> T=38443  offset=-16  xor=0x00010  popcnt=1
FAULT R=38459 -> T=38458  offset=-1  xor=0x00001  popcnt=1
FAULT R=38459 -> T=38462  offset=+3  xor=0x00005  popcnt=2
FAULT R=38459 -> T=38463  offset=+4  xor=0x00004  popcnt=1
FAULT R=38460 -> T=38462  offset=+2  xor=0x00002  popcnt=1
FAULT R=38461 -> T=38460  offset=-1  xor=0x00001  popcnt=1
FAULT R=38461 -> T=38462  offset=+1  xor=0x00003  popcnt=2
FAULT R=38461 -> T=38463  offset=+2  xor=0x00002  popcnt=1
FAULT R=38463 -> T=38462  offset=-1  xor=0x00001  popcnt=1
FAULT R=38464 -> T=38432  offset=-32  xor=0x00060  popcnt=2
FAULT R=38464 -> T=38440  offset=-24  xor=0x00068  popcnt=3
FAULT R=38464 -> T=38470  offset=+6  xor=0x00006  popcnt=2
FAULT R=38464 -> T=38472  offset=+8  xor=0x00008  popcnt=1
FAULT R=38464 -> T=38478  offset=+14  xor=0x0000e  popcnt=3
FAULT R=38465 -> T=38432  offset=-33  xor=0x00061  popcnt=3
FAULT R=38465 -> T=38433  offset=-32  xor=0x00060  popcnt=2
FAULT R=38465 -> T=38440  offset=-25  xor=0x00069  popcnt=4
FAULT R=38465 -> T=38441  offset=-24  xor=0x00068  popcnt=3
FAULT R=38465 -> T=38464  offset=-1  xor=0x00001  popcnt=1
FAULT R=38465 -> T=38470  offset=+5  xor=0x00007  popcnt=3
FAULT R=38465 -> T=38471  offset=+6  xor=0x00006  popcnt=2
FAULT R=38465 -> T=38472  offset=+7  xor=0x00009  popcnt=2
FAULT R=38465 -> T=38473  offset=+8  xor=0x00008  popcnt=1
FAULT R=38465 -> T=38478  offset=+13  xor=0x0000f  popcnt=4
FAULT R=38465 -> T=38479  offset=+14  xor=0x0000e  popcnt=3
FAULT R=38466 -> T=38434  offset=-32  xor=0x00060  popcnt=2
FAULT R=38466 -> T=38442  offset=-24  xor=0x00068  popcnt=3
FAULT R=38466 -> T=38470  offset=+4  xor=0x00004  popcnt=1
FAULT R=38466 -> T=38474  offset=+8  xor=0x00008  popcnt=1
FAULT R=38466 -> T=38478  offset=+12  xor=0x0000c  popcnt=2
FAULT R=38467 -> T=38434  offset=-33  xor=0x00061  popcnt=3
FAULT R=38467 -> T=38435  offset=-32  xor=0x00060  popcnt=2
FAULT R=38467 -> T=38442  offset=-25  xor=0x00069  popcnt=4
FAULT R=38467 -> T=38443  offset=-24  xor=0x00068  popcnt=3
FAULT R=38467 -> T=38466  offset=-1  xor=0x00001  popcnt=1
FAULT R=38467 -> T=38470  offset=+3  xor=0x00005  popcnt=2
FAULT R=38467 -> T=38471  offset=+4  xor=0x00004  popcnt=1
FAULT R=38467 -> T=38474  offset=+7  xor=0x00009  popcnt=2
FAULT R=38467 -> T=38475  offset=+8  xor=0x00008  popcnt=1
FAULT R=38467 -> T=38478  offset=+11  xor=0x0000d  popcnt=3
FAULT R=38467 -> T=38479  offset=+12  xor=0x0000c  popcnt=2
FAULT R=38468 -> T=38470  offset=+2  xor=0x00002  popcnt=1
FAULT R=38468 -> T=38476  offset=+8  xor=0x00008  popcnt=1
FAULT R=38468 -> T=38478  offset=+10  xor=0x0000a  popcnt=2
FAULT R=38469 -> T=38468  offset=-1  xor=0x00001  popcnt=1
FAULT R=38469 -> T=38470  offset=+1  xor=0x00003  popcnt=2
FAULT R=38469 -> T=38471  offset=+2  xor=0x00002  popcnt=1
FAULT R=38469 -> T=38476  offset=+7  xor=0x00009  popcnt=2
FAULT R=38469 -> T=38477  offset=+8  xor=0x00008  popcnt=1
FAULT R=38469 -> T=38478  offset=+9  xor=0x0000b  popcnt=3
FAULT R=38469 -> T=38479  offset=+10  xor=0x0000a  popcnt=2
FAULT R=38470 -> T=38478  offset=+8  xor=0x00008  popcnt=1
FAULT R=38471 -> T=38470  offset=-1  xor=0x00001  popcnt=1
FAULT R=38471 -> T=38478  offset=+7  xor=0x00009  popcnt=2
FAULT R=38471 -> T=38479  offset=+8  xor=0x00008  popcnt=1
FAULT R=38472 -> T=38440  offset=-32  xor=0x00060  popcnt=2
FAULT R=38472 -> T=38478  offset=+6  xor=0x00006  popcnt=2
FAULT R=38473 -> T=38440  offset=-33  xor=0x00061  popcnt=3
FAULT R=38473 -> T=38441  offset=-32  xor=0x00060  popcnt=2
FAULT R=38473 -> T=38472  offset=-1  xor=0x00001  popcnt=1
FAULT R=38473 -> T=38478  offset=+5  xor=0x00007  popcnt=3
FAULT R=38473 -> T=38479  offset=+6  xor=0x00006  popcnt=2
FAULT R=38474 -> T=38442  offset=-32  xor=0x00060  popcnt=2
FAULT R=38474 -> T=38478  offset=+4  xor=0x00004  popcnt=1
FAULT R=38475 -> T=38442  offset=-33  xor=0x00061  popcnt=3
FAULT R=38475 -> T=38443  offset=-32  xor=0x00060  popcnt=2
FAULT R=38475 -> T=38474  offset=-1  xor=0x00001  popcnt=1
FAULT R=38475 -> T=38478  offset=+3  xor=0x00005  popcnt=2
FAULT R=38475 -> T=38479  offset=+4  xor=0x00004  popcnt=1
FAULT R=38476 -> T=38478  offset=+2  xor=0x00002  popcnt=1
FAULT R=38477 -> T=38476  offset=-1  xor=0x00001  popcnt=1
FAULT R=38477 -> T=38478  offset=+1  xor=0x00003  popcnt=2
FAULT R=38477 -> T=38479  offset=+2  xor=0x00002  popcnt=1
FAULT R=38479 -> T=38478  offset=-1  xor=0x00001  popcnt=1
FAULT R=38480 -> T=38440  offset=-40  xor=0x00078  popcnt=4
FAULT R=38480 -> T=38448  offset=-32  xor=0x00060  popcnt=2
FAULT R=38480 -> T=38454  offset=-26  xor=0x00066  popcnt=4
FAULT R=38480 -> T=38472  offset=-8  xor=0x00018  popcnt=2
FAULT R=38480 -> T=38478  offset=-2  xor=0x0001e  popcnt=4
FAULT R=38480 -> T=38486  offset=+6  xor=0x00006  popcnt=2
FAULT R=38481 -> T=38440  offset=-41  xor=0x00079  popcnt=5
FAULT R=38481 -> T=38441  offset=-40  xor=0x00078  popcnt=4
FAULT R=38481 -> T=38448  offset=-33  xor=0x00061  popcnt=3
FAULT R=38481 -> T=38449  offset=-32  xor=0x00060  popcnt=2
FAULT R=38481 -> T=38454  offset=-27  xor=0x00067  popcnt=5
FAULT R=38481 -> T=38455  offset=-26  xor=0x00066  popcnt=4
FAULT R=38481 -> T=38472  offset=-9  xor=0x00019  popcnt=3
FAULT R=38481 -> T=38473  offset=-8  xor=0x00018  popcnt=2
FAULT R=38481 -> T=38478  offset=-3  xor=0x0001f  popcnt=5
FAULT R=38481 -> T=38479  offset=-2  xor=0x0001e  popcnt=4
FAULT R=38481 -> T=38480  offset=-1  xor=0x00001  popcnt=1
FAULT R=38481 -> T=38486  offset=+5  xor=0x00007  popcnt=3
FAULT R=38481 -> T=38487  offset=+6  xor=0x00006  popcnt=2
FAULT R=38482 -> T=38442  offset=-40  xor=0x00078  popcnt=4
FAULT R=38482 -> T=38450  offset=-32  xor=0x00060  popcnt=2
FAULT R=38482 -> T=38454  offset=-28  xor=0x00064  popcnt=3
FAULT R=38482 -> T=38474  offset=-8  xor=0x00018  popcnt=2
FAULT R=38482 -> T=38478  offset=-4  xor=0x0001c  popcnt=3
FAULT R=38482 -> T=38486  offset=+4  xor=0x00004  popcnt=1
FAULT R=38483 -> T=38442  offset=-41  xor=0x00079  popcnt=5
FAULT R=38483 -> T=38443  offset=-40  xor=0x00078  popcnt=4
FAULT R=38483 -> T=38450  offset=-33  xor=0x00061  popcnt=3
FAULT R=38483 -> T=38451  offset=-32  xor=0x00060  popcnt=2
FAULT R=38483 -> T=38454  offset=-29  xor=0x00065  popcnt=4
FAULT R=38483 -> T=38455  offset=-28  xor=0x00064  popcnt=3
FAULT R=38483 -> T=38474  offset=-9  xor=0x00019  popcnt=3
FAULT R=38483 -> T=38475  offset=-8  xor=0x00018  popcnt=2
FAULT R=38483 -> T=38478  offset=-5  xor=0x0001d  popcnt=4
FAULT R=38483 -> T=38479  offset=-4  xor=0x0001c  popcnt=3
FAULT R=38483 -> T=38482  offset=-1  xor=0x00001  popcnt=1
FAULT R=38483 -> T=38486  offset=+3  xor=0x00005  popcnt=2
FAULT R=38483 -> T=38487  offset=+4  xor=0x00004  popcnt=1
FAULT R=38484 -> T=38452  offset=-32  xor=0x00060  popcnt=2
FAULT R=38484 -> T=38454  offset=-30  xor=0x00062  popcnt=3
FAULT R=38484 -> T=38476  offset=-8  xor=0x00018  popcnt=2
FAULT R=38484 -> T=38478  offset=-6  xor=0x0001a  popcnt=3
FAULT R=38484 -> T=38486  offset=+2  xor=0x00002  popcnt=1
FAULT R=38485 -> T=38452  offset=-33  xor=0x00061  popcnt=3
FAULT R=38485 -> T=38453  offset=-32  xor=0x00060  popcnt=2
FAULT R=38485 -> T=38454  offset=-31  xor=0x00063  popcnt=4
FAULT R=38485 -> T=38455  offset=-30  xor=0x00062  popcnt=3
FAULT R=38485 -> T=38476  offset=-9  xor=0x00019  popcnt=3
FAULT R=38485 -> T=38477  offset=-8  xor=0x00018  popcnt=2
FAULT R=38485 -> T=38478  offset=-7  xor=0x0001b  popcnt=4
FAULT R=38485 -> T=38479  offset=-6  xor=0x0001a  popcnt=3
FAULT R=38485 -> T=38484  offset=-1  xor=0x00001  popcnt=1
FAULT R=38485 -> T=38486  offset=+1  xor=0x00003  popcnt=2
FAULT R=38485 -> T=38487  offset=+2  xor=0x00002  popcnt=1
FAULT R=38486 -> T=38454  offset=-32  xor=0x00060  popcnt=2
FAULT R=38486 -> T=38478  offset=-8  xor=0x00018  popcnt=2
FAULT R=38487 -> T=38454  offset=-33  xor=0x00061  popcnt=3
FAULT R=38487 -> T=38455  offset=-32  xor=0x00060  popcnt=2
FAULT R=38487 -> T=38478  offset=-9  xor=0x00019  popcnt=3
FAULT R=38487 -> T=38479  offset=-8  xor=0x00018  popcnt=2
FAULT R=38487 -> T=38486  offset=-1  xor=0x00001  popcnt=1
FAULT R=38488 -> T=38440  offset=-48  xor=0x00070  popcnt=3
FAULT R=38488 -> T=38456  offset=-32  xor=0x00060  popcnt=2
FAULT R=38488 -> T=38462  offset=-26  xor=0x00066  popcnt=4
FAULT R=38488 -> T=38472  offset=-16  xor=0x00010  popcnt=1
FAULT R=38488 -> T=38478  offset=-10  xor=0x00016  popcnt=3
FAULT R=38488 -> T=38494  offset=+6  xor=0x00006  popcnt=2
FAULT R=38489 -> T=38440  offset=-49  xor=0x00071  popcnt=4
FAULT R=38489 -> T=38441  offset=-48  xor=0x00070  popcnt=3
FAULT R=38489 -> T=38456  offset=-33  xor=0x00061  popcnt=3
FAULT R=38489 -> T=38457  offset=-32  xor=0x00060  popcnt=2
FAULT R=38489 -> T=38462  offset=-27  xor=0x00067  popcnt=5
FAULT R=38489 -> T=38463  offset=-26  xor=0x00066  popcnt=4
FAULT R=38489 -> T=38472  offset=-17  xor=0x00011  popcnt=2
FAULT R=38489 -> T=38473  offset=-16  xor=0x00010  popcnt=1
FAULT R=38489 -> T=38478  offset=-11  xor=0x00017  popcnt=4
FAULT R=38489 -> T=38479  offset=-10  xor=0x00016  popcnt=3
FAULT R=38489 -> T=38488  offset=-1  xor=0x00001  popcnt=1
FAULT R=38489 -> T=38494  offset=+5  xor=0x00007  popcnt=3
FAULT R=38489 -> T=38495  offset=+6  xor=0x00006  popcnt=2
FAULT R=38490 -> T=38442  offset=-48  xor=0x00070  popcnt=3
FAULT R=38490 -> T=38458  offset=-32  xor=0x00060  popcnt=2
FAULT R=38490 -> T=38462  offset=-28  xor=0x00064  popcnt=3
FAULT R=38490 -> T=38474  offset=-16  xor=0x00010  popcnt=1
FAULT R=38490 -> T=38478  offset=-12  xor=0x00014  popcnt=2
FAULT R=38490 -> T=38494  offset=+4  xor=0x00004  popcnt=1
FAULT R=38491 -> T=38442  offset=-49  xor=0x00071  popcnt=4
FAULT R=38491 -> T=38443  offset=-48  xor=0x00070  popcnt=3
FAULT R=38491 -> T=38458  offset=-33  xor=0x00061  popcnt=3
FAULT R=38491 -> T=38459  offset=-32  xor=0x00060  popcnt=2
FAULT R=38491 -> T=38462  offset=-29  xor=0x00065  popcnt=4
FAULT R=38491 -> T=38463  offset=-28  xor=0x00064  popcnt=3
FAULT R=38491 -> T=38474  offset=-17  xor=0x00011  popcnt=2
FAULT R=38491 -> T=38475  offset=-16  xor=0x00010  popcnt=1
FAULT R=38491 -> T=38478  offset=-13  xor=0x00015  popcnt=3
FAULT R=38491 -> T=38479  offset=-12  xor=0x00014  popcnt=2
FAULT R=38491 -> T=38490  offset=-1  xor=0x00001  popcnt=1
FAULT R=38491 -> T=38494  offset=+3  xor=0x00005  popcnt=2
FAULT R=38491 -> T=38495  offset=+4  xor=0x00004  popcnt=1
FAULT R=38492 -> T=38460  offset=-32  xor=0x00060  popcnt=2
FAULT R=38492 -> T=38462  offset=-30  xor=0x00062  popcnt=3
FAULT R=38492 -> T=38476  offset=-16  xor=0x00010  popcnt=1
FAULT R=38492 -> T=38478  offset=-14  xor=0x00012  popcnt=2
FAULT R=38492 -> T=38494  offset=+2  xor=0x00002  popcnt=1
FAULT R=38493 -> T=38460  offset=-33  xor=0x00061  popcnt=3
FAULT R=38493 -> T=38461  offset=-32  xor=0x00060  popcnt=2
FAULT R=38493 -> T=38462  offset=-31  xor=0x00063  popcnt=4
FAULT R=38493 -> T=38463  offset=-30  xor=0x00062  popcnt=3
FAULT R=38493 -> T=38476  offset=-17  xor=0x00011  popcnt=2
FAULT R=38493 -> T=38477  offset=-16  xor=0x00010  popcnt=1
FAULT R=38493 -> T=38478  offset=-15  xor=0x00013  popcnt=3
FAULT R=38493 -> T=38479  offset=-14  xor=0x00012  popcnt=2
FAULT R=38493 -> T=38492  offset=-1  xor=0x00001  popcnt=1
FAULT R=38493 -> T=38494  offset=+1  xor=0x00003  popcnt=2
FAULT R=38493 -> T=38495  offset=+2  xor=0x00002  popcnt=1
FAULT R=38494 -> T=38462  offset=-32  xor=0x00060  popcnt=2
FAULT R=38494 -> T=38478  offset=-16  xor=0x00010  popcnt=1
FAULT R=38495 -> T=38462  offset=-33  xor=0x00061  popcnt=3
FAULT R=38495 -> T=38463  offset=-32  xor=0x00060  popcnt=2
FAULT R=38495 -> T=38478  offset=-17  xor=0x00011  popcnt=2
FAULT R=38495 -> T=38479  offset=-16  xor=0x00010  popcnt=1
FAULT R=38495 -> T=38494  offset=-1  xor=0x00001  popcnt=1
FAULT R=38496 -> T=38432  offset=-64  xor=0x00040  popcnt=1
FAULT R=38496 -> T=38440  offset=-56  xor=0x00048  popcnt=2
FAULT R=38496 -> T=38504  offset=+8  xor=0x00008  popcnt=1
FAULT R=38497 -> T=38432  offset=-65  xor=0x00041  popcnt=2
FAULT R=38497 -> T=38433  offset=-64  xor=0x00040  popcnt=1
FAULT R=38497 -> T=38440  offset=-57  xor=0x00049  popcnt=3
FAULT R=38497 -> T=38441  offset=-56  xor=0x00048  popcnt=2
FAULT R=38497 -> T=38496  offset=-1  xor=0x00001  popcnt=1
FAULT R=38497 -> T=38504  offset=+7  xor=0x00009  popcnt=2
FAULT R=38497 -> T=38505  offset=+8  xor=0x00008  popcnt=1
FAULT R=38498 -> T=38434  offset=-64  xor=0x00040  popcnt=1
FAULT R=38498 -> T=38442  offset=-56  xor=0x00048  popcnt=2
FAULT R=38498 -> T=38506  offset=+8  xor=0x00008  popcnt=1
FAULT R=38499 -> T=38434  offset=-65  xor=0x00041  popcnt=2
FAULT R=38499 -> T=38435  offset=-64  xor=0x00040  popcnt=1
FAULT R=38499 -> T=38442  offset=-57  xor=0x00049  popcnt=3
FAULT R=38499 -> T=38443  offset=-56  xor=0x00048  popcnt=2
FAULT R=38499 -> T=38498  offset=-1  xor=0x00001  popcnt=1
FAULT R=38499 -> T=38506  offset=+7  xor=0x00009  popcnt=2
FAULT R=38499 -> T=38507  offset=+8  xor=0x00008  popcnt=1
FAULT R=38504 -> T=38440  offset=-64  xor=0x00040  popcnt=1
FAULT R=38505 -> T=38440  offset=-65  xor=0x00041  popcnt=2
FAULT R=38505 -> T=38441  offset=-64  xor=0x00040  popcnt=1
FAULT R=38505 -> T=38504  offset=-1  xor=0x00001  popcnt=1
FAULT R=38506 -> T=38442  offset=-64  xor=0x00040  popcnt=1
FAULT R=38507 -> T=38442  offset=-65  xor=0x00041  popcnt=2
FAULT R=38507 -> T=38443  offset=-64  xor=0x00040  popcnt=1
FAULT R=38507 -> T=38506  offset=-1  xor=0x00001  popcnt=1
FAULT R=38512 -> T=38440  offset=-72  xor=0x00058  popcnt=3
FAULT R=38512 -> T=38448  offset=-64  xor=0x00040  popcnt=1
FAULT R=38512 -> T=38454  offset=-58  xor=0x00046  popcnt=3
FAULT R=38512 -> T=38504  offset=-8  xor=0x00018  popcnt=2
FAULT R=38512 -> T=38518  offset=+6  xor=0x00006  popcnt=2
FAULT R=38513 -> T=38440  offset=-73  xor=0x00059  popcnt=4
FAULT R=38513 -> T=38441  offset=-72  xor=0x00058  popcnt=3
FAULT R=38513 -> T=38448  offset=-65  xor=0x00041  popcnt=2
FAULT R=38513 -> T=38449  offset=-64  xor=0x00040  popcnt=1
FAULT R=38513 -> T=38454  offset=-59  xor=0x00047  popcnt=4
FAULT R=38513 -> T=38455  offset=-58  xor=0x00046  popcnt=3
FAULT R=38513 -> T=38504  offset=-9  xor=0x00019  popcnt=3
FAULT R=38513 -> T=38505  offset=-8  xor=0x00018  popcnt=2
FAULT R=38513 -> T=38512  offset=-1  xor=0x00001  popcnt=1
FAULT R=38513 -> T=38518  offset=+5  xor=0x00007  popcnt=3
FAULT R=38513 -> T=38519  offset=+6  xor=0x00006  popcnt=2
FAULT R=38514 -> T=38442  offset=-72  xor=0x00058  popcnt=3
FAULT R=38514 -> T=38450  offset=-64  xor=0x00040  popcnt=1
FAULT R=38514 -> T=38454  offset=-60  xor=0x00044  popcnt=2
FAULT R=38514 -> T=38506  offset=-8  xor=0x00018  popcnt=2
FAULT R=38514 -> T=38518  offset=+4  xor=0x00004  popcnt=1
FAULT R=38515 -> T=38442  offset=-73  xor=0x00059  popcnt=4
FAULT R=38515 -> T=38443  offset=-72  xor=0x00058  popcnt=3
FAULT R=38515 -> T=38450  offset=-65  xor=0x00041  popcnt=2
FAULT R=38515 -> T=38451  offset=-64  xor=0x00040  popcnt=1
FAULT R=38515 -> T=38454  offset=-61  xor=0x00045  popcnt=3
FAULT R=38515 -> T=38455  offset=-60  xor=0x00044  popcnt=2
FAULT R=38515 -> T=38506  offset=-9  xor=0x00019  popcnt=3
FAULT R=38515 -> T=38507  offset=-8  xor=0x00018  popcnt=2
FAULT R=38515 -> T=38514  offset=-1  xor=0x00001  popcnt=1
FAULT R=38515 -> T=38518  offset=+3  xor=0x00005  popcnt=2
FAULT R=38515 -> T=38519  offset=+4  xor=0x00004  popcnt=1
FAULT R=38516 -> T=38452  offset=-64  xor=0x00040  popcnt=1
FAULT R=38516 -> T=38454  offset=-62  xor=0x00042  popcnt=2
FAULT R=38516 -> T=38518  offset=+2  xor=0x00002  popcnt=1
FAULT R=38517 -> T=38452  offset=-65  xor=0x00041  popcnt=2
FAULT R=38517 -> T=38453  offset=-64  xor=0x00040  popcnt=1
FAULT R=38517 -> T=38454  offset=-63  xor=0x00043  popcnt=3
FAULT R=38517 -> T=38455  offset=-62  xor=0x00042  popcnt=2
FAULT R=38517 -> T=38516  offset=-1  xor=0x00001  popcnt=1
FAULT R=38517 -> T=38518  offset=+1  xor=0x00003  popcnt=2
FAULT R=38517 -> T=38519  offset=+2  xor=0x00002  popcnt=1
FAULT R=38518 -> T=38454  offset=-64  xor=0x00040  popcnt=1
FAULT R=38519 -> T=38454  offset=-65  xor=0x00041  popcnt=2
FAULT R=38519 -> T=38455  offset=-64  xor=0x00040  popcnt=1
FAULT R=38519 -> T=38518  offset=-1  xor=0x00001  popcnt=1
FAULT R=38520 -> T=38440  offset=-80  xor=0x00050  popcnt=2
FAULT R=38520 -> T=38456  offset=-64  xor=0x00040  popcnt=1
FAULT R=38520 -> T=38462  offset=-58  xor=0x00046  popcnt=3
FAULT R=38520 -> T=38504  offset=-16  xor=0x00010  popcnt=1
FAULT R=38520 -> T=38526  offset=+6  xor=0x00006  popcnt=2
FAULT R=38521 -> T=38440  offset=-81  xor=0x00051  popcnt=3
FAULT R=38521 -> T=38441  offset=-80  xor=0x00050  popcnt=2
FAULT R=38521 -> T=38456  offset=-65  xor=0x00041  popcnt=2
FAULT R=38521 -> T=38457  offset=-64  xor=0x00040  popcnt=1
FAULT R=38521 -> T=38462  offset=-59  xor=0x00047  popcnt=4
FAULT R=38521 -> T=38463  offset=-58  xor=0x00046  popcnt=3
FAULT R=38521 -> T=38504  offset=-17  xor=0x00011  popcnt=2
FAULT R=38521 -> T=38505  offset=-16  xor=0x00010  popcnt=1
FAULT R=38521 -> T=38520  offset=-1  xor=0x00001  popcnt=1
FAULT R=38521 -> T=38526  offset=+5  xor=0x00007  popcnt=3
FAULT R=38521 -> T=38527  offset=+6  xor=0x00006  popcnt=2
FAULT R=38522 -> T=38442  offset=-80  xor=0x00050  popcnt=2
FAULT R=38522 -> T=38458  offset=-64  xor=0x00040  popcnt=1
FAULT R=38522 -> T=38462  offset=-60  xor=0x00044  popcnt=2
FAULT R=38522 -> T=38506  offset=-16  xor=0x00010  popcnt=1
FAULT R=38522 -> T=38526  offset=+4  xor=0x00004  popcnt=1
FAULT R=38523 -> T=38442  offset=-81  xor=0x00051  popcnt=3
FAULT R=38523 -> T=38443  offset=-80  xor=0x00050  popcnt=2
FAULT R=38523 -> T=38458  offset=-65  xor=0x00041  popcnt=2
FAULT R=38523 -> T=38459  offset=-64  xor=0x00040  popcnt=1
FAULT R=38523 -> T=38462  offset=-61  xor=0x00045  popcnt=3
FAULT R=38523 -> T=38463  offset=-60  xor=0x00044  popcnt=2
FAULT R=38523 -> T=38506  offset=-17  xor=0x00011  popcnt=2
FAULT R=38523 -> T=38507  offset=-16  xor=0x00010  popcnt=1
FAULT R=38523 -> T=38522  offset=-1  xor=0x00001  popcnt=1
FAULT R=38523 -> T=38526  offset=+3  xor=0x00005  popcnt=2
FAULT R=38523 -> T=38527  offset=+4  xor=0x00004  popcnt=1
FAULT R=38524 -> T=38460  offset=-64  xor=0x00040  popcnt=1
FAULT R=38524 -> T=38462  offset=-62  xor=0x00042  popcnt=2
FAULT R=38524 -> T=38526  offset=+2  xor=0x00002  popcnt=1
FAULT R=38525 -> T=38460  offset=-65  xor=0x00041  popcnt=2
FAULT R=38525 -> T=38461  offset=-64  xor=0x00040  popcnt=1
FAULT R=38525 -> T=38462  offset=-63  xor=0x00043  popcnt=3
FAULT R=38525 -> T=38463  offset=-62  xor=0x00042  popcnt=2
FAULT R=38525 -> T=38524  offset=-1  xor=0x00001  popcnt=1
FAULT R=38525 -> T=38526  offset=+1  xor=0x00003  popcnt=2
FAULT R=38525 -> T=38527  offset=+2  xor=0x00002  popcnt=1
FAULT R=38526 -> T=38462  offset=-64  xor=0x00040  popcnt=1
FAULT R=38527 -> T=38462  offset=-65  xor=0x00041  popcnt=2
FAULT R=38527 -> T=38463  offset=-64  xor=0x00040  popcnt=1
FAULT R=38527 -> T=38526  offset=-1  xor=0x00001  popcnt=1
FAULT R=38528 -> T=38400  offset=-128  xor=0x00080  popcnt=1
FAULT R=38528 -> T=38406  offset=-122  xor=0x00086  popcnt=3
FAULT R=38528 -> T=38408  offset=-120  xor=0x00088  popcnt=2
FAULT R=38528 -> T=38414  offset=-114  xor=0x0008e  popcnt=4
FAULT R=38528 -> T=38432  offset=-96  xor=0x000a0  popcnt=2
FAULT R=38528 -> T=38440  offset=-88  xor=0x000a8  popcnt=3
FAULT R=38528 -> T=38534  offset=+6  xor=0x00006  popcnt=2
FAULT R=38528 -> T=38536  offset=+8  xor=0x00008  popcnt=1
FAULT R=38528 -> T=38542  offset=+14  xor=0x0000e  popcnt=3
FAULT R=38528 -> T=38560  offset=+32  xor=0x00020  popcnt=1
FAULT R=38528 -> T=38566  offset=+38  xor=0x00026  popcnt=3
FAULT R=38528 -> T=38568  offset=+40  xor=0x00028  popcnt=2
FAULT R=38528 -> T=38574  offset=+46  xor=0x0002e  popcnt=4
FAULT R=38530 -> T=38402  offset=-128  xor=0x00080  popcnt=1
FAULT R=38530 -> T=38406  offset=-124  xor=0x00084  popcnt=2
FAULT R=38530 -> T=38410  offset=-120  xor=0x00088  popcnt=2
FAULT R=38530 -> T=38414  offset=-116  xor=0x0008c  popcnt=3
FAULT R=38530 -> T=38434  offset=-96  xor=0x000a0  popcnt=2
FAULT R=38530 -> T=38442  offset=-88  xor=0x000a8  popcnt=3
FAULT R=38530 -> T=38534  offset=+4  xor=0x00004  popcnt=1
FAULT R=38530 -> T=38538  offset=+8  xor=0x00008  popcnt=1
FAULT R=38530 -> T=38542  offset=+12  xor=0x0000c  popcnt=2
FAULT R=38530 -> T=38562  offset=+32  xor=0x00020  popcnt=1
FAULT R=38530 -> T=38566  offset=+36  xor=0x00024  popcnt=2
FAULT R=38530 -> T=38570  offset=+40  xor=0x00028  popcnt=2
FAULT R=38530 -> T=38574  offset=+44  xor=0x0002c  popcnt=3
FAULT R=38532 -> T=38404  offset=-128  xor=0x00080  popcnt=1
FAULT R=38532 -> T=38406  offset=-126  xor=0x00082  popcnt=2
FAULT R=38532 -> T=38412  offset=-120  xor=0x00088  popcnt=2
FAULT R=38532 -> T=38414  offset=-118  xor=0x0008a  popcnt=3
FAULT R=38532 -> T=38534  offset=+2  xor=0x00002  popcnt=1
FAULT R=38532 -> T=38540  offset=+8  xor=0x00008  popcnt=1
FAULT R=38532 -> T=38542  offset=+10  xor=0x0000a  popcnt=2
FAULT R=38532 -> T=38564  offset=+32  xor=0x00020  popcnt=1
FAULT R=38532 -> T=38566  offset=+34  xor=0x00022  popcnt=2
FAULT R=38532 -> T=38572  offset=+40  xor=0x00028  popcnt=2
FAULT R=38532 -> T=38574  offset=+42  xor=0x0002a  popcnt=3
FAULT R=38534 -> T=38406  offset=-128  xor=0x00080  popcnt=1
FAULT R=38534 -> T=38414  offset=-120  xor=0x00088  popcnt=2
FAULT R=38534 -> T=38542  offset=+8  xor=0x00008  popcnt=1
FAULT R=38534 -> T=38566  offset=+32  xor=0x00020  popcnt=1
FAULT R=38534 -> T=38574  offset=+40  xor=0x00028  popcnt=2
FAULT R=38535 -> T=38406  offset=-129  xor=0x00081  popcnt=2
FAULT R=38535 -> T=38407  offset=-128  xor=0x00080  popcnt=1
FAULT R=38535 -> T=38414  offset=-121  xor=0x00089  popcnt=3
FAULT R=38535 -> T=38415  offset=-120  xor=0x00088  popcnt=2
FAULT R=38535 -> T=38534  offset=-1  xor=0x00001  popcnt=1
FAULT R=38535 -> T=38542  offset=+7  xor=0x00009  popcnt=2
FAULT R=38535 -> T=38543  offset=+8  xor=0x00008  popcnt=1
FAULT R=38535 -> T=38566  offset=+31  xor=0x00021  popcnt=2
FAULT R=38535 -> T=38567  offset=+32  xor=0x00020  popcnt=1
FAULT R=38535 -> T=38574  offset=+39  xor=0x00029  popcnt=3
FAULT R=38535 -> T=38575  offset=+40  xor=0x00028  popcnt=2
FAULT R=38536 -> T=38408  offset=-128  xor=0x00080  popcnt=1
FAULT R=38536 -> T=38414  offset=-122  xor=0x00086  popcnt=3
FAULT R=38536 -> T=38440  offset=-96  xor=0x000a0  popcnt=2
FAULT R=38536 -> T=38542  offset=+6  xor=0x00006  popcnt=2
FAULT R=38536 -> T=38568  offset=+32  xor=0x00020  popcnt=1
FAULT R=38536 -> T=38574  offset=+38  xor=0x00026  popcnt=3
FAULT R=38537 -> T=38408  offset=-129  xor=0x00081  popcnt=2
FAULT R=38537 -> T=38409  offset=-128  xor=0x00080  popcnt=1
FAULT R=38537 -> T=38414  offset=-123  xor=0x00087  popcnt=4
FAULT R=38537 -> T=38415  offset=-122  xor=0x00086  popcnt=3
FAULT R=38537 -> T=38440  offset=-97  xor=0x000a1  popcnt=3
FAULT R=38537 -> T=38441  offset=-96  xor=0x000a0  popcnt=2
FAULT R=38537 -> T=38536  offset=-1  xor=0x00001  popcnt=1
FAULT R=38537 -> T=38542  offset=+5  xor=0x00007  popcnt=3
FAULT R=38537 -> T=38543  offset=+6  xor=0x00006  popcnt=2
FAULT R=38537 -> T=38568  offset=+31  xor=0x00021  popcnt=2
FAULT R=38537 -> T=38569  offset=+32  xor=0x00020  popcnt=1
FAULT R=38537 -> T=38574  offset=+37  xor=0x00027  popcnt=4
FAULT R=38537 -> T=38575  offset=+38  xor=0x00026  popcnt=3
FAULT R=38538 -> T=38410  offset=-128  xor=0x00080  popcnt=1
FAULT R=38538 -> T=38414  offset=-124  xor=0x00084  popcnt=2
FAULT R=38538 -> T=38442  offset=-96  xor=0x000a0  popcnt=2
FAULT R=38538 -> T=38542  offset=+4  xor=0x00004  popcnt=1
FAULT R=38538 -> T=38570  offset=+32  xor=0x00020  popcnt=1
FAULT R=38538 -> T=38574  offset=+36  xor=0x00024  popcnt=2
FAULT R=38539 -> T=38410  offset=-129  xor=0x00081  popcnt=2
FAULT R=38539 -> T=38411  offset=-128  xor=0x00080  popcnt=1
FAULT R=38539 -> T=38414  offset=-125  xor=0x00085  popcnt=3
FAULT R=38539 -> T=38415  offset=-124  xor=0x00084  popcnt=2
FAULT R=38539 -> T=38442  offset=-97  xor=0x000a1  popcnt=3
FAULT R=38539 -> T=38443  offset=-96  xor=0x000a0  popcnt=2
FAULT R=38539 -> T=38538  offset=-1  xor=0x00001  popcnt=1
FAULT R=38539 -> T=38542  offset=+3  xor=0x00005  popcnt=2
FAULT R=38539 -> T=38543  offset=+4  xor=0x00004  popcnt=1
FAULT R=38539 -> T=38570  offset=+31  xor=0x00021  popcnt=2
FAULT R=38539 -> T=38571  offset=+32  xor=0x00020  popcnt=1
FAULT R=38539 -> T=38574  offset=+35  xor=0x00025  popcnt=3
FAULT R=38539 -> T=38575  offset=+36  xor=0x00024  popcnt=2
FAULT R=38540 -> T=38412  offset=-128  xor=0x00080  popcnt=1
FAULT R=38540 -> T=38414  offset=-126  xor=0x00082  popcnt=2
FAULT R=38540 -> T=38542  offset=+2  xor=0x00002  popcnt=1
FAULT R=38540 -> T=38572  offset=+32  xor=0x00020  popcnt=1
FAULT R=38540 -> T=38574  offset=+34  xor=0x00022  popcnt=2
FAULT R=38541 -> T=38412  offset=-129  xor=0x00081  popcnt=2
FAULT R=38541 -> T=38413  offset=-128  xor=0x00080  popcnt=1
FAULT R=38541 -> T=38414  offset=-127  xor=0x00083  popcnt=3
FAULT R=38541 -> T=38415  offset=-126  xor=0x00082  popcnt=2
FAULT R=38541 -> T=38540  offset=-1  xor=0x00001  popcnt=1
FAULT R=38541 -> T=38542  offset=+1  xor=0x00003  popcnt=2
FAULT R=38541 -> T=38543  offset=+2  xor=0x00002  popcnt=1
FAULT R=38541 -> T=38572  offset=+31  xor=0x00021  popcnt=2
FAULT R=38541 -> T=38573  offset=+32  xor=0x00020  popcnt=1
FAULT R=38541 -> T=38574  offset=+33  xor=0x00023  popcnt=3
FAULT R=38541 -> T=38575  offset=+34  xor=0x00022  popcnt=2
FAULT R=38542 -> T=38414  offset=-128  xor=0x00080  popcnt=1
FAULT R=38542 -> T=38574  offset=+32  xor=0x00020  popcnt=1
FAULT R=38543 -> T=38414  offset=-129  xor=0x00081  popcnt=2
FAULT R=38543 -> T=38415  offset=-128  xor=0x00080  popcnt=1
FAULT R=38543 -> T=38542  offset=-1  xor=0x00001  popcnt=1
FAULT R=38543 -> T=38574  offset=+31  xor=0x00021  popcnt=2
FAULT R=38543 -> T=38575  offset=+32  xor=0x00020  popcnt=1
FAULT R=38544 -> T=38408  offset=-136  xor=0x00098  popcnt=3
FAULT R=38544 -> T=38414  offset=-130  xor=0x0009e  popcnt=5
FAULT R=38544 -> T=38416  offset=-128  xor=0x00080  popcnt=1
FAULT R=38544 -> T=38422  offset=-122  xor=0x00086  popcnt=3
FAULT R=38544 -> T=38440  offset=-104  xor=0x000b8  popcnt=4
FAULT R=38544 -> T=38448  offset=-96  xor=0x000a0  popcnt=2
FAULT R=38544 -> T=38454  offset=-90  xor=0x000a6  popcnt=4
FAULT R=38544 -> T=38536  offset=-8  xor=0x00018  popcnt=2
FAULT R=38544 -> T=38542  offset=-2  xor=0x0001e  popcnt=4
FAULT R=38544 -> T=38550  offset=+6  xor=0x00006  popcnt=2
FAULT R=38544 -> T=38568  offset=+24  xor=0x00038  popcnt=3
FAULT R=38544 -> T=38574  offset=+30  xor=0x0003e  popcnt=5
FAULT R=38544 -> T=38576  offset=+32  xor=0x00020  popcnt=1
FAULT R=38544 -> T=38582  offset=+38  xor=0x00026  popcnt=3
FAULT R=38546 -> T=38410  offset=-136  xor=0x00098  popcnt=3
FAULT R=38546 -> T=38414  offset=-132  xor=0x0009c  popcnt=4
FAULT R=38546 -> T=38418  offset=-128  xor=0x00080  popcnt=1
FAULT R=38546 -> T=38422  offset=-124  xor=0x00084  popcnt=2
FAULT R=38546 -> T=38442  offset=-104  xor=0x000b8  popcnt=4
FAULT R=38546 -> T=38450  offset=-96  xor=0x000a0  popcnt=2
FAULT R=38546 -> T=38454  offset=-92  xor=0x000a4  popcnt=3
FAULT R=38546 -> T=38538  offset=-8  xor=0x00018  popcnt=2
FAULT R=38546 -> T=38542  offset=-4  xor=0x0001c  popcnt=3
FAULT R=38546 -> T=38550  offset=+4  xor=0x00004  popcnt=1
FAULT R=38546 -> T=38570  offset=+24  xor=0x00038  popcnt=3
FAULT R=38546 -> T=38574  offset=+28  xor=0x0003c  popcnt=4
FAULT R=38546 -> T=38578  offset=+32  xor=0x00020  popcnt=1
FAULT R=38546 -> T=38582  offset=+36  xor=0x00024  popcnt=2
FAULT R=38548 -> T=38412  offset=-136  xor=0x00098  popcnt=3
FAULT R=38548 -> T=38414  offset=-134  xor=0x0009a  popcnt=4
FAULT R=38548 -> T=38420  offset=-128  xor=0x00080  popcnt=1
FAULT R=38548 -> T=38422  offset=-126  xor=0x00082  popcnt=2
FAULT R=38548 -> T=38452  offset=-96  xor=0x000a0  popcnt=2
FAULT R=38548 -> T=38454  offset=-94  xor=0x000a2  popcnt=3
FAULT R=38548 -> T=38540  offset=-8  xor=0x00018  popcnt=2
FAULT R=38548 -> T=38542  offset=-6  xor=0x0001a  popcnt=3
FAULT R=38548 -> T=38550  offset=+2  xor=0x00002  popcnt=1
FAULT R=38548 -> T=38572  offset=+24  xor=0x00038  popcnt=3
FAULT R=38548 -> T=38574  offset=+26  xor=0x0003a  popcnt=4
FAULT R=38548 -> T=38580  offset=+32  xor=0x00020  popcnt=1
FAULT R=38548 -> T=38582  offset=+34  xor=0x00022  popcnt=2
FAULT R=38550 -> T=38414  offset=-136  xor=0x00098  popcnt=3
FAULT R=38550 -> T=38422  offset=-128  xor=0x00080  popcnt=1
FAULT R=38550 -> T=38454  offset=-96  xor=0x000a0  popcnt=2
FAULT R=38550 -> T=38542  offset=-8  xor=0x00018  popcnt=2
FAULT R=38550 -> T=38574  offset=+24  xor=0x00038  popcnt=3
FAULT R=38550 -> T=38582  offset=+32  xor=0x00020  popcnt=1
FAULT R=38551 -> T=38414  offset=-137  xor=0x00099  popcnt=4
FAULT R=38551 -> T=38415  offset=-136  xor=0x00098  popcnt=3
FAULT R=38551 -> T=38422  offset=-129  xor=0x00081  popcnt=2
FAULT R=38551 -> T=38423  offset=-128  xor=0x00080  popcnt=1
FAULT R=38551 -> T=38454  offset=-97  xor=0x000a1  popcnt=3
FAULT R=38551 -> T=38455  offset=-96  xor=0x000a0  popcnt=2
FAULT R=38551 -> T=38542  offset=-9  xor=0x00019  popcnt=3
FAULT R=38551 -> T=38543  offset=-8  xor=0x00018  popcnt=2
FAULT R=38551 -> T=38550  offset=-1  xor=0x00001  popcnt=1
FAULT R=38551 -> T=38574  offset=+23  xor=0x00039  popcnt=4
FAULT R=38551 -> T=38575  offset=+24  xor=0x00038  popcnt=3
FAULT R=38551 -> T=38582  offset=+31  xor=0x00021  popcnt=2
FAULT R=38551 -> T=38583  offset=+32  xor=0x00020  popcnt=1
FAULT R=38552 -> T=38408  offset=-144  xor=0x00090  popcnt=2
FAULT R=38552 -> T=38414  offset=-138  xor=0x00096  popcnt=4
FAULT R=38552 -> T=38424  offset=-128  xor=0x00080  popcnt=1
FAULT R=38552 -> T=38430  offset=-122  xor=0x00086  popcnt=3
FAULT R=38552 -> T=38440  offset=-112  xor=0x000b0  popcnt=3
FAULT R=38552 -> T=38456  offset=-96  xor=0x000a0  popcnt=2
FAULT R=38552 -> T=38462  offset=-90  xor=0x000a6  popcnt=4
FAULT R=38552 -> T=38536  offset=-16  xor=0x00010  popcnt=1
FAULT R=38552 -> T=38542  offset=-10  xor=0x00016  popcnt=3
FAULT R=38552 -> T=38558  offset=+6  xor=0x00006  popcnt=2
FAULT R=38552 -> T=38568  offset=+16  xor=0x00030  popcnt=2
FAULT R=38552 -> T=38574  offset=+22  xor=0x00036  popcnt=4
FAULT R=38552 -> T=38584  offset=+32  xor=0x00020  popcnt=1
FAULT R=38552 -> T=38590  offset=+38  xor=0x00026  popcnt=3
FAULT R=38554 -> T=38410  offset=-144  xor=0x00090  popcnt=2
FAULT R=38554 -> T=38414  offset=-140  xor=0x00094  popcnt=3
FAULT R=38554 -> T=38426  offset=-128  xor=0x00080  popcnt=1
FAULT R=38554 -> T=38430  offset=-124  xor=0x00084  popcnt=2
FAULT R=38554 -> T=38442  offset=-112  xor=0x000b0  popcnt=3
FAULT R=38554 -> T=38458  offset=-96  xor=0x000a0  popcnt=2
FAULT R=38554 -> T=38462  offset=-92  xor=0x000a4  popcnt=3
FAULT R=38554 -> T=38538  offset=-16  xor=0x00010  popcnt=1
FAULT R=38554 -> T=38542  offset=-12  xor=0x00014  popcnt=2
FAULT R=38554 -> T=38558  offset=+4  xor=0x00004  popcnt=1
FAULT R=38554 -> T=38570  offset=+16  xor=0x00030  popcnt=2
FAULT R=38554 -> T=38574  offset=+20  xor=0x00034  popcnt=3
FAULT R=38554 -> T=38586  offset=+32  xor=0x00020  popcnt=1
FAULT R=38554 -> T=38590  offset=+36  xor=0x00024  popcnt=2
FAULT R=38556 -> T=38412  offset=-144  xor=0x00090  popcnt=2
FAULT R=38556 -> T=38414  offset=-142  xor=0x00092  popcnt=3
FAULT R=38556 -> T=38428  offset=-128  xor=0x00080  popcnt=1
FAULT R=38556 -> T=38430  offset=-126  xor=0x00082  popcnt=2
FAULT R=38556 -> T=38460  offset=-96  xor=0x000a0  popcnt=2
FAULT R=38556 -> T=38462  offset=-94  xor=0x000a2  popcnt=3
FAULT R=38556 -> T=38540  offset=-16  xor=0x00010  popcnt=1
FAULT R=38556 -> T=38542  offset=-14  xor=0x00012  popcnt=2
FAULT R=38556 -> T=38558  offset=+2  xor=0x00002  popcnt=1
FAULT R=38556 -> T=38572  offset=+16  xor=0x00030  popcnt=2
FAULT R=38556 -> T=38574  offset=+18  xor=0x00032  popcnt=3
FAULT R=38556 -> T=38588  offset=+32  xor=0x00020  popcnt=1
FAULT R=38556 -> T=38590  offset=+34  xor=0x00022  popcnt=2
FAULT R=38558 -> T=38414  offset=-144  xor=0x00090  popcnt=2
FAULT R=38558 -> T=38430  offset=-128  xor=0x00080  popcnt=1
FAULT R=38558 -> T=38462  offset=-96  xor=0x000a0  popcnt=2
FAULT R=38558 -> T=38542  offset=-16  xor=0x00010  popcnt=1
FAULT R=38558 -> T=38574  offset=+16  xor=0x00030  popcnt=2
FAULT R=38558 -> T=38590  offset=+32  xor=0x00020  popcnt=1
FAULT R=38559 -> T=38414  offset=-145  xor=0x00091  popcnt=3
FAULT R=38559 -> T=38415  offset=-144  xor=0x00090  popcnt=2
FAULT R=38559 -> T=38430  offset=-129  xor=0x00081  popcnt=2
FAULT R=38559 -> T=38431  offset=-128  xor=0x00080  popcnt=1
FAULT R=38559 -> T=38462  offset=-97  xor=0x000a1  popcnt=3
FAULT R=38559 -> T=38463  offset=-96  xor=0x000a0  popcnt=2
FAULT R=38559 -> T=38542  offset=-17  xor=0x00011  popcnt=2
FAULT R=38559 -> T=38543  offset=-16  xor=0x00010  popcnt=1
FAULT R=38559 -> T=38558  offset=-1  xor=0x00001  popcnt=1
FAULT R=38559 -> T=38574  offset=+15  xor=0x00031  popcnt=3
FAULT R=38559 -> T=38575  offset=+16  xor=0x00030  popcnt=2
FAULT R=38559 -> T=38590  offset=+31  xor=0x00021  popcnt=2
FAULT R=38559 -> T=38591  offset=+32  xor=0x00020  popcnt=1
FAULT R=38560 -> T=38432  offset=-128  xor=0x00080  popcnt=1
FAULT R=38560 -> T=38440  offset=-120  xor=0x00088  popcnt=2
FAULT R=38560 -> T=38566  offset=+6  xor=0x00006  popcnt=2
FAULT R=38560 -> T=38568  offset=+8  xor=0x00008  popcnt=1
FAULT R=38560 -> T=38574  offset=+14  xor=0x0000e  popcnt=3
FAULT R=38561 -> T=38432  offset=-129  xor=0x00081  popcnt=2
FAULT R=38561 -> T=38433  offset=-128  xor=0x00080  popcnt=1
FAULT R=38561 -> T=38440  offset=-121  xor=0x00089  popcnt=3
FAULT R=38561 -> T=38441  offset=-120  xor=0x00088  popcnt=2
FAULT R=38561 -> T=38560  offset=-1  xor=0x00001  popcnt=1
FAULT R=38561 -> T=38566  offset=+5  xor=0x00007  popcnt=3
FAULT R=38561 -> T=38567  offset=+6  xor=0x00006  popcnt=2
FAULT R=38561 -> T=38568  offset=+7  xor=0x00009  popcnt=2
FAULT R=38561 -> T=38569  offset=+8  xor=0x00008  popcnt=1
FAULT R=38561 -> T=38574  offset=+13  xor=0x0000f  popcnt=4
FAULT R=38561 -> T=38575  offset=+14  xor=0x0000e  popcnt=3
FAULT R=38562 -> T=38434  offset=-128  xor=0x00080  popcnt=1
FAULT R=38562 -> T=38442  offset=-120  xor=0x00088  popcnt=2
FAULT R=38562 -> T=38566  offset=+4  xor=0x00004  popcnt=1
FAULT R=38562 -> T=38570  offset=+8  xor=0x00008  popcnt=1
FAULT R=38562 -> T=38574  offset=+12  xor=0x0000c  popcnt=2
FAULT R=38563 -> T=38434  offset=-129  xor=0x00081  popcnt=2
FAULT R=38563 -> T=38435  offset=-128  xor=0x00080  popcnt=1
FAULT R=38563 -> T=38442  offset=-121  xor=0x00089  popcnt=3
FAULT R=38563 -> T=38443  offset=-120  xor=0x00088  popcnt=2
FAULT R=38563 -> T=38562  offset=-1  xor=0x00001  popcnt=1
FAULT R=38563 -> T=38566  offset=+3  xor=0x00005  popcnt=2
FAULT R=38563 -> T=38567  offset=+4  xor=0x00004  popcnt=1
FAULT R=38563 -> T=38570  offset=+7  xor=0x00009  popcnt=2
FAULT R=38563 -> T=38571  offset=+8  xor=0x00008  popcnt=1
FAULT R=38563 -> T=38574  offset=+11  xor=0x0000d  popcnt=3
FAULT R=38563 -> T=38575  offset=+12  xor=0x0000c  popcnt=2
FAULT R=38564 -> T=38566  offset=+2  xor=0x00002  popcnt=1
FAULT R=38564 -> T=38572  offset=+8  xor=0x00008  popcnt=1
FAULT R=38564 -> T=38574  offset=+10  xor=0x0000a  popcnt=2
FAULT R=38565 -> T=38564  offset=-1  xor=0x00001  popcnt=1
FAULT R=38565 -> T=38566  offset=+1  xor=0x00003  popcnt=2
FAULT R=38565 -> T=38567  offset=+2  xor=0x00002  popcnt=1
FAULT R=38565 -> T=38572  offset=+7  xor=0x00009  popcnt=2
FAULT R=38565 -> T=38573  offset=+8  xor=0x00008  popcnt=1
FAULT R=38565 -> T=38574  offset=+9  xor=0x0000b  popcnt=3
FAULT R=38565 -> T=38575  offset=+10  xor=0x0000a  popcnt=2
FAULT R=38566 -> T=38574  offset=+8  xor=0x00008  popcnt=1
FAULT R=38567 -> T=38566  offset=-1  xor=0x00001  popcnt=1
FAULT R=38567 -> T=38574  offset=+7  xor=0x00009  popcnt=2
FAULT R=38567 -> T=38575  offset=+8  xor=0x00008  popcnt=1
FAULT R=38568 -> T=38440  offset=-128  xor=0x00080  popcnt=1
FAULT R=38568 -> T=38574  offset=+6  xor=0x00006  popcnt=2
FAULT R=38569 -> T=38440  offset=-129  xor=0x00081  popcnt=2
FAULT R=38569 -> T=38441  offset=-128  xor=0x00080  popcnt=1
FAULT R=38569 -> T=38568  offset=-1  xor=0x00001  popcnt=1
FAULT R=38569 -> T=38574  offset=+5  xor=0x00007  popcnt=3
FAULT R=38569 -> T=38575  offset=+6  xor=0x00006  popcnt=2
FAULT R=38570 -> T=38442  offset=-128  xor=0x00080  popcnt=1
FAULT R=38570 -> T=38574  offset=+4  xor=0x00004  popcnt=1
FAULT R=38571 -> T=38442  offset=-129  xor=0x00081  popcnt=2
FAULT R=38571 -> T=38443  offset=-128  xor=0x00080  popcnt=1
FAULT R=38571 -> T=38570  offset=-1  xor=0x00001  popcnt=1
FAULT R=38571 -> T=38574  offset=+3  xor=0x00005  popcnt=2
FAULT R=38571 -> T=38575  offset=+4  xor=0x00004  popcnt=1
FAULT R=38572 -> T=38574  offset=+2  xor=0x00002  popcnt=1
FAULT R=38573 -> T=38572  offset=-1  xor=0x00001  popcnt=1
FAULT R=38573 -> T=38574  offset=+1  xor=0x00003  popcnt=2
FAULT R=38573 -> T=38575  offset=+2  xor=0x00002  popcnt=1
FAULT R=38575 -> T=38574  offset=-1  xor=0x00001  popcnt=1
FAULT R=38576 -> T=38440  offset=-136  xor=0x00098  popcnt=3
FAULT R=38576 -> T=38448  offset=-128  xor=0x00080  popcnt=1
FAULT R=38576 -> T=38454  offset=-122  xor=0x00086  popcnt=3
FAULT R=38576 -> T=38568  offset=-8  xor=0x00018  popcnt=2
FAULT R=38576 -> T=38574  offset=-2  xor=0x0001e  popcnt=4
FAULT R=38576 -> T=38582  offset=+6  xor=0x00006  popcnt=2
FAULT R=38577 -> T=38440  offset=-137  xor=0x00099  popcnt=4
FAULT R=38577 -> T=38441  offset=-136  xor=0x00098  popcnt=3
FAULT R=38577 -> T=38448  offset=-129  xor=0x00081  popcnt=2
FAULT R=38577 -> T=38449  offset=-128  xor=0x00080  popcnt=1
FAULT R=38577 -> T=38454  offset=-123  xor=0x00087  popcnt=4
FAULT R=38577 -> T=38455  offset=-122  xor=0x00086  popcnt=3
FAULT R=38577 -> T=38568  offset=-9  xor=0x00019  popcnt=3
FAULT R=38577 -> T=38569  offset=-8  xor=0x00018  popcnt=2
FAULT R=38577 -> T=38574  offset=-3  xor=0x0001f  popcnt=5
FAULT R=38577 -> T=38575  offset=-2  xor=0x0001e  popcnt=4
FAULT R=38577 -> T=38576  offset=-1  xor=0x00001  popcnt=1
FAULT R=38577 -> T=38582  offset=+5  xor=0x00007  popcnt=3
FAULT R=38577 -> T=38583  offset=+6  xor=0x00006  popcnt=2
FAULT R=38578 -> T=38442  offset=-136  xor=0x00098  popcnt=3
FAULT R=38578 -> T=38450  offset=-128  xor=0x00080  popcnt=1
FAULT R=38578 -> T=38454  offset=-124  xor=0x00084  popcnt=2
FAULT R=38578 -> T=38570  offset=-8  xor=0x00018  popcnt=2
FAULT R=38578 -> T=38574  offset=-4  xor=0x0001c  popcnt=3
FAULT R=38578 -> T=38582  offset=+4  xor=0x00004  popcnt=1
FAULT R=38579 -> T=38442  offset=-137  xor=0x00099  popcnt=4
FAULT R=38579 -> T=38443  offset=-136  xor=0x00098  popcnt=3
FAULT R=38579 -> T=38450  offset=-129  xor=0x00081  popcnt=2
FAULT R=38579 -> T=38451  offset=-128  xor=0x00080  popcnt=1
FAULT R=38579 -> T=38454  offset=-125  xor=0x00085  popcnt=3
FAULT R=38579 -> T=38455  offset=-124  xor=0x00084  popcnt=2
FAULT R=38579 -> T=38570  offset=-9  xor=0x00019  popcnt=3
FAULT R=38579 -> T=38571  offset=-8  xor=0x00018  popcnt=2
FAULT R=38579 -> T=38574  offset=-5  xor=0x0001d  popcnt=4
FAULT R=38579 -> T=38575  offset=-4  xor=0x0001c  popcnt=3
FAULT R=38579 -> T=38578  offset=-1  xor=0x00001  popcnt=1
FAULT R=38579 -> T=38582  offset=+3  xor=0x00005  popcnt=2
FAULT R=38579 -> T=38583  offset=+4  xor=0x00004  popcnt=1
FAULT R=38580 -> T=38452  offset=-128  xor=0x00080  popcnt=1
FAULT R=38580 -> T=38454  offset=-126  xor=0x00082  popcnt=2
FAULT R=38580 -> T=38572  offset=-8  xor=0x00018  popcnt=2
FAULT R=38580 -> T=38574  offset=-6  xor=0x0001a  popcnt=3
FAULT R=38580 -> T=38582  offset=+2  xor=0x00002  popcnt=1
FAULT R=38581 -> T=38452  offset=-129  xor=0x00081  popcnt=2
FAULT R=38581 -> T=38453  offset=-128  xor=0x00080  popcnt=1
FAULT R=38581 -> T=38454  offset=-127  xor=0x00083  popcnt=3
FAULT R=38581 -> T=38455  offset=-126  xor=0x00082  popcnt=2
FAULT R=38581 -> T=38572  offset=-9  xor=0x00019  popcnt=3
FAULT R=38581 -> T=38573  offset=-8  xor=0x00018  popcnt=2
FAULT R=38581 -> T=38574  offset=-7  xor=0x0001b  popcnt=4
FAULT R=38581 -> T=38575  offset=-6  xor=0x0001a  popcnt=3
FAULT R=38581 -> T=38580  offset=-1  xor=0x00001  popcnt=1
FAULT R=38581 -> T=38582  offset=+1  xor=0x00003  popcnt=2
FAULT R=38581 -> T=38583  offset=+2  xor=0x00002  popcnt=1
FAULT R=38582 -> T=38454  offset=-128  xor=0x00080  popcnt=1
FAULT R=38582 -> T=38574  offset=-8  xor=0x00018  popcnt=2
FAULT R=38583 -> T=38454  offset=-129  xor=0x00081  popcnt=2
FAULT R=38583 -> T=38455  offset=-128  xor=0x00080  popcnt=1
FAULT R=38583 -> T=38574  offset=-9  xor=0x00019  popcnt=3
FAULT R=38583 -> T=38575  offset=-8  xor=0x00018  popcnt=2
FAULT R=38583 -> T=38582  offset=-1  xor=0x00001  popcnt=1
FAULT R=38584 -> T=38440  offset=-144  xor=0x00090  popcnt=2
FAULT R=38584 -> T=38456  offset=-128  xor=0x00080  popcnt=1
FAULT R=38584 -> T=38462  offset=-122  xor=0x00086  popcnt=3
FAULT R=38584 -> T=38568  offset=-16  xor=0x00010  popcnt=1
FAULT R=38584 -> T=38574  offset=-10  xor=0x00016  popcnt=3
FAULT R=38584 -> T=38590  offset=+6  xor=0x00006  popcnt=2
FAULT R=38585 -> T=38440  offset=-145  xor=0x00091  popcnt=3
FAULT R=38585 -> T=38441  offset=-144  xor=0x00090  popcnt=2
FAULT R=38585 -> T=38456  offset=-129  xor=0x00081  popcnt=2
FAULT R=38585 -> T=38457  offset=-128  xor=0x00080  popcnt=1
FAULT R=38585 -> T=38462  offset=-123  xor=0x00087  popcnt=4
FAULT R=38585 -> T=38463  offset=-122  xor=0x00086  popcnt=3
FAULT R=38585 -> T=38568  offset=-17  xor=0x00011  popcnt=2
FAULT R=38585 -> T=38569  offset=-16  xor=0x00010  popcnt=1
FAULT R=38585 -> T=38574  offset=-11  xor=0x00017  popcnt=4
FAULT R=38585 -> T=38575  offset=-10  xor=0x00016  popcnt=3
FAULT R=38585 -> T=38584  offset=-1  xor=0x00001  popcnt=1
FAULT R=38585 -> T=38590  offset=+5  xor=0x00007  popcnt=3
FAULT R=38585 -> T=38591  offset=+6  xor=0x00006  popcnt=2
FAULT R=38586 -> T=38442  offset=-144  xor=0x00090  popcnt=2
FAULT R=38586 -> T=38458  offset=-128  xor=0x00080  popcnt=1
FAULT R=38586 -> T=38462  offset=-124  xor=0x00084  popcnt=2
FAULT R=38586 -> T=38570  offset=-16  xor=0x00010  popcnt=1
FAULT R=38586 -> T=38574  offset=-12  xor=0x00014  popcnt=2
FAULT R=38586 -> T=38590  offset=+4  xor=0x00004  popcnt=1
FAULT R=38587 -> T=38442  offset=-145  xor=0x00091  popcnt=3
FAULT R=38587 -> T=38443  offset=-144  xor=0x00090  popcnt=2
FAULT R=38587 -> T=38458  offset=-129  xor=0x00081  popcnt=2
FAULT R=38587 -> T=38459  offset=-128  xor=0x00080  popcnt=1
FAULT R=38587 -> T=38462  offset=-125  xor=0x00085  popcnt=3
FAULT R=38587 -> T=38463  offset=-124  xor=0x00084  popcnt=2
FAULT R=38587 -> T=38570  offset=-17  xor=0x00011  popcnt=2
FAULT R=38587 -> T=38571  offset=-16  xor=0x00010  popcnt=1
FAULT R=38587 -> T=38574  offset=-13  xor=0x00015  popcnt=3
FAULT R=38587 -> T=38575  offset=-12  xor=0x00014  popcnt=2
FAULT R=38587 -> T=38586  offset=-1  xor=0x00001  popcnt=1
FAULT R=38587 -> T=38590  offset=+3  xor=0x00005  popcnt=2
FAULT R=38587 -> T=38591  offset=+4  xor=0x00004  popcnt=1
FAULT R=38588 -> T=38460  offset=-128  xor=0x00080  popcnt=1
FAULT R=38588 -> T=38462  offset=-126  xor=0x00082  popcnt=2
FAULT R=38588 -> T=38572  offset=-16  xor=0x00010  popcnt=1
FAULT R=38588 -> T=38574  offset=-14  xor=0x00012  popcnt=2
FAULT R=38588 -> T=38590  offset=+2  xor=0x00002  popcnt=1
FAULT R=38589 -> T=38460  offset=-129  xor=0x00081  popcnt=2
FAULT R=38589 -> T=38461  offset=-128  xor=0x00080  popcnt=1
FAULT R=38589 -> T=38462  offset=-127  xor=0x00083  popcnt=3
FAULT R=38589 -> T=38463  offset=-126  xor=0x00082  popcnt=2
FAULT R=38589 -> T=38572  offset=-17  xor=0x00011  popcnt=2
FAULT R=38589 -> T=38573  offset=-16  xor=0x00010  popcnt=1
FAULT R=38589 -> T=38574  offset=-15  xor=0x00013  popcnt=3
FAULT R=38589 -> T=38575  offset=-14  xor=0x00012  popcnt=2
FAULT R=38589 -> T=38588  offset=-1  xor=0x00001  popcnt=1
FAULT R=38589 -> T=38590  offset=+1  xor=0x00003  popcnt=2
FAULT R=38589 -> T=38591  offset=+2  xor=0x00002  popcnt=1
FAULT R=38590 -> T=38462  offset=-128  xor=0x00080  popcnt=1
FAULT R=38590 -> T=38574  offset=-16  xor=0x00010  popcnt=1
FAULT R=38591 -> T=38462  offset=-129  xor=0x00081  popcnt=2
FAULT R=38591 -> T=38463  offset=-128  xor=0x00080  popcnt=1
FAULT R=38591 -> T=38574  offset=-17  xor=0x00011  popcnt=2
FAULT R=38591 -> T=38575  offset=-16  xor=0x00010  popcnt=1
FAULT R=38591 -> T=38590  offset=-1  xor=0x00001  popcnt=1
FAULT R=38592 -> T=38432  offset=-160  xor=0x000e0  popcnt=3
FAULT R=38592 -> T=38440  offset=-152  xor=0x000e8  popcnt=4
FAULT R=38592 -> T=38464  offset=-128  xor=0x00080  popcnt=1
FAULT R=38592 -> T=38470  offset=-122  xor=0x00086  popcnt=3
FAULT R=38592 -> T=38472  offset=-120  xor=0x00088  popcnt=2
FAULT R=38592 -> T=38478  offset=-114  xor=0x0008e  popcnt=4
FAULT R=38592 -> T=38560  offset=-32  xor=0x00060  popcnt=2
FAULT R=38592 -> T=38566  offset=-26  xor=0x00066  popcnt=4
FAULT R=38592 -> T=38568  offset=-24  xor=0x00068  popcnt=3
FAULT R=38592 -> T=38574  offset=-18  xor=0x0006e  popcnt=5
FAULT R=38592 -> T=38598  offset=+6  xor=0x00006  popcnt=2
FAULT R=38592 -> T=38600  offset=+8  xor=0x00008  popcnt=1
FAULT R=38592 -> T=38606  offset=+14  xor=0x0000e  popcnt=3
FAULT R=38594 -> T=38434  offset=-160  xor=0x000e0  popcnt=3
FAULT R=38594 -> T=38442  offset=-152  xor=0x000e8  popcnt=4
FAULT R=38594 -> T=38466  offset=-128  xor=0x00080  popcnt=1
FAULT R=38594 -> T=38470  offset=-124  xor=0x00084  popcnt=2
FAULT R=38594 -> T=38474  offset=-120  xor=0x00088  popcnt=2
FAULT R=38594 -> T=38478  offset=-116  xor=0x0008c  popcnt=3
FAULT R=38594 -> T=38562  offset=-32  xor=0x00060  popcnt=2
FAULT R=38594 -> T=38566  offset=-28  xor=0x00064  popcnt=3
FAULT R=38594 -> T=38570  offset=-24  xor=0x00068  popcnt=3
FAULT R=38594 -> T=38574  offset=-20  xor=0x0006c  popcnt=4
FAULT R=38594 -> T=38598  offset=+4  xor=0x00004  popcnt=1
FAULT R=38594 -> T=38602  offset=+8  xor=0x00008  popcnt=1
FAULT R=38594 -> T=38606  offset=+12  xor=0x0000c  popcnt=2
FAULT R=38596 -> T=38468  offset=-128  xor=0x00080  popcnt=1
FAULT R=38596 -> T=38470  offset=-126  xor=0x00082  popcnt=2
FAULT R=38596 -> T=38476  offset=-120  xor=0x00088  popcnt=2
FAULT R=38596 -> T=38478  offset=-118  xor=0x0008a  popcnt=3
FAULT R=38596 -> T=38564  offset=-32  xor=0x00060  popcnt=2
FAULT R=38596 -> T=38566  offset=-30  xor=0x00062  popcnt=3
FAULT R=38596 -> T=38572  offset=-24  xor=0x00068  popcnt=3
FAULT R=38596 -> T=38574  offset=-22  xor=0x0006a  popcnt=4
FAULT R=38596 -> T=38598  offset=+2  xor=0x00002  popcnt=1
FAULT R=38596 -> T=38604  offset=+8  xor=0x00008  popcnt=1
FAULT R=38596 -> T=38606  offset=+10  xor=0x0000a  popcnt=2
FAULT R=38598 -> T=38470  offset=-128  xor=0x00080  popcnt=1
FAULT R=38598 -> T=38478  offset=-120  xor=0x00088  popcnt=2
FAULT R=38598 -> T=38566  offset=-32  xor=0x00060  popcnt=2
FAULT R=38598 -> T=38574  offset=-24  xor=0x00068  popcnt=3
FAULT R=38598 -> T=38606  offset=+8  xor=0x00008  popcnt=1
FAULT R=38599 -> T=38470  offset=-129  xor=0x00081  popcnt=2
FAULT R=38599 -> T=38471  offset=-128  xor=0x00080  popcnt=1
FAULT R=38599 -> T=38478  offset=-121  xor=0x00089  popcnt=3
FAULT R=38599 -> T=38479  offset=-120  xor=0x00088  popcnt=2
FAULT R=38599 -> T=38566  offset=-33  xor=0x00061  popcnt=3
FAULT R=38599 -> T=38567  offset=-32  xor=0x00060  popcnt=2
FAULT R=38599 -> T=38574  offset=-25  xor=0x00069  popcnt=4
FAULT R=38599 -> T=38575  offset=-24  xor=0x00068  popcnt=3
FAULT R=38599 -> T=38598  offset=-1  xor=0x00001  popcnt=1
FAULT R=38599 -> T=38606  offset=+7  xor=0x00009  popcnt=2
FAULT R=38599 -> T=38607  offset=+8  xor=0x00008  popcnt=1
FAULT R=38600 -> T=38440  offset=-160  xor=0x000e0  popcnt=3
FAULT R=38600 -> T=38472  offset=-128  xor=0x00080  popcnt=1
FAULT R=38600 -> T=38478  offset=-122  xor=0x00086  popcnt=3
FAULT R=38600 -> T=38568  offset=-32  xor=0x00060  popcnt=2
FAULT R=38600 -> T=38574  offset=-26  xor=0x00066  popcnt=4
FAULT R=38600 -> T=38606  offset=+6  xor=0x00006  popcnt=2
FAULT R=38601 -> T=38440  offset=-161  xor=0x000e1  popcnt=4
FAULT R=38601 -> T=38441  offset=-160  xor=0x000e0  popcnt=3
FAULT R=38601 -> T=38472  offset=-129  xor=0x00081  popcnt=2
FAULT R=38601 -> T=38473  offset=-128  xor=0x00080  popcnt=1
FAULT R=38601 -> T=38478  offset=-123  xor=0x00087  popcnt=4
FAULT R=38601 -> T=38479  offset=-122  xor=0x00086  popcnt=3
FAULT R=38601 -> T=38568  offset=-33  xor=0x00061  popcnt=3
FAULT R=38601 -> T=38569  offset=-32  xor=0x00060  popcnt=2
FAULT R=38601 -> T=38574  offset=-27  xor=0x00067  popcnt=5
FAULT R=38601 -> T=38575  offset=-26  xor=0x00066  popcnt=4
FAULT R=38601 -> T=38600  offset=-1  xor=0x00001  popcnt=1
FAULT R=38601 -> T=38606  offset=+5  xor=0x00007  popcnt=3
FAULT R=38601 -> T=38607  offset=+6  xor=0x00006  popcnt=2
FAULT R=38602 -> T=38442  offset=-160  xor=0x000e0  popcnt=3
FAULT R=38602 -> T=38474  offset=-128  xor=0x00080  popcnt=1
FAULT R=38602 -> T=38478  offset=-124  xor=0x00084  popcnt=2
FAULT R=38602 -> T=38570  offset=-32  xor=0x00060  popcnt=2
FAULT R=38602 -> T=38574  offset=-28  xor=0x00064  popcnt=3
FAULT R=38602 -> T=38606  offset=+4  xor=0x00004  popcnt=1
FAULT R=38603 -> T=38442  offset=-161  xor=0x000e1  popcnt=4
FAULT R=38603 -> T=38443  offset=-160  xor=0x000e0  popcnt=3
FAULT R=38603 -> T=38474  offset=-129  xor=0x00081  popcnt=2
FAULT R=38603 -> T=38475  offset=-128  xor=0x00080  popcnt=1
FAULT R=38603 -> T=38478  offset=-125  xor=0x00085  popcnt=3
FAULT R=38603 -> T=38479  offset=-124  xor=0x00084  popcnt=2
FAULT R=38603 -> T=38570  offset=-33  xor=0x00061  popcnt=3
FAULT R=38603 -> T=38571  offset=-32  xor=0x00060  popcnt=2
FAULT R=38603 -> T=38574  offset=-29  xor=0x00065  popcnt=4
FAULT R=38603 -> T=38575  offset=-28  xor=0x00064  popcnt=3
FAULT R=38603 -> T=38602  offset=-1  xor=0x00001  popcnt=1
FAULT R=38603 -> T=38606  offset=+3  xor=0x00005  popcnt=2
FAULT R=38603 -> T=38607  offset=+4  xor=0x00004  popcnt=1
FAULT R=38604 -> T=38476  offset=-128  xor=0x00080  popcnt=1
FAULT R=38604 -> T=38478  offset=-126  xor=0x00082  popcnt=2
FAULT R=38604 -> T=38572  offset=-32  xor=0x00060  popcnt=2
FAULT R=38604 -> T=38574  offset=-30  xor=0x00062  popcnt=3
FAULT R=38604 -> T=38606  offset=+2  xor=0x00002  popcnt=1
FAULT R=38605 -> T=38476  offset=-129  xor=0x00081  popcnt=2
FAULT R=38605 -> T=38477  offset=-128  xor=0x00080  popcnt=1
FAULT R=38605 -> T=38478  offset=-127  xor=0x00083  popcnt=3
FAULT R=38605 -> T=38479  offset=-126  xor=0x00082  popcnt=2
FAULT R=38605 -> T=38572  offset=-33  xor=0x00061  popcnt=3
FAULT R=38605 -> T=38573  offset=-32  xor=0x00060  popcnt=2
FAULT R=38605 -> T=38574  offset=-31  xor=0x00063  popcnt=4
FAULT R=38605 -> T=38575  offset=-30  xor=0x00062  popcnt=3
FAULT R=38605 -> T=38604  offset=-1  xor=0x00001  popcnt=1
FAULT R=38605 -> T=38606  offset=+1  xor=0x00003  popcnt=2
FAULT R=38605 -> T=38607  offset=+2  xor=0x00002  popcnt=1
FAULT R=38606 -> T=38478  offset=-128  xor=0x00080  popcnt=1
FAULT R=38606 -> T=38574  offset=-32  xor=0x00060  popcnt=2
FAULT R=38607 -> T=38478  offset=-129  xor=0x00081  popcnt=2
FAULT R=38607 -> T=38479  offset=-128  xor=0x00080  popcnt=1
FAULT R=38607 -> T=38574  offset=-33  xor=0x00061  popcnt=3
FAULT R=38607 -> T=38575  offset=-32  xor=0x00060  popcnt=2
FAULT R=38607 -> T=38606  offset=-1  xor=0x00001  popcnt=1
FAULT R=38608 -> T=38440  offset=-168  xor=0x000f8  popcnt=5
FAULT R=38608 -> T=38448  offset=-160  xor=0x000e0  popcnt=3
FAULT R=38608 -> T=38454  offset=-154  xor=0x000e6  popcnt=5
FAULT R=38608 -> T=38472  offset=-136  xor=0x00098  popcnt=3
FAULT R=38608 -> T=38478  offset=-130  xor=0x0009e  popcnt=5
FAULT R=38608 -> T=38480  offset=-128  xor=0x00080  popcnt=1
FAULT R=38608 -> T=38486  offset=-122  xor=0x00086  popcnt=3
FAULT R=38608 -> T=38568  offset=-40  xor=0x00078  popcnt=4
FAULT R=38608 -> T=38574  offset=-34  xor=0x0007e  popcnt=6
FAULT R=38608 -> T=38576  offset=-32  xor=0x00060  popcnt=2
FAULT R=38608 -> T=38582  offset=-26  xor=0x00066  popcnt=4
FAULT R=38608 -> T=38600  offset=-8  xor=0x00018  popcnt=2
FAULT R=38608 -> T=38606  offset=-2  xor=0x0001e  popcnt=4
FAULT R=38608 -> T=38614  offset=+6  xor=0x00006  popcnt=2
FAULT R=38610 -> T=38442  offset=-168  xor=0x000f8  popcnt=5
FAULT R=38610 -> T=38450  offset=-160  xor=0x000e0  popcnt=3
FAULT R=38610 -> T=38454  offset=-156  xor=0x000e4  popcnt=4
FAULT R=38610 -> T=38474  offset=-136  xor=0x00098  popcnt=3
FAULT R=38610 -> T=38478  offset=-132  xor=0x0009c  popcnt=4
FAULT R=38610 -> T=38482  offset=-128  xor=0x00080  popcnt=1
FAULT R=38610 -> T=38486  offset=-124  xor=0x00084  popcnt=2
FAULT R=38610 -> T=38570  offset=-40  xor=0x00078  popcnt=4
FAULT R=38610 -> T=38574  offset=-36  xor=0x0007c  popcnt=5
FAULT R=38610 -> T=38578  offset=-32  xor=0x00060  popcnt=2
FAULT R=38610 -> T=38582  offset=-28  xor=0x00064  popcnt=3
FAULT R=38610 -> T=38602  offset=-8  xor=0x00018  popcnt=2
FAULT R=38610 -> T=38606  offset=-4  xor=0x0001c  popcnt=3
FAULT R=38610 -> T=38614  offset=+4  xor=0x00004  popcnt=1
FAULT R=38612 -> T=38452  offset=-160  xor=0x000e0  popcnt=3
FAULT R=38612 -> T=38454  offset=-158  xor=0x000e2  popcnt=4
FAULT R=38612 -> T=38476  offset=-136  xor=0x00098  popcnt=3
FAULT R=38612 -> T=38478  offset=-134  xor=0x0009a  popcnt=4
FAULT R=38612 -> T=38484  offset=-128  xor=0x00080  popcnt=1
FAULT R=38612 -> T=38486  offset=-126  xor=0x00082  popcnt=2
FAULT R=38612 -> T=38572  offset=-40  xor=0x00078  popcnt=4
FAULT R=38612 -> T=38574  offset=-38  xor=0x0007a  popcnt=5
FAULT R=38612 -> T=38580  offset=-32  xor=0x00060  popcnt=2
FAULT R=38612 -> T=38582  offset=-30  xor=0x00062  popcnt=3
FAULT R=38612 -> T=38604  offset=-8  xor=0x00018  popcnt=2
FAULT R=38612 -> T=38606  offset=-6  xor=0x0001a  popcnt=3
FAULT R=38612 -> T=38614  offset=+2  xor=0x00002  popcnt=1
FAULT R=38614 -> T=38454  offset=-160  xor=0x000e0  popcnt=3
FAULT R=38614 -> T=38478  offset=-136  xor=0x00098  popcnt=3
FAULT R=38614 -> T=38486  offset=-128  xor=0x00080  popcnt=1
FAULT R=38614 -> T=38574  offset=-40  xor=0x00078  popcnt=4
FAULT R=38614 -> T=38582  offset=-32  xor=0x00060  popcnt=2
FAULT R=38614 -> T=38606  offset=-8  xor=0x00018  popcnt=2
FAULT R=38615 -> T=38454  offset=-161  xor=0x000e1  popcnt=4
FAULT R=38615 -> T=38455  offset=-160  xor=0x000e0  popcnt=3
FAULT R=38615 -> T=38478  offset=-137  xor=0x00099  popcnt=4
FAULT R=38615 -> T=38479  offset=-136  xor=0x00098  popcnt=3
FAULT R=38615 -> T=38486  offset=-129  xor=0x00081  popcnt=2
FAULT R=38615 -> T=38487  offset=-128  xor=0x00080  popcnt=1
FAULT R=38615 -> T=38574  offset=-41  xor=0x00079  popcnt=5
FAULT R=38615 -> T=38575  offset=-40  xor=0x00078  popcnt=4
FAULT R=38615 -> T=38582  offset=-33  xor=0x00061  popcnt=3
FAULT R=38615 -> T=38583  offset=-32  xor=0x00060  popcnt=2
FAULT R=38615 -> T=38606  offset=-9  xor=0x00019  popcnt=3
FAULT R=38615 -> T=38607  offset=-8  xor=0x00018  popcnt=2
FAULT R=38615 -> T=38614  offset=-1  xor=0x00001  popcnt=1
FAULT R=38616 -> T=38440  offset=-176  xor=0x000f0  popcnt=4
FAULT R=38616 -> T=38456  offset=-160  xor=0x000e0  popcnt=3
FAULT R=38616 -> T=38462  offset=-154  xor=0x000e6  popcnt=5
FAULT R=38616 -> T=38472  offset=-144  xor=0x00090  popcnt=2
FAULT R=38616 -> T=38478  offset=-138  xor=0x00096  popcnt=4
FAULT R=38616 -> T=38488  offset=-128  xor=0x00080  popcnt=1
FAULT R=38616 -> T=38494  offset=-122  xor=0x00086  popcnt=3
FAULT R=38616 -> T=38568  offset=-48  xor=0x00070  popcnt=3
FAULT R=38616 -> T=38574  offset=-42  xor=0x00076  popcnt=5
FAULT R=38616 -> T=38584  offset=-32  xor=0x00060  popcnt=2
FAULT R=38616 -> T=38590  offset=-26  xor=0x00066  popcnt=4
FAULT R=38616 -> T=38600  offset=-16  xor=0x00010  popcnt=1
FAULT R=38616 -> T=38606  offset=-10  xor=0x00016  popcnt=3
FAULT R=38616 -> T=38622  offset=+6  xor=0x00006  popcnt=2
FAULT R=38618 -> T=38442  offset=-176  xor=0x000f0  popcnt=4
FAULT R=38618 -> T=38458  offset=-160  xor=0x000e0  popcnt=3
FAULT R=38618 -> T=38462  offset=-156  xor=0x000e4  popcnt=4
FAULT R=38618 -> T=38474  offset=-144  xor=0x00090  popcnt=2
FAULT R=38618 -> T=38478  offset=-140  xor=0x00094  popcnt=3
FAULT R=38618 -> T=38490  offset=-128  xor=0x00080  popcnt=1
FAULT R=38618 -> T=38494  offset=-124  xor=0x00084  popcnt=2
FAULT R=38618 -> T=38570  offset=-48  xor=0x00070  popcnt=3
FAULT R=38618 -> T=38574  offset=-44  xor=0x00074  popcnt=4
FAULT R=38618 -> T=38586  offset=-32  xor=0x00060  popcnt=2
FAULT R=38618 -> T=38590  offset=-28  xor=0x00064  popcnt=3
FAULT R=38618 -> T=38602  offset=-16  xor=0x00010  popcnt=1
FAULT R=38618 -> T=38606  offset=-12  xor=0x00014  popcnt=2
FAULT R=38618 -> T=38622  offset=+4  xor=0x00004  popcnt=1
FAULT R=38620 -> T=38460  offset=-160  xor=0x000e0  popcnt=3
FAULT R=38620 -> T=38462  offset=-158  xor=0x000e2  popcnt=4
FAULT R=38620 -> T=38476  offset=-144  xor=0x00090  popcnt=2
FAULT R=38620 -> T=38478  offset=-142  xor=0x00092  popcnt=3
FAULT R=38620 -> T=38492  offset=-128  xor=0x00080  popcnt=1
FAULT R=38620 -> T=38494  offset=-126  xor=0x00082  popcnt=2
FAULT R=38620 -> T=38572  offset=-48  xor=0x00070  popcnt=3
FAULT R=38620 -> T=38574  offset=-46  xor=0x00072  popcnt=4
FAULT R=38620 -> T=38588  offset=-32  xor=0x00060  popcnt=2
FAULT R=38620 -> T=38590  offset=-30  xor=0x00062  popcnt=3
FAULT R=38620 -> T=38604  offset=-16  xor=0x00010  popcnt=1
FAULT R=38620 -> T=38606  offset=-14  xor=0x00012  popcnt=2
FAULT R=38620 -> T=38622  offset=+2  xor=0x00002  popcnt=1
FAULT R=38622 -> T=38462  offset=-160  xor=0x000e0  popcnt=3
FAULT R=38622 -> T=38478  offset=-144  xor=0x00090  popcnt=2
FAULT R=38622 -> T=38494  offset=-128  xor=0x00080  popcnt=1
FAULT R=38622 -> T=38574  offset=-48  xor=0x00070  popcnt=3
FAULT R=38622 -> T=38590  offset=-32  xor=0x00060  popcnt=2
FAULT R=38622 -> T=38606  offset=-16  xor=0x00010  popcnt=1
FAULT R=38623 -> T=38462  offset=-161  xor=0x000e1  popcnt=4
FAULT R=38623 -> T=38463  offset=-160  xor=0x000e0  popcnt=3
FAULT R=38623 -> T=38478  offset=-145  xor=0x00091  popcnt=3
FAULT R=38623 -> T=38479  offset=-144  xor=0x00090  popcnt=2
FAULT R=38623 -> T=38494  offset=-129  xor=0x00081  popcnt=2
FAULT R=38623 -> T=38495  offset=-128  xor=0x00080  popcnt=1
FAULT R=38623 -> T=38574  offset=-49  xor=0x00071  popcnt=4
FAULT R=38623 -> T=38575  offset=-48  xor=0x00070  popcnt=3
FAULT R=38623 -> T=38590  offset=-33  xor=0x00061  popcnt=3
FAULT R=38623 -> T=38591  offset=-32  xor=0x00060  popcnt=2
FAULT R=38623 -> T=38606  offset=-17  xor=0x00011  popcnt=2
FAULT R=38623 -> T=38607  offset=-16  xor=0x00010  popcnt=1
FAULT R=38623 -> T=38622  offset=-1  xor=0x00001  popcnt=1
FAULT R=38624 -> T=38432  offset=-192  xor=0x000c0  popcnt=2
FAULT R=38624 -> T=38440  offset=-184  xor=0x000c8  popcnt=3
FAULT R=38624 -> T=38496  offset=-128  xor=0x00080  popcnt=1
FAULT R=38624 -> T=38504  offset=-120  xor=0x00088  popcnt=2
FAULT R=38624 -> T=38560  offset=-64  xor=0x00040  popcnt=1
FAULT R=38624 -> T=38566  offset=-58  xor=0x00046  popcnt=3
FAULT R=38624 -> T=38568  offset=-56  xor=0x00048  popcnt=2
FAULT R=38624 -> T=38574  offset=-50  xor=0x0004e  popcnt=4
FAULT R=38624 -> T=38630  offset=+6  xor=0x00006  popcnt=2
FAULT R=38624 -> T=38632  offset=+8  xor=0x00008  popcnt=1
FAULT R=38624 -> T=38638  offset=+14  xor=0x0000e  popcnt=3
FAULT R=38626 -> T=38434  offset=-192  xor=0x000c0  popcnt=2
FAULT R=38626 -> T=38442  offset=-184  xor=0x000c8  popcnt=3
FAULT R=38626 -> T=38498  offset=-128  xor=0x00080  popcnt=1
FAULT R=38626 -> T=38506  offset=-120  xor=0x00088  popcnt=2
FAULT R=38626 -> T=38562  offset=-64  xor=0x00040  popcnt=1
FAULT R=38626 -> T=38566  offset=-60  xor=0x00044  popcnt=2
FAULT R=38626 -> T=38570  offset=-56  xor=0x00048  popcnt=2
FAULT R=38626 -> T=38574  offset=-52  xor=0x0004c  popcnt=3
FAULT R=38626 -> T=38630  offset=+4  xor=0x00004  popcnt=1
FAULT R=38626 -> T=38634  offset=+8  xor=0x00008  popcnt=1
FAULT R=38626 -> T=38638  offset=+12  xor=0x0000c  popcnt=2
FAULT R=38628 -> T=38564  offset=-64  xor=0x00040  popcnt=1
FAULT R=38628 -> T=38566  offset=-62  xor=0x00042  popcnt=2
FAULT R=38628 -> T=38572  offset=-56  xor=0x00048  popcnt=2
FAULT R=38628 -> T=38574  offset=-54  xor=0x0004a  popcnt=3
FAULT R=38628 -> T=38630  offset=+2  xor=0x00002  popcnt=1
FAULT R=38628 -> T=38636  offset=+8  xor=0x00008  popcnt=1
FAULT R=38628 -> T=38638  offset=+10  xor=0x0000a  popcnt=2
FAULT R=38630 -> T=38566  offset=-64  xor=0x00040  popcnt=1
FAULT R=38630 -> T=38574  offset=-56  xor=0x00048  popcnt=2
FAULT R=38630 -> T=38638  offset=+8  xor=0x00008  popcnt=1
FAULT R=38631 -> T=38566  offset=-65  xor=0x00041  popcnt=2
FAULT R=38631 -> T=38567  offset=-64  xor=0x00040  popcnt=1
FAULT R=38631 -> T=38574  offset=-57  xor=0x00049  popcnt=3
FAULT R=38631 -> T=38575  offset=-56  xor=0x00048  popcnt=2
FAULT R=38631 -> T=38630  offset=-1  xor=0x00001  popcnt=1
FAULT R=38631 -> T=38638  offset=+7  xor=0x00009  popcnt=2
FAULT R=38631 -> T=38639  offset=+8  xor=0x00008  popcnt=1
FAULT R=38632 -> T=38440  offset=-192  xor=0x000c0  popcnt=2
FAULT R=38632 -> T=38504  offset=-128  xor=0x00080  popcnt=1
FAULT R=38632 -> T=38568  offset=-64  xor=0x00040  popcnt=1
FAULT R=38632 -> T=38574  offset=-58  xor=0x00046  popcnt=3
FAULT R=38632 -> T=38638  offset=+6  xor=0x00006  popcnt=2
FAULT R=38633 -> T=38440  offset=-193  xor=0x000c1  popcnt=3
FAULT R=38633 -> T=38441  offset=-192  xor=0x000c0  popcnt=2
FAULT R=38633 -> T=38504  offset=-129  xor=0x00081  popcnt=2
FAULT R=38633 -> T=38505  offset=-128  xor=0x00080  popcnt=1
FAULT R=38633 -> T=38568  offset=-65  xor=0x00041  popcnt=2
FAULT R=38633 -> T=38569  offset=-64  xor=0x00040  popcnt=1
FAULT R=38633 -> T=38574  offset=-59  xor=0x00047  popcnt=4
FAULT R=38633 -> T=38575  offset=-58  xor=0x00046  popcnt=3
FAULT R=38633 -> T=38632  offset=-1  xor=0x00001  popcnt=1
FAULT R=38633 -> T=38638  offset=+5  xor=0x00007  popcnt=3
FAULT R=38633 -> T=38639  offset=+6  xor=0x00006  popcnt=2
FAULT R=38634 -> T=38442  offset=-192  xor=0x000c0  popcnt=2
FAULT R=38634 -> T=38506  offset=-128  xor=0x00080  popcnt=1
FAULT R=38634 -> T=38570  offset=-64  xor=0x00040  popcnt=1
FAULT R=38634 -> T=38574  offset=-60  xor=0x00044  popcnt=2
FAULT R=38634 -> T=38638  offset=+4  xor=0x00004  popcnt=1
FAULT R=38635 -> T=38442  offset=-193  xor=0x000c1  popcnt=3
FAULT R=38635 -> T=38443  offset=-192  xor=0x000c0  popcnt=2
FAULT R=38635 -> T=38506  offset=-129  xor=0x00081  popcnt=2
FAULT R=38635 -> T=38507  offset=-128  xor=0x00080  popcnt=1
FAULT R=38635 -> T=38570  offset=-65  xor=0x00041  popcnt=2
FAULT R=38635 -> T=38571  offset=-64  xor=0x00040  popcnt=1
FAULT R=38635 -> T=38574  offset=-61  xor=0x00045  popcnt=3
FAULT R=38635 -> T=38575  offset=-60  xor=0x00044  popcnt=2
FAULT R=38635 -> T=38634  offset=-1  xor=0x00001  popcnt=1
FAULT R=38635 -> T=38638  offset=+3  xor=0x00005  popcnt=2
FAULT R=38635 -> T=38639  offset=+4  xor=0x00004  popcnt=1
FAULT R=38636 -> T=38572  offset=-64  xor=0x00040  popcnt=1
FAULT R=38636 -> T=38574  offset=-62  xor=0x00042  popcnt=2
FAULT R=38636 -> T=38638  offset=+2  xor=0x00002  popcnt=1
FAULT R=38637 -> T=38572  offset=-65  xor=0x00041  popcnt=2
FAULT R=38637 -> T=38573  offset=-64  xor=0x00040  popcnt=1
FAULT R=38637 -> T=38574  offset=-63  xor=0x00043  popcnt=3
FAULT R=38637 -> T=38575  offset=-62  xor=0x00042  popcnt=2
FAULT R=38637 -> T=38636  offset=-1  xor=0x00001  popcnt=1
FAULT R=38637 -> T=38638  offset=+1  xor=0x00003  popcnt=2
FAULT R=38637 -> T=38639  offset=+2  xor=0x00002  popcnt=1
FAULT R=38638 -> T=38574  offset=-64  xor=0x00040  popcnt=1
FAULT R=38639 -> T=38574  offset=-65  xor=0x00041  popcnt=2
FAULT R=38639 -> T=38575  offset=-64  xor=0x00040  popcnt=1
FAULT R=38639 -> T=38638  offset=-1  xor=0x00001  popcnt=1
FAULT R=38640 -> T=38440  offset=-200  xor=0x000d8  popcnt=4
FAULT R=38640 -> T=38448  offset=-192  xor=0x000c0  popcnt=2
FAULT R=38640 -> T=38454  offset=-186  xor=0x000c6  popcnt=4
FAULT R=38640 -> T=38504  offset=-136  xor=0x00098  popcnt=3
FAULT R=38640 -> T=38512  offset=-128  xor=0x00080  popcnt=1
FAULT R=38640 -> T=38518  offset=-122  xor=0x00086  popcnt=3
FAULT R=38640 -> T=38568  offset=-72  xor=0x00058  popcnt=3
FAULT R=38640 -> T=38574  offset=-66  xor=0x0005e  popcnt=5
FAULT R=38640 -> T=38576  offset=-64  xor=0x00040  popcnt=1
FAULT R=38640 -> T=38582  offset=-58  xor=0x00046  popcnt=3
FAULT R=38640 -> T=38632  offset=-8  xor=0x00018  popcnt=2
FAULT R=38640 -> T=38638  offset=-2  xor=0x0001e  popcnt=4
FAULT R=38640 -> T=38646  offset=+6  xor=0x00006  popcnt=2
FAULT R=38642 -> T=38442  offset=-200  xor=0x000d8  popcnt=4
FAULT R=38642 -> T=38450  offset=-192  xor=0x000c0  popcnt=2
FAULT R=38642 -> T=38454  offset=-188  xor=0x000c4  popcnt=3
FAULT R=38642 -> T=38506  offset=-136  xor=0x00098  popcnt=3
FAULT R=38642 -> T=38514  offset=-128  xor=0x00080  popcnt=1
FAULT R=38642 -> T=38518  offset=-124  xor=0x00084  popcnt=2
FAULT R=38642 -> T=38570  offset=-72  xor=0x00058  popcnt=3
FAULT R=38642 -> T=38574  offset=-68  xor=0x0005c  popcnt=4
FAULT R=38642 -> T=38578  offset=-64  xor=0x00040  popcnt=1
FAULT R=38642 -> T=38582  offset=-60  xor=0x00044  popcnt=2
FAULT R=38642 -> T=38634  offset=-8  xor=0x00018  popcnt=2
FAULT R=38642 -> T=38638  offset=-4  xor=0x0001c  popcnt=3
FAULT R=38642 -> T=38646  offset=+4  xor=0x00004  popcnt=1
FAULT R=38644 -> T=38452  offset=-192  xor=0x000c0  popcnt=2
FAULT R=38644 -> T=38454  offset=-190  xor=0x000c2  popcnt=3
FAULT R=38644 -> T=38516  offset=-128  xor=0x00080  popcnt=1
FAULT R=38644 -> T=38518  offset=-126  xor=0x00082  popcnt=2
FAULT R=38644 -> T=38572  offset=-72  xor=0x00058  popcnt=3
FAULT R=38644 -> T=38574  offset=-70  xor=0x0005a  popcnt=4
FAULT R=38644 -> T=38580  offset=-64  xor=0x00040  popcnt=1
FAULT R=38644 -> T=38582  offset=-62  xor=0x00042  popcnt=2
FAULT R=38644 -> T=38636  offset=-8  xor=0x00018  popcnt=2
FAULT R=38644 -> T=38638  offset=-6  xor=0x0001a  popcnt=3
FAULT R=38644 -> T=38646  offset=+2  xor=0x00002  popcnt=1
FAULT R=38646 -> T=38454  offset=-192  xor=0x000c0  popcnt=2
FAULT R=38646 -> T=38518  offset=-128  xor=0x00080  popcnt=1
FAULT R=38646 -> T=38574  offset=-72  xor=0x00058  popcnt=3
FAULT R=38646 -> T=38582  offset=-64  xor=0x00040  popcnt=1
FAULT R=38646 -> T=38638  offset=-8  xor=0x00018  popcnt=2
FAULT R=38647 -> T=38454  offset=-193  xor=0x000c1  popcnt=3
FAULT R=38647 -> T=38455  offset=-192  xor=0x000c0  popcnt=2
FAULT R=38647 -> T=38518  offset=-129  xor=0x00081  popcnt=2
FAULT R=38647 -> T=38519  offset=-128  xor=0x00080  popcnt=1
FAULT R=38647 -> T=38574  offset=-73  xor=0x00059  popcnt=4
FAULT R=38647 -> T=38575  offset=-72  xor=0x00058  popcnt=3
FAULT R=38647 -> T=38582  offset=-65  xor=0x00041  popcnt=2
FAULT R=38647 -> T=38583  offset=-64  xor=0x00040  popcnt=1
FAULT R=38647 -> T=38638  offset=-9  xor=0x00019  popcnt=3
FAULT R=38647 -> T=38639  offset=-8  xor=0x00018  popcnt=2
FAULT R=38647 -> T=38646  offset=-1  xor=0x00001  popcnt=1
FAULT R=38648 -> T=38440  offset=-208  xor=0x000d0  popcnt=3
FAULT R=38648 -> T=38456  offset=-192  xor=0x000c0  popcnt=2
FAULT R=38648 -> T=38462  offset=-186  xor=0x000c6  popcnt=4
FAULT R=38648 -> T=38504  offset=-144  xor=0x00090  popcnt=2
FAULT R=38648 -> T=38520  offset=-128  xor=0x00080  popcnt=1
FAULT R=38648 -> T=38526  offset=-122  xor=0x00086  popcnt=3
FAULT R=38648 -> T=38568  offset=-80  xor=0x00050  popcnt=2
FAULT R=38648 -> T=38574  offset=-74  xor=0x00056  popcnt=4
FAULT R=38648 -> T=38584  offset=-64  xor=0x00040  popcnt=1
FAULT R=38648 -> T=38590  offset=-58  xor=0x00046  popcnt=3
FAULT R=38648 -> T=38632  offset=-16  xor=0x00010  popcnt=1
FAULT R=38648 -> T=38638  offset=-10  xor=0x00016  popcnt=3
FAULT R=38648 -> T=38654  offset=+6  xor=0x00006  popcnt=2
FAULT R=38650 -> T=38442  offset=-208  xor=0x000d0  popcnt=3
FAULT R=38650 -> T=38458  offset=-192  xor=0x000c0  popcnt=2
FAULT R=38650 -> T=38462  offset=-188  xor=0x000c4  popcnt=3
FAULT R=38650 -> T=38506  offset=-144  xor=0x00090  popcnt=2
FAULT R=38650 -> T=38522  offset=-128  xor=0x00080  popcnt=1
FAULT R=38650 -> T=38526  offset=-124  xor=0x00084  popcnt=2
FAULT R=38650 -> T=38570  offset=-80  xor=0x00050  popcnt=2
FAULT R=38650 -> T=38574  offset=-76  xor=0x00054  popcnt=3
FAULT R=38650 -> T=38586  offset=-64  xor=0x00040  popcnt=1
FAULT R=38650 -> T=38590  offset=-60  xor=0x00044  popcnt=2
FAULT R=38650 -> T=38634  offset=-16  xor=0x00010  popcnt=1
FAULT R=38650 -> T=38638  offset=-12  xor=0x00014  popcnt=2
FAULT R=38650 -> T=38654  offset=+4  xor=0x00004  popcnt=1
FAULT R=38652 -> T=38460  offset=-192  xor=0x000c0  popcnt=2
FAULT R=38652 -> T=38462  offset=-190  xor=0x000c2  popcnt=3
FAULT R=38652 -> T=38524  offset=-128  xor=0x00080  popcnt=1
FAULT R=38652 -> T=38526  offset=-126  xor=0x00082  popcnt=2
FAULT R=38652 -> T=38572  offset=-80  xor=0x00050  popcnt=2
FAULT R=38652 -> T=38574  offset=-78  xor=0x00052  popcnt=3
FAULT R=38652 -> T=38588  offset=-64  xor=0x00040  popcnt=1
FAULT R=38652 -> T=38590  offset=-62  xor=0x00042  popcnt=2
FAULT R=38652 -> T=38636  offset=-16  xor=0x00010  popcnt=1
FAULT R=38652 -> T=38638  offset=-14  xor=0x00012  popcnt=2
FAULT R=38652 -> T=38654  offset=+2  xor=0x00002  popcnt=1
FAULT R=38654 -> T=38462  offset=-192  xor=0x000c0  popcnt=2
FAULT R=38654 -> T=38526  offset=-128  xor=0x00080  popcnt=1
FAULT R=38654 -> T=38574  offset=-80  xor=0x00050  popcnt=2
FAULT R=38654 -> T=38590  offset=-64  xor=0x00040  popcnt=1
FAULT R=38654 -> T=38638  offset=-16  xor=0x00010  popcnt=1
FAULT R=38655 -> T=38462  offset=-193  xor=0x000c1  popcnt=3
FAULT R=38655 -> T=38463  offset=-192  xor=0x000c0  popcnt=2
FAULT R=38655 -> T=38526  offset=-129  xor=0x00081  popcnt=2
FAULT R=38655 -> T=38527  offset=-128  xor=0x00080  popcnt=1
FAULT R=38655 -> T=38574  offset=-81  xor=0x00051  popcnt=3
FAULT R=38655 -> T=38575  offset=-80  xor=0x00050  popcnt=2
FAULT R=38655 -> T=38590  offset=-65  xor=0x00041  popcnt=2
FAULT R=38655 -> T=38591  offset=-64  xor=0x00040  popcnt=1
FAULT R=38655 -> T=38638  offset=-17  xor=0x00011  popcnt=2
FAULT R=38655 -> T=38639  offset=-16  xor=0x00010  popcnt=1
FAULT R=38655 -> T=38654  offset=-1  xor=0x00001  popcnt=1
FAULT R=38656 -> T=38400  offset=-256  xor=0x00100  popcnt=1
FAULT R=38656 -> T=38406  offset=-250  xor=0x00106  popcnt=3
FAULT R=38656 -> T=38408  offset=-248  xor=0x00108  popcnt=2
FAULT R=38656 -> T=38414  offset=-242  xor=0x0010e  popcnt=4
FAULT R=38656 -> T=38432  offset=-224  xor=0x00120  popcnt=2
FAULT R=38656 -> T=38440  offset=-216  xor=0x00128  popcnt=3
FAULT R=38656 -> T=38662  offset=+6  xor=0x00006  popcnt=2
FAULT R=38656 -> T=38664  offset=+8  xor=0x00008  popcnt=1
FAULT R=38656 -> T=38670  offset=+14  xor=0x0000e  popcnt=3
FAULT R=38656 -> T=38688  offset=+32  xor=0x00020  popcnt=1
FAULT R=38656 -> T=38694  offset=+38  xor=0x00026  popcnt=3
FAULT R=38656 -> T=38696  offset=+40  xor=0x00028  popcnt=2
FAULT R=38656 -> T=38702  offset=+46  xor=0x0002e  popcnt=4
FAULT R=38658 -> T=38402  offset=-256  xor=0x00100  popcnt=1
FAULT R=38658 -> T=38406  offset=-252  xor=0x00104  popcnt=2
FAULT R=38658 -> T=38410  offset=-248  xor=0x00108  popcnt=2
FAULT R=38658 -> T=38414  offset=-244  xor=0x0010c  popcnt=3
FAULT R=38658 -> T=38434  offset=-224  xor=0x00120  popcnt=2
FAULT R=38658 -> T=38442  offset=-216  xor=0x00128  popcnt=3
FAULT R=38658 -> T=38662  offset=+4  xor=0x00004  popcnt=1
FAULT R=38658 -> T=38666  offset=+8  xor=0x00008  popcnt=1
FAULT R=38658 -> T=38670  offset=+12  xor=0x0000c  popcnt=2
FAULT R=38658 -> T=38690  offset=+32  xor=0x00020  popcnt=1
FAULT R=38658 -> T=38694  offset=+36  xor=0x00024  popcnt=2
FAULT R=38658 -> T=38698  offset=+40  xor=0x00028  popcnt=2
FAULT R=38658 -> T=38702  offset=+44  xor=0x0002c  popcnt=3
FAULT R=38660 -> T=38404  offset=-256  xor=0x00100  popcnt=1
FAULT R=38660 -> T=38406  offset=-254  xor=0x00102  popcnt=2
FAULT R=38660 -> T=38412  offset=-248  xor=0x00108  popcnt=2
FAULT R=38660 -> T=38414  offset=-246  xor=0x0010a  popcnt=3
FAULT R=38660 -> T=38662  offset=+2  xor=0x00002  popcnt=1
FAULT R=38660 -> T=38668  offset=+8  xor=0x00008  popcnt=1
FAULT R=38660 -> T=38670  offset=+10  xor=0x0000a  popcnt=2
FAULT R=38660 -> T=38692  offset=+32  xor=0x00020  popcnt=1
FAULT R=38660 -> T=38694  offset=+34  xor=0x00022  popcnt=2
FAULT R=38660 -> T=38700  offset=+40  xor=0x00028  popcnt=2
FAULT R=38660 -> T=38702  offset=+42  xor=0x0002a  popcnt=3
FAULT R=38662 -> T=38406  offset=-256  xor=0x00100  popcnt=1
FAULT R=38662 -> T=38414  offset=-248  xor=0x00108  popcnt=2
FAULT R=38662 -> T=38670  offset=+8  xor=0x00008  popcnt=1
FAULT R=38662 -> T=38694  offset=+32  xor=0x00020  popcnt=1
FAULT R=38662 -> T=38702  offset=+40  xor=0x00028  popcnt=2
FAULT R=38663 -> T=38406  offset=-257  xor=0x00101  popcnt=2
FAULT R=38663 -> T=38407  offset=-256  xor=0x00100  popcnt=1
FAULT R=38663 -> T=38414  offset=-249  xor=0x00109  popcnt=3
FAULT R=38663 -> T=38415  offset=-248  xor=0x00108  popcnt=2
FAULT R=38663 -> T=38662  offset=-1  xor=0x00001  popcnt=1
FAULT R=38663 -> T=38670  offset=+7  xor=0x00009  popcnt=2
FAULT R=38663 -> T=38671  offset=+8  xor=0x00008  popcnt=1
FAULT R=38663 -> T=38694  offset=+31  xor=0x00021  popcnt=2
FAULT R=38663 -> T=38695  offset=+32  xor=0x00020  popcnt=1
FAULT R=38663 -> T=38702  offset=+39  xor=0x00029  popcnt=3
FAULT R=38663 -> T=38703  offset=+40  xor=0x00028  popcnt=2
FAULT R=38664 -> T=38408  offset=-256  xor=0x00100  popcnt=1
FAULT R=38664 -> T=38414  offset=-250  xor=0x00106  popcnt=3
FAULT R=38664 -> T=38440  offset=-224  xor=0x00120  popcnt=2
FAULT R=38664 -> T=38670  offset=+6  xor=0x00006  popcnt=2
FAULT R=38664 -> T=38696  offset=+32  xor=0x00020  popcnt=1
FAULT R=38664 -> T=38702  offset=+38  xor=0x00026  popcnt=3
FAULT R=38665 -> T=38408  offset=-257  xor=0x00101  popcnt=2
FAULT R=38665 -> T=38409  offset=-256  xor=0x00100  popcnt=1
FAULT R=38665 -> T=38414  offset=-251  xor=0x00107  popcnt=4
FAULT R=38665 -> T=38415  offset=-250  xor=0x00106  popcnt=3
FAULT R=38665 -> T=38440  offset=-225  xor=0x00121  popcnt=3
FAULT R=38665 -> T=38441  offset=-224  xor=0x00120  popcnt=2
FAULT R=38665 -> T=38664  offset=-1  xor=0x00001  popcnt=1
FAULT R=38665 -> T=38670  offset=+5  xor=0x00007  popcnt=3
FAULT R=38665 -> T=38671  offset=+6  xor=0x00006  popcnt=2
FAULT R=38665 -> T=38696  offset=+31  xor=0x00021  popcnt=2
FAULT R=38665 -> T=38697  offset=+32  xor=0x00020  popcnt=1
FAULT R=38665 -> T=38702  offset=+37  xor=0x00027  popcnt=4
FAULT R=38665 -> T=38703  offset=+38  xor=0x00026  popcnt=3
FAULT R=38666 -> T=38410  offset=-256  xor=0x00100  popcnt=1
FAULT R=38666 -> T=38414  offset=-252  xor=0x00104  popcnt=2
FAULT R=38666 -> T=38442  offset=-224  xor=0x00120  popcnt=2
FAULT R=38666 -> T=38670  offset=+4  xor=0x00004  popcnt=1
FAULT R=38666 -> T=38698  offset=+32  xor=0x00020  popcnt=1
FAULT R=38666 -> T=38702  offset=+36  xor=0x00024  popcnt=2
FAULT R=38667 -> T=38410  offset=-257  xor=0x00101  popcnt=2
FAULT R=38667 -> T=38411  offset=-256  xor=0x00100  popcnt=1
FAULT R=38667 -> T=38414  offset=-253  xor=0x00105  popcnt=3
FAULT R=38667 -> T=38415  offset=-252  xor=0x00104  popcnt=2
FAULT R=38667 -> T=38442  offset=-225  xor=0x00121  popcnt=3
FAULT R=38667 -> T=38443  offset=-224  xor=0x00120  popcnt=2
FAULT R=38667 -> T=38666  offset=-1  xor=0x00001  popcnt=1
FAULT R=38667 -> T=38670  offset=+3  xor=0x00005  popcnt=2
FAULT R=38667 -> T=38671  offset=+4  xor=0x00004  popcnt=1
FAULT R=38667 -> T=38698  offset=+31  xor=0x00021  popcnt=2
FAULT R=38667 -> T=38699  offset=+32  xor=0x00020  popcnt=1
FAULT R=38667 -> T=38702  offset=+35  xor=0x00025  popcnt=3
FAULT R=38667 -> T=38703  offset=+36  xor=0x00024  popcnt=2
FAULT R=38668 -> T=38412  offset=-256  xor=0x00100  popcnt=1
FAULT R=38668 -> T=38414  offset=-254  xor=0x00102  popcnt=2
FAULT R=38668 -> T=38670  offset=+2  xor=0x00002  popcnt=1
FAULT R=38668 -> T=38700  offset=+32  xor=0x00020  popcnt=1
FAULT R=38668 -> T=38702  offset=+34  xor=0x00022  popcnt=2
FAULT R=38669 -> T=38412  offset=-257  xor=0x00101  popcnt=2
FAULT R=38669 -> T=38413  offset=-256  xor=0x00100  popcnt=1
FAULT R=38669 -> T=38414  offset=-255  xor=0x00103  popcnt=3
FAULT R=38669 -> T=38415  offset=-254  xor=0x00102  popcnt=2
FAULT R=38669 -> T=38668  offset=-1  xor=0x00001  popcnt=1
FAULT R=38669 -> T=38670  offset=+1  xor=0x00003  popcnt=2
FAULT R=38669 -> T=38671  offset=+2  xor=0x00002  popcnt=1
FAULT R=38669 -> T=38700  offset=+31  xor=0x00021  popcnt=2
FAULT R=38669 -> T=38701  offset=+32  xor=0x00020  popcnt=1
FAULT R=38669 -> T=38702  offset=+33  xor=0x00023  popcnt=3
FAULT R=38669 -> T=38703  offset=+34  xor=0x00022  popcnt=2
FAULT R=38670 -> T=38414  offset=-256  xor=0x00100  popcnt=1
FAULT R=38670 -> T=38702  offset=+32  xor=0x00020  popcnt=1
FAULT R=38671 -> T=38414  offset=-257  xor=0x00101  popcnt=2
FAULT R=38671 -> T=38415  offset=-256  xor=0x00100  popcnt=1
FAULT R=38671 -> T=38670  offset=-1  xor=0x00001  popcnt=1
FAULT R=38671 -> T=38702  offset=+31  xor=0x00021  popcnt=2
FAULT R=38671 -> T=38703  offset=+32  xor=0x00020  popcnt=1
FAULT R=38672 -> T=38408  offset=-264  xor=0x00118  popcnt=3
FAULT R=38672 -> T=38414  offset=-258  xor=0x0011e  popcnt=5
FAULT R=38672 -> T=38416  offset=-256  xor=0x00100  popcnt=1
FAULT R=38672 -> T=38422  offset=-250  xor=0x00106  popcnt=3
FAULT R=38672 -> T=38440  offset=-232  xor=0x00138  popcnt=4
FAULT R=38672 -> T=38448  offset=-224  xor=0x00120  popcnt=2
FAULT R=38672 -> T=38454  offset=-218  xor=0x00126  popcnt=4
FAULT R=38672 -> T=38664  offset=-8  xor=0x00018  popcnt=2
FAULT R=38672 -> T=38670  offset=-2  xor=0x0001e  popcnt=4
FAULT R=38672 -> T=38678  offset=+6  xor=0x00006  popcnt=2
FAULT R=38672 -> T=38696  offset=+24  xor=0x00038  popcnt=3
FAULT R=38672 -> T=38702  offset=+30  xor=0x0003e  popcnt=5
FAULT R=38672 -> T=38704  offset=+32  xor=0x00020  popcnt=1
FAULT R=38672 -> T=38710  offset=+38  xor=0x00026  popcnt=3
FAULT R=38674 -> T=38410  offset=-264  xor=0x00118  popcnt=3
FAULT R=38674 -> T=38414  offset=-260  xor=0x0011c  popcnt=4
FAULT R=38674 -> T=38418  offset=-256  xor=0x00100  popcnt=1
FAULT R=38674 -> T=38422  offset=-252  xor=0x00104  popcnt=2
FAULT R=38674 -> T=38442  offset=-232  xor=0x00138  popcnt=4
FAULT R=38674 -> T=38450  offset=-224  xor=0x00120  popcnt=2
FAULT R=38674 -> T=38454  offset=-220  xor=0x00124  popcnt=3
FAULT R=38674 -> T=38666  offset=-8  xor=0x00018  popcnt=2
FAULT R=38674 -> T=38670  offset=-4  xor=0x0001c  popcnt=3
FAULT R=38674 -> T=38678  offset=+4  xor=0x00004  popcnt=1
FAULT R=38674 -> T=38698  offset=+24  xor=0x00038  popcnt=3
FAULT R=38674 -> T=38702  offset=+28  xor=0x0003c  popcnt=4
FAULT R=38674 -> T=38706  offset=+32  xor=0x00020  popcnt=1
FAULT R=38674 -> T=38710  offset=+36  xor=0x00024  popcnt=2
FAULT R=38676 -> T=38412  offset=-264  xor=0x00118  popcnt=3
FAULT R=38676 -> T=38414  offset=-262  xor=0x0011a  popcnt=4
FAULT R=38676 -> T=38420  offset=-256  xor=0x00100  popcnt=1
FAULT R=38676 -> T=38422  offset=-254  xor=0x00102  popcnt=2
FAULT R=38676 -> T=38452  offset=-224  xor=0x00120  popcnt=2
FAULT R=38676 -> T=38454  offset=-222  xor=0x00122  popcnt=3
FAULT R=38676 -> T=38668  offset=-8  xor=0x00018  popcnt=2
FAULT R=38676 -> T=38670  offset=-6  xor=0x0001a  popcnt=3
FAULT R=38676 -> T=38678  offset=+2  xor=0x00002  popcnt=1
FAULT R=38676 -> T=38700  offset=+24  xor=0x00038  popcnt=3
FAULT R=38676 -> T=38702  offset=+26  xor=0x0003a  popcnt=4
FAULT R=38676 -> T=38708  offset=+32  xor=0x00020  popcnt=1
FAULT R=38676 -> T=38710  offset=+34  xor=0x00022  popcnt=2
FAULT R=38678 -> T=38414  offset=-264  xor=0x00118  popcnt=3
FAULT R=38678 -> T=38422  offset=-256  xor=0x00100  popcnt=1
FAULT R=38678 -> T=38454  offset=-224  xor=0x00120  popcnt=2
FAULT R=38678 -> T=38670  offset=-8  xor=0x00018  popcnt=2
FAULT R=38678 -> T=38702  offset=+24  xor=0x00038  popcnt=3
FAULT R=38678 -> T=38710  offset=+32  xor=0x00020  popcnt=1
FAULT R=38679 -> T=38414  offset=-265  xor=0x00119  popcnt=4
FAULT R=38679 -> T=38415  offset=-264  xor=0x00118  popcnt=3
FAULT R=38679 -> T=38422  offset=-257  xor=0x00101  popcnt=2
FAULT R=38679 -> T=38423  offset=-256  xor=0x00100  popcnt=1
FAULT R=38679 -> T=38454  offset=-225  xor=0x00121  popcnt=3
FAULT R=38679 -> T=38455  offset=-224  xor=0x00120  popcnt=2
FAULT R=38679 -> T=38670  offset=-9  xor=0x00019  popcnt=3
FAULT R=38679 -> T=38671  offset=-8  xor=0x00018  popcnt=2
FAULT R=38679 -> T=38678  offset=-1  xor=0x00001  popcnt=1
FAULT R=38679 -> T=38702  offset=+23  xor=0x00039  popcnt=4
FAULT R=38679 -> T=38703  offset=+24  xor=0x00038  popcnt=3
FAULT R=38679 -> T=38710  offset=+31  xor=0x00021  popcnt=2
FAULT R=38679 -> T=38711  offset=+32  xor=0x00020  popcnt=1
FAULT R=38680 -> T=38408  offset=-272  xor=0x00110  popcnt=2
FAULT R=38680 -> T=38414  offset=-266  xor=0x00116  popcnt=4
FAULT R=38680 -> T=38424  offset=-256  xor=0x00100  popcnt=1
FAULT R=38680 -> T=38430  offset=-250  xor=0x00106  popcnt=3
FAULT R=38680 -> T=38440  offset=-240  xor=0x00130  popcnt=3
FAULT R=38680 -> T=38456  offset=-224  xor=0x00120  popcnt=2
FAULT R=38680 -> T=38462  offset=-218  xor=0x00126  popcnt=4
FAULT R=38680 -> T=38664  offset=-16  xor=0x00010  popcnt=1
FAULT R=38680 -> T=38670  offset=-10  xor=0x00016  popcnt=3
FAULT R=38680 -> T=38686  offset=+6  xor=0x00006  popcnt=2
FAULT R=38680 -> T=38696  offset=+16  xor=0x00030  popcnt=2
FAULT R=38680 -> T=38702  offset=+22  xor=0x00036  popcnt=4
FAULT R=38680 -> T=38712  offset=+32  xor=0x00020  popcnt=1
FAULT R=38680 -> T=38718  offset=+38  xor=0x00026  popcnt=3
FAULT R=38682 -> T=38410  offset=-272  xor=0x00110  popcnt=2
FAULT R=38682 -> T=38414  offset=-268  xor=0x00114  popcnt=3
FAULT R=38682 -> T=38426  offset=-256  xor=0x00100  popcnt=1
FAULT R=38682 -> T=38430  offset=-252  xor=0x00104  popcnt=2
FAULT R=38682 -> T=38442  offset=-240  xor=0x00130  popcnt=3
FAULT R=38682 -> T=38458  offset=-224  xor=0x00120  popcnt=2
FAULT R=38682 -> T=38462  offset=-220  xor=0x00124  popcnt=3
FAULT R=38682 -> T=38666  offset=-16  xor=0x00010  popcnt=1
FAULT R=38682 -> T=38670  offset=-12  xor=0x00014  popcnt=2
FAULT R=38682 -> T=38686  offset=+4  xor=0x00004  popcnt=1
FAULT R=38682 -> T=38698  offset=+16  xor=0x00030  popcnt=2
FAULT R=38682 -> T=38702  offset=+20  xor=0x00034  popcnt=3
FAULT R=38682 -> T=38714  offset=+32  xor=0x00020  popcnt=1
FAULT R=38682 -> T=38718  offset=+36  xor=0x00024  popcnt=2
FAULT R=38684 -> T=38412  offset=-272  xor=0x00110  popcnt=2
FAULT R=38684 -> T=38414  offset=-270  xor=0x00112  popcnt=3
FAULT R=38684 -> T=38428  offset=-256  xor=0x00100  popcnt=1
FAULT R=38684 -> T=38430  offset=-254  xor=0x00102  popcnt=2
FAULT R=38684 -> T=38460  offset=-224  xor=0x00120  popcnt=2
FAULT R=38684 -> T=38462  offset=-222  xor=0x00122  popcnt=3
FAULT R=38684 -> T=38668  offset=-16  xor=0x00010  popcnt=1
FAULT R=38684 -> T=38670  offset=-14  xor=0x00012  popcnt=2
FAULT R=38684 -> T=38686  offset=+2  xor=0x00002  popcnt=1
FAULT R=38684 -> T=38700  offset=+16  xor=0x00030  popcnt=2
FAULT R=38684 -> T=38702  offset=+18  xor=0x00032  popcnt=3
FAULT R=38684 -> T=38716  offset=+32  xor=0x00020  popcnt=1
FAULT R=38684 -> T=38718  offset=+34  xor=0x00022  popcnt=2
FAULT R=38686 -> T=38414  offset=-272  xor=0x00110  popcnt=2
FAULT R=38686 -> T=38430  offset=-256  xor=0x00100  popcnt=1
FAULT R=38686 -> T=38462  offset=-224  xor=0x00120  popcnt=2
FAULT R=38686 -> T=38670  offset=-16  xor=0x00010  popcnt=1
FAULT R=38686 -> T=38702  offset=+16  xor=0x00030  popcnt=2
FAULT R=38686 -> T=38718  offset=+32  xor=0x00020  popcnt=1
FAULT R=38687 -> T=38414  offset=-273  xor=0x00111  popcnt=3
FAULT R=38687 -> T=38415  offset=-272  xor=0x00110  popcnt=2
FAULT R=38687 -> T=38430  offset=-257  xor=0x00101  popcnt=2
FAULT R=38687 -> T=38431  offset=-256  xor=0x00100  popcnt=1
FAULT R=38687 -> T=38462  offset=-225  xor=0x00121  popcnt=3
FAULT R=38687 -> T=38463  offset=-224  xor=0x00120  popcnt=2
FAULT R=38687 -> T=38670  offset=-17  xor=0x00011  popcnt=2
FAULT R=38687 -> T=38671  offset=-16  xor=0x00010  popcnt=1
FAULT R=38687 -> T=38686  offset=-1  xor=0x00001  popcnt=1
FAULT R=38687 -> T=38702  offset=+15  xor=0x00031  popcnt=3
FAULT R=38687 -> T=38703  offset=+16  xor=0x00030  popcnt=2
FAULT R=38687 -> T=38718  offset=+31  xor=0x00021  popcnt=2
FAULT R=38687 -> T=38719  offset=+32  xor=0x00020  popcnt=1
FAULT R=38688 -> T=38432  offset=-256  xor=0x00100  popcnt=1
FAULT R=38688 -> T=38440  offset=-248  xor=0x00108  popcnt=2
FAULT R=38688 -> T=38694  offset=+6  xor=0x00006  popcnt=2
FAULT R=38688 -> T=38696  offset=+8  xor=0x00008  popcnt=1
FAULT R=38688 -> T=38702  offset=+14  xor=0x0000e  popcnt=3
FAULT R=38689 -> T=38432  offset=-257  xor=0x00101  popcnt=2
FAULT R=38689 -> T=38433  offset=-256  xor=0x00100  popcnt=1
FAULT R=38689 -> T=38440  offset=-249  xor=0x00109  popcnt=3
FAULT R=38689 -> T=38441  offset=-248  xor=0x00108  popcnt=2
FAULT R=38689 -> T=38688  offset=-1  xor=0x00001  popcnt=1
FAULT R=38689 -> T=38694  offset=+5  xor=0x00007  popcnt=3
FAULT R=38689 -> T=38695  offset=+6  xor=0x00006  popcnt=2
FAULT R=38689 -> T=38696  offset=+7  xor=0x00009  popcnt=2
FAULT R=38689 -> T=38697  offset=+8  xor=0x00008  popcnt=1
FAULT R=38689 -> T=38702  offset=+13  xor=0x0000f  popcnt=4
FAULT R=38689 -> T=38703  offset=+14  xor=0x0000e  popcnt=3
FAULT R=38690 -> T=38434  offset=-256  xor=0x00100  popcnt=1
FAULT R=38690 -> T=38442  offset=-248  xor=0x00108  popcnt=2
FAULT R=38690 -> T=38694  offset=+4  xor=0x00004  popcnt=1
FAULT R=38690 -> T=38698  offset=+8  xor=0x00008  popcnt=1
FAULT R=38690 -> T=38702  offset=+12  xor=0x0000c  popcnt=2
FAULT R=38691 -> T=38434  offset=-257  xor=0x00101  popcnt=2
FAULT R=38691 -> T=38435  offset=-256  xor=0x00100  popcnt=1
FAULT R=38691 -> T=38442  offset=-249  xor=0x00109  popcnt=3
FAULT R=38691 -> T=38443  offset=-248  xor=0x00108  popcnt=2
FAULT R=38691 -> T=38690  offset=-1  xor=0x00001  popcnt=1
FAULT R=38691 -> T=38694  offset=+3  xor=0x00005  popcnt=2
FAULT R=38691 -> T=38695  offset=+4  xor=0x00004  popcnt=1
FAULT R=38691 -> T=38698  offset=+7  xor=0x00009  popcnt=2
FAULT R=38691 -> T=38699  offset=+8  xor=0x00008  popcnt=1
FAULT R=38691 -> T=38702  offset=+11  xor=0x0000d  popcnt=3
FAULT R=38691 -> T=38703  offset=+12  xor=0x0000c  popcnt=2
FAULT R=38692 -> T=38694  offset=+2  xor=0x00002  popcnt=1
FAULT R=38692 -> T=38700  offset=+8  xor=0x00008  popcnt=1
FAULT R=38692 -> T=38702  offset=+10  xor=0x0000a  popcnt=2
FAULT R=38693 -> T=38692  offset=-1  xor=0x00001  popcnt=1
FAULT R=38693 -> T=38694  offset=+1  xor=0x00003  popcnt=2
FAULT R=38693 -> T=38695  offset=+2  xor=0x00002  popcnt=1
FAULT R=38693 -> T=38700  offset=+7  xor=0x00009  popcnt=2
FAULT R=38693 -> T=38701  offset=+8  xor=0x00008  popcnt=1
FAULT R=38693 -> T=38702  offset=+9  xor=0x0000b  popcnt=3
FAULT R=38693 -> T=38703  offset=+10  xor=0x0000a  popcnt=2
FAULT R=38694 -> T=38702  offset=+8  xor=0x00008  popcnt=1
FAULT R=38695 -> T=38694  offset=-1  xor=0x00001  popcnt=1
FAULT R=38695 -> T=38702  offset=+7  xor=0x00009  popcnt=2
FAULT R=38695 -> T=38703  offset=+8  xor=0x00008  popcnt=1
FAULT R=38696 -> T=38440  offset=-256  xor=0x00100  popcnt=1
FAULT R=38696 -> T=38702  offset=+6  xor=0x00006  popcnt=2
FAULT R=38697 -> T=38440  offset=-257  xor=0x00101  popcnt=2
FAULT R=38697 -> T=38441  offset=-256  xor=0x00100  popcnt=1
FAULT R=38697 -> T=38696  offset=-1  xor=0x00001  popcnt=1
FAULT R=38697 -> T=38702  offset=+5  xor=0x00007  popcnt=3
FAULT R=38697 -> T=38703  offset=+6  xor=0x00006  popcnt=2
FAULT R=38698 -> T=38442  offset=-256  xor=0x00100  popcnt=1
FAULT R=38698 -> T=38702  offset=+4  xor=0x00004  popcnt=1
FAULT R=38699 -> T=38442  offset=-257  xor=0x00101  popcnt=2
FAULT R=38699 -> T=38443  offset=-256  xor=0x00100  popcnt=1
FAULT R=38699 -> T=38698  offset=-1  xor=0x00001  popcnt=1
FAULT R=38699 -> T=38702  offset=+3  xor=0x00005  popcnt=2
FAULT R=38699 -> T=38703  offset=+4  xor=0x00004  popcnt=1
FAULT R=38700 -> T=38702  offset=+2  xor=0x00002  popcnt=1
FAULT R=38701 -> T=38700  offset=-1  xor=0x00001  popcnt=1
FAULT R=38701 -> T=38702  offset=+1  xor=0x00003  popcnt=2
FAULT R=38701 -> T=38703  offset=+2  xor=0x00002  popcnt=1
FAULT R=38703 -> T=38702  offset=-1  xor=0x00001  popcnt=1
FAULT R=38704 -> T=38440  offset=-264  xor=0x00118  popcnt=3
FAULT R=38704 -> T=38448  offset=-256  xor=0x00100  popcnt=1
FAULT R=38704 -> T=38454  offset=-250  xor=0x00106  popcnt=3
FAULT R=38704 -> T=38696  offset=-8  xor=0x00018  popcnt=2
FAULT R=38704 -> T=38702  offset=-2  xor=0x0001e  popcnt=4
FAULT R=38704 -> T=38710  offset=+6  xor=0x00006  popcnt=2
FAULT R=38705 -> T=38440  offset=-265  xor=0x00119  popcnt=4
FAULT R=38705 -> T=38441  offset=-264  xor=0x00118  popcnt=3
FAULT R=38705 -> T=38448  offset=-257  xor=0x00101  popcnt=2
FAULT R=38705 -> T=38449  offset=-256  xor=0x00100  popcnt=1
FAULT R=38705 -> T=38454  offset=-251  xor=0x00107  popcnt=4
FAULT R=38705 -> T=38455  offset=-250  xor=0x00106  popcnt=3
FAULT R=38705 -> T=38696  offset=-9  xor=0x00019  popcnt=3
FAULT R=38705 -> T=38697  offset=-8  xor=0x00018  popcnt=2
FAULT R=38705 -> T=38702  offset=-3  xor=0x0001f  popcnt=5
FAULT R=38705 -> T=38703  offset=-2  xor=0x0001e  popcnt=4
FAULT R=38705 -> T=38704  offset=-1  xor=0x00001  popcnt=1
FAULT R=38705 -> T=38710  offset=+5  xor=0x00007  popcnt=3
FAULT R=38705 -> T=38711  offset=+6  xor=0x00006  popcnt=2
FAULT R=38706 -> T=38442  offset=-264  xor=0x00118  popcnt=3
FAULT R=38706 -> T=38450  offset=-256  xor=0x00100  popcnt=1
FAULT R=38706 -> T=38454  offset=-252  xor=0x00104  popcnt=2
FAULT R=38706 -> T=38698  offset=-8  xor=0x00018  popcnt=2
FAULT R=38706 -> T=38702  offset=-4  xor=0x0001c  popcnt=3
FAULT R=38706 -> T=38710  offset=+4  xor=0x00004  popcnt=1
FAULT R=38707 -> T=38442  offset=-265  xor=0x00119  popcnt=4
FAULT R=38707 -> T=38443  offset=-264  xor=0x00118  popcnt=3
FAULT R=38707 -> T=38450  offset=-257  xor=0x00101  popcnt=2
FAULT R=38707 -> T=38451  offset=-256  xor=0x00100  popcnt=1
FAULT R=38707 -> T=38454  offset=-253  xor=0x00105  popcnt=3
FAULT R=38707 -> T=38455  offset=-252  xor=0x00104  popcnt=2
FAULT R=38707 -> T=38698  offset=-9  xor=0x00019  popcnt=3
FAULT R=38707 -> T=38699  offset=-8  xor=0x00018  popcnt=2
FAULT R=38707 -> T=38702  offset=-5  xor=0x0001d  popcnt=4
FAULT R=38707 -> T=38703  offset=-4  xor=0x0001c  popcnt=3
FAULT R=38707 -> T=38706  offset=-1  xor=0x00001  popcnt=1
FAULT R=38707 -> T=38710  offset=+3  xor=0x00005  popcnt=2
FAULT R=38707 -> T=38711  offset=+4  xor=0x00004  popcnt=1
FAULT R=38708 -> T=38452  offset=-256  xor=0x00100  popcnt=1
FAULT R=38708 -> T=38454  offset=-254  xor=0x00102  popcnt=2
FAULT R=38708 -> T=38700  offset=-8  xor=0x00018  popcnt=2
FAULT R=38708 -> T=38702  offset=-6  xor=0x0001a  popcnt=3
FAULT R=38708 -> T=38710  offset=+2  xor=0x00002  popcnt=1
FAULT R=38709 -> T=38452  offset=-257  xor=0x00101  popcnt=2
FAULT R=38709 -> T=38453  offset=-256  xor=0x00100  popcnt=1
FAULT R=38709 -> T=38454  offset=-255  xor=0x00103  popcnt=3
FAULT R=38709 -> T=38455  offset=-254  xor=0x00102  popcnt=2
FAULT R=38709 -> T=38700  offset=-9  xor=0x00019  popcnt=3
FAULT R=38709 -> T=38701  offset=-8  xor=0x00018  popcnt=2
FAULT R=38709 -> T=38702  offset=-7  xor=0x0001b  popcnt=4
FAULT R=38709 -> T=38703  offset=-6  xor=0x0001a  popcnt=3
FAULT R=38709 -> T=38708  offset=-1  xor=0x00001  popcnt=1
FAULT R=38709 -> T=38710  offset=+1  xor=0x00003  popcnt=2
FAULT R=38709 -> T=38711  offset=+2  xor=0x00002  popcnt=1
FAULT R=38710 -> T=38454  offset=-256  xor=0x00100  popcnt=1
FAULT R=38710 -> T=38702  offset=-8  xor=0x00018  popcnt=2
FAULT R=38711 -> T=38454  offset=-257  xor=0x00101  popcnt=2
FAULT R=38711 -> T=38455  offset=-256  xor=0x00100  popcnt=1
FAULT R=38711 -> T=38702  offset=-9  xor=0x00019  popcnt=3
FAULT R=38711 -> T=38703  offset=-8  xor=0x00018  popcnt=2
FAULT R=38711 -> T=38710  offset=-1  xor=0x00001  popcnt=1
FAULT R=38712 -> T=38440  offset=-272  xor=0x00110  popcnt=2
FAULT R=38712 -> T=38456  offset=-256  xor=0x00100  popcnt=1
FAULT R=38712 -> T=38462  offset=-250  xor=0x00106  popcnt=3
FAULT R=38712 -> T=38696  offset=-16  xor=0x00010  popcnt=1
FAULT R=38712 -> T=38702  offset=-10  xor=0x00016  popcnt=3
FAULT R=38712 -> T=38718  offset=+6  xor=0x00006  popcnt=2
FAULT R=38713 -> T=38440  offset=-273  xor=0x00111  popcnt=3
FAULT R=38713 -> T=38441  offset=-272  xor=0x00110  popcnt=2
FAULT R=38713 -> T=38456  offset=-257  xor=0x00101  popcnt=2
FAULT R=38713 -> T=38457  offset=-256  xor=0x00100  popcnt=1
FAULT R=38713 -> T=38462  offset=-251  xor=0x00107  popcnt=4
FAULT R=38713 -> T=38463  offset=-250  xor=0x00106  popcnt=3
FAULT R=38713 -> T=38696  offset=-17  xor=0x00011  popcnt=2
FAULT R=38713 -> T=38697  offset=-16  xor=0x00010  popcnt=1
FAULT R=38713 -> T=38702  offset=-11  xor=0x00017  popcnt=4
FAULT R=38713 -> T=38703  offset=-10  xor=0x00016  popcnt=3
FAULT R=38713 -> T=38712  offset=-1  xor=0x00001  popcnt=1
FAULT R=38713 -> T=38718  offset=+5  xor=0x00007  popcnt=3
FAULT R=38713 -> T=38719  offset=+6  xor=0x00006  popcnt=2
FAULT R=38714 -> T=38442  offset=-272  xor=0x00110  popcnt=2
FAULT R=38714 -> T=38458  offset=-256  xor=0x00100  popcnt=1
FAULT R=38714 -> T=38462  offset=-252  xor=0x00104  popcnt=2
FAULT R=38714 -> T=38698  offset=-16  xor=0x00010  popcnt=1
FAULT R=38714 -> T=38702  offset=-12  xor=0x00014  popcnt=2
FAULT R=38714 -> T=38718  offset=+4  xor=0x00004  popcnt=1
FAULT R=38715 -> T=38442  offset=-273  xor=0x00111  popcnt=3
FAULT R=38715 -> T=38443  offset=-272  xor=0x00110  popcnt=2
FAULT R=38715 -> T=38458  offset=-257  xor=0x00101  popcnt=2
FAULT R=38715 -> T=38459  offset=-256  xor=0x00100  popcnt=1
FAULT R=38715 -> T=38462  offset=-253  xor=0x00105  popcnt=3
FAULT R=38715 -> T=38463  offset=-252  xor=0x00104  popcnt=2
FAULT R=38715 -> T=38698  offset=-17  xor=0x00011  popcnt=2
FAULT R=38715 -> T=38699  offset=-16  xor=0x00010  popcnt=1
FAULT R=38715 -> T=38702  offset=-13  xor=0x00015  popcnt=3
FAULT R=38715 -> T=38703  offset=-12  xor=0x00014  popcnt=2
FAULT R=38715 -> T=38714  offset=-1  xor=0x00001  popcnt=1
FAULT R=38715 -> T=38718  offset=+3  xor=0x00005  popcnt=2
FAULT R=38715 -> T=38719  offset=+4  xor=0x00004  popcnt=1
FAULT R=38716 -> T=38460  offset=-256  xor=0x00100  popcnt=1
FAULT R=38716 -> T=38462  offset=-254  xor=0x00102  popcnt=2
FAULT R=38716 -> T=38700  offset=-16  xor=0x00010  popcnt=1
FAULT R=38716 -> T=38702  offset=-14  xor=0x00012  popcnt=2
FAULT R=38716 -> T=38718  offset=+2  xor=0x00002  popcnt=1
FAULT R=38717 -> T=38460  offset=-257  xor=0x00101  popcnt=2
FAULT R=38717 -> T=38461  offset=-256  xor=0x00100  popcnt=1
FAULT R=38717 -> T=38462  offset=-255  xor=0x00103  popcnt=3
FAULT R=38717 -> T=38463  offset=-254  xor=0x00102  popcnt=2
FAULT R=38717 -> T=38700  offset=-17  xor=0x00011  popcnt=2
FAULT R=38717 -> T=38701  offset=-16  xor=0x00010  popcnt=1
FAULT R=38717 -> T=38702  offset=-15  xor=0x00013  popcnt=3
FAULT R=38717 -> T=38703  offset=-14  xor=0x00012  popcnt=2
FAULT R=38717 -> T=38716  offset=-1  xor=0x00001  popcnt=1
FAULT R=38717 -> T=38718  offset=+1  xor=0x00003  popcnt=2
FAULT R=38717 -> T=38719  offset=+2  xor=0x00002  popcnt=1
FAULT R=38718 -> T=38462  offset=-256  xor=0x00100  popcnt=1
FAULT R=38718 -> T=38702  offset=-16  xor=0x00010  popcnt=1
FAULT R=38719 -> T=38462  offset=-257  xor=0x00101  popcnt=2
FAULT R=38719 -> T=38463  offset=-256  xor=0x00100  popcnt=1
FAULT R=38719 -> T=38702  offset=-17  xor=0x00011  popcnt=2
FAULT R=38719 -> T=38703  offset=-16  xor=0x00010  popcnt=1
FAULT R=38719 -> T=38718  offset=-1  xor=0x00001  popcnt=1
FAULT R=38720 -> T=38432  offset=-288  xor=0x00160  popcnt=3
FAULT R=38720 -> T=38440  offset=-280  xor=0x00168  popcnt=4
FAULT R=38720 -> T=38464  offset=-256  xor=0x00100  popcnt=1
FAULT R=38720 -> T=38470  offset=-250  xor=0x00106  popcnt=3
FAULT R=38720 -> T=38472  offset=-248  xor=0x00108  popcnt=2
FAULT R=38720 -> T=38478  offset=-242  xor=0x0010e  popcnt=4
FAULT R=38720 -> T=38688  offset=-32  xor=0x00060  popcnt=2
FAULT R=38720 -> T=38694  offset=-26  xor=0x00066  popcnt=4
FAULT R=38720 -> T=38696  offset=-24  xor=0x00068  popcnt=3
FAULT R=38720 -> T=38702  offset=-18  xor=0x0006e  popcnt=5
FAULT R=38720 -> T=38726  offset=+6  xor=0x00006  popcnt=2
FAULT R=38720 -> T=38728  offset=+8  xor=0x00008  popcnt=1
FAULT R=38720 -> T=38734  offset=+14  xor=0x0000e  popcnt=3
FAULT R=38722 -> T=38434  offset=-288  xor=0x00160  popcnt=3
FAULT R=38722 -> T=38442  offset=-280  xor=0x00168  popcnt=4
FAULT R=38722 -> T=38466  offset=-256  xor=0x00100  popcnt=1
FAULT R=38722 -> T=38470  offset=-252  xor=0x00104  popcnt=2
FAULT R=38722 -> T=38474  offset=-248  xor=0x00108  popcnt=2
FAULT R=38722 -> T=38478  offset=-244  xor=0x0010c  popcnt=3
FAULT R=38722 -> T=38690  offset=-32  xor=0x00060  popcnt=2
FAULT R=38722 -> T=38694  offset=-28  xor=0x00064  popcnt=3
FAULT R=38722 -> T=38698  offset=-24  xor=0x00068  popcnt=3
FAULT R=38722 -> T=38702  offset=-20  xor=0x0006c  popcnt=4
FAULT R=38722 -> T=38726  offset=+4  xor=0x00004  popcnt=1
FAULT R=38722 -> T=38730  offset=+8  xor=0x00008  popcnt=1
FAULT R=38722 -> T=38734  offset=+12  xor=0x0000c  popcnt=2
FAULT R=38724 -> T=38468  offset=-256  xor=0x00100  popcnt=1
FAULT R=38724 -> T=38470  offset=-254  xor=0x00102  popcnt=2
FAULT R=38724 -> T=38476  offset=-248  xor=0x00108  popcnt=2
FAULT R=38724 -> T=38478  offset=-246  xor=0x0010a  popcnt=3
FAULT R=38724 -> T=38692  offset=-32  xor=0x00060  popcnt=2
FAULT R=38724 -> T=38694  offset=-30  xor=0x00062  popcnt=3
FAULT R=38724 -> T=38700  offset=-24  xor=0x00068  popcnt=3
FAULT R=38724 -> T=38702  offset=-22  xor=0x0006a  popcnt=4
FAULT R=38724 -> T=38726  offset=+2  xor=0x00002  popcnt=1
FAULT R=38724 -> T=38732  offset=+8  xor=0x00008  popcnt=1
FAULT R=38724 -> T=38734  offset=+10  xor=0x0000a  popcnt=2
FAULT R=38726 -> T=38470  offset=-256  xor=0x00100  popcnt=1
FAULT R=38726 -> T=38478  offset=-248  xor=0x00108  popcnt=2
FAULT R=38726 -> T=38694  offset=-32  xor=0x00060  popcnt=2
FAULT R=38726 -> T=38702  offset=-24  xor=0x00068  popcnt=3
FAULT R=38726 -> T=38734  offset=+8  xor=0x00008  popcnt=1
FAULT R=38727 -> T=38470  offset=-257  xor=0x00101  popcnt=2
FAULT R=38727 -> T=38471  offset=-256  xor=0x00100  popcnt=1
FAULT R=38727 -> T=38478  offset=-249  xor=0x00109  popcnt=3
FAULT R=38727 -> T=38479  offset=-248  xor=0x00108  popcnt=2
FAULT R=38727 -> T=38694  offset=-33  xor=0x00061  popcnt=3
FAULT R=38727 -> T=38695  offset=-32  xor=0x00060  popcnt=2
FAULT R=38727 -> T=38702  offset=-25  xor=0x00069  popcnt=4
FAULT R=38727 -> T=38703  offset=-24  xor=0x00068  popcnt=3
FAULT R=38727 -> T=38726  offset=-1  xor=0x00001  popcnt=1
FAULT R=38727 -> T=38734  offset=+7  xor=0x00009  popcnt=2
FAULT R=38727 -> T=38735  offset=+8  xor=0x00008  popcnt=1
FAULT R=38728 -> T=38440  offset=-288  xor=0x00160  popcnt=3
FAULT R=38728 -> T=38472  offset=-256  xor=0x00100  popcnt=1
FAULT R=38728 -> T=38478  offset=-250  xor=0x00106  popcnt=3
FAULT R=38728 -> T=38696  offset=-32  xor=0x00060  popcnt=2
FAULT R=38728 -> T=38702  offset=-26  xor=0x00066  popcnt=4
FAULT R=38728 -> T=38734  offset=+6  xor=0x00006  popcnt=2
FAULT R=38729 -> T=38440  offset=-289  xor=0x00161  popcnt=4
FAULT R=38729 -> T=38441  offset=-288  xor=0x00160  popcnt=3
FAULT R=38729 -> T=38472  offset=-257  xor=0x00101  popcnt=2
FAULT R=38729 -> T=38473  offset=-256  xor=0x00100  popcnt=1
FAULT R=38729 -> T=38478  offset=-251  xor=0x00107  popcnt=4
FAULT R=38729 -> T=38479  offset=-250  xor=0x00106  popcnt=3
FAULT R=38729 -> T=38696  offset=-33  xor=0x00061  popcnt=3
FAULT R=38729 -> T=38697  offset=-32  xor=0x00060  popcnt=2
FAULT R=38729 -> T=38702  offset=-27  xor=0x00067  popcnt=5
FAULT R=38729 -> T=38703  offset=-26  xor=0x00066  popcnt=4
FAULT R=38729 -> T=38728  offset=-1  xor=0x00001  popcnt=1
FAULT R=38729 -> T=38734  offset=+5  xor=0x00007  popcnt=3
FAULT R=38729 -> T=38735  offset=+6  xor=0x00006  popcnt=2
FAULT R=38730 -> T=38442  offset=-288  xor=0x00160  popcnt=3
FAULT R=38730 -> T=38474  offset=-256  xor=0x00100  popcnt=1
FAULT R=38730 -> T=38478  offset=-252  xor=0x00104  popcnt=2
FAULT R=38730 -> T=38698  offset=-32  xor=0x00060  popcnt=2
FAULT R=38730 -> T=38702  offset=-28  xor=0x00064  popcnt=3
FAULT R=38730 -> T=38734  offset=+4  xor=0x00004  popcnt=1
FAULT R=38731 -> T=38442  offset=-289  xor=0x00161  popcnt=4
FAULT R=38731 -> T=38443  offset=-288  xor=0x00160  popcnt=3
FAULT R=38731 -> T=38474  offset=-257  xor=0x00101  popcnt=2
FAULT R=38731 -> T=38475  offset=-256  xor=0x00100  popcnt=1
FAULT R=38731 -> T=38478  offset=-253  xor=0x00105  popcnt=3
FAULT R=38731 -> T=38479  offset=-252  xor=0x00104  popcnt=2
FAULT R=38731 -> T=38698  offset=-33  xor=0x00061  popcnt=3
FAULT R=38731 -> T=38699  offset=-32  xor=0x00060  popcnt=2
FAULT R=38731 -> T=38702  offset=-29  xor=0x00065  popcnt=4
FAULT R=38731 -> T=38703  offset=-28  xor=0x00064  popcnt=3
FAULT R=38731 -> T=38730  offset=-1  xor=0x00001  popcnt=1
FAULT R=38731 -> T=38734  offset=+3  xor=0x00005  popcnt=2
FAULT R=38731 -> T=38735  offset=+4  xor=0x00004  popcnt=1
FAULT R=38732 -> T=38476  offset=-256  xor=0x00100  popcnt=1
FAULT R=38732 -> T=38478  offset=-254  xor=0x00102  popcnt=2
FAULT R=38732 -> T=38700  offset=-32  xor=0x00060  popcnt=2
FAULT R=38732 -> T=38702  offset=-30  xor=0x00062  popcnt=3
FAULT R=38732 -> T=38734  offset=+2  xor=0x00002  popcnt=1
FAULT R=38733 -> T=38476  offset=-257  xor=0x00101  popcnt=2
FAULT R=38733 -> T=38477  offset=-256  xor=0x00100  popcnt=1
FAULT R=38733 -> T=38478  offset=-255  xor=0x00103  popcnt=3
FAULT R=38733 -> T=38479  offset=-254  xor=0x00102  popcnt=2
FAULT R=38733 -> T=38700  offset=-33  xor=0x00061  popcnt=3
FAULT R=38733 -> T=38701  offset=-32  xor=0x00060  popcnt=2
FAULT R=38733 -> T=38702  offset=-31  xor=0x00063  popcnt=4
FAULT R=38733 -> T=38703  offset=-30  xor=0x00062  popcnt=3
FAULT R=38733 -> T=38732  offset=-1  xor=0x00001  popcnt=1
FAULT R=38733 -> T=38734  offset=+1  xor=0x00003  popcnt=2
FAULT R=38733 -> T=38735  offset=+2  xor=0x00002  popcnt=1
FAULT R=38734 -> T=38478  offset=-256  xor=0x00100  popcnt=1
FAULT R=38734 -> T=38702  offset=-32  xor=0x00060  popcnt=2
FAULT R=38735 -> T=38478  offset=-257  xor=0x00101  popcnt=2
FAULT R=38735 -> T=38479  offset=-256  xor=0x00100  popcnt=1
FAULT R=38735 -> T=38702  offset=-33  xor=0x00061  popcnt=3
FAULT R=38735 -> T=38703  offset=-32  xor=0x00060  popcnt=2
FAULT R=38735 -> T=38734  offset=-1  xor=0x00001  popcnt=1
FAULT R=38736 -> T=38440  offset=-296  xor=0x00178  popcnt=5
FAULT R=38736 -> T=38448  offset=-288  xor=0x00160  popcnt=3
FAULT R=38736 -> T=38454  offset=-282  xor=0x00166  popcnt=5
FAULT R=38736 -> T=38472  offset=-264  xor=0x00118  popcnt=3
FAULT R=38736 -> T=38478  offset=-258  xor=0x0011e  popcnt=5
FAULT R=38736 -> T=38480  offset=-256  xor=0x00100  popcnt=1
FAULT R=38736 -> T=38486  offset=-250  xor=0x00106  popcnt=3
FAULT R=38736 -> T=38696  offset=-40  xor=0x00078  popcnt=4
FAULT R=38736 -> T=38702  offset=-34  xor=0x0007e  popcnt=6
FAULT R=38736 -> T=38704  offset=-32  xor=0x00060  popcnt=2
FAULT R=38736 -> T=38710  offset=-26  xor=0x00066  popcnt=4
FAULT R=38736 -> T=38728  offset=-8  xor=0x00018  popcnt=2
FAULT R=38736 -> T=38734  offset=-2  xor=0x0001e  popcnt=4
FAULT R=38736 -> T=38742  offset=+6  xor=0x00006  popcnt=2
FAULT R=38738 -> T=38442  offset=-296  xor=0x00178  popcnt=5
FAULT R=38738 -> T=38450  offset=-288  xor=0x00160  popcnt=3
FAULT R=38738 -> T=38454  offset=-284  xor=0x00164  popcnt=4
FAULT R=38738 -> T=38474  offset=-264  xor=0x00118  popcnt=3
FAULT R=38738 -> T=38478  offset=-260  xor=0x0011c  popcnt=4
FAULT R=38738 -> T=38482  offset=-256  xor=0x00100  popcnt=1
FAULT R=38738 -> T=38486  offset=-252  xor=0x00104  popcnt=2
FAULT R=38738 -> T=38698  offset=-40  xor=0x00078  popcnt=4
FAULT R=38738 -> T=38702  offset=-36  xor=0x0007c  popcnt=5
FAULT R=38738 -> T=38706  offset=-32  xor=0x00060  popcnt=2
FAULT R=38738 -> T=38710  offset=-28  xor=0x00064  popcnt=3
FAULT R=38738 -> T=38730  offset=-8  xor=0x00018  popcnt=2
FAULT R=38738 -> T=38734  offset=-4  xor=0x0001c  popcnt=3
FAULT R=38738 -> T=38742  offset=+4  xor=0x00004  popcnt=1
FAULT R=38740 -> T=38452  offset=-288  xor=0x00160  popcnt=3
FAULT R=38740 -> T=38454  offset=-286  xor=0x00162  popcnt=4
FAULT R=38740 -> T=38476  offset=-264  xor=0x00118  popcnt=3
FAULT R=38740 -> T=38478  offset=-262  xor=0x0011a  popcnt=4
FAULT R=38740 -> T=38484  offset=-256  xor=0x00100  popcnt=1
FAULT R=38740 -> T=38486  offset=-254  xor=0x00102  popcnt=2
FAULT R=38740 -> T=38700  offset=-40  xor=0x00078  popcnt=4
FAULT R=38740 -> T=38702  offset=-38  xor=0x0007a  popcnt=5
FAULT R=38740 -> T=38708  offset=-32  xor=0x00060  popcnt=2
FAULT R=38740 -> T=38710  offset=-30  xor=0x00062  popcnt=3
FAULT R=38740 -> T=38732  offset=-8  xor=0x00018  popcnt=2
FAULT R=38740 -> T=38734  offset=-6  xor=0x0001a  popcnt=3
FAULT R=38740 -> T=38742  offset=+2  xor=0x00002  popcnt=1
FAULT R=38742 -> T=38454  offset=-288  xor=0x00160  popcnt=3
FAULT R=38742 -> T=38478  offset=-264  xor=0x00118  popcnt=3
FAULT R=38742 -> T=38486  offset=-256  xor=0x00100  popcnt=1
FAULT R=38742 -> T=38702  offset=-40  xor=0x00078  popcnt=4
FAULT R=38742 -> T=38710  offset=-32  xor=0x00060  popcnt=2
FAULT R=38742 -> T=38734  offset=-8  xor=0x00018  popcnt=2
FAULT R=38743 -> T=38454  offset=-289  xor=0x00161  popcnt=4
FAULT R=38743 -> T=38455  offset=-288  xor=0x00160  popcnt=3
FAULT R=38743 -> T=38478  offset=-265  xor=0x00119  popcnt=4
FAULT R=38743 -> T=38479  offset=-264  xor=0x00118  popcnt=3
FAULT R=38743 -> T=38486  offset=-257  xor=0x00101  popcnt=2
FAULT R=38743 -> T=38487  offset=-256  xor=0x00100  popcnt=1
FAULT R=38743 -> T=38702  offset=-41  xor=0x00079  popcnt=5
FAULT R=38743 -> T=38703  offset=-40  xor=0x00078  popcnt=4
FAULT R=38743 -> T=38710  offset=-33  xor=0x00061  popcnt=3
FAULT R=38743 -> T=38711  offset=-32  xor=0x00060  popcnt=2
FAULT R=38743 -> T=38734  offset=-9  xor=0x00019  popcnt=3
FAULT R=38743 -> T=38735  offset=-8  xor=0x00018  popcnt=2
FAULT R=38743 -> T=38742  offset=-1  xor=0x00001  popcnt=1
FAULT R=38744 -> T=38440  offset=-304  xor=0x00170  popcnt=4
FAULT R=38744 -> T=38456  offset=-288  xor=0x00160  popcnt=3
FAULT R=38744 -> T=38462  offset=-282  xor=0x00166  popcnt=5
FAULT R=38744 -> T=38472  offset=-272  xor=0x00110  popcnt=2
FAULT R=38744 -> T=38478  offset=-266  xor=0x00116  popcnt=4
FAULT R=38744 -> T=38488  offset=-256  xor=0x00100  popcnt=1
FAULT R=38744 -> T=38494  offset=-250  xor=0x00106  popcnt=3
FAULT R=38744 -> T=38696  offset=-48  xor=0x00070  popcnt=3
FAULT R=38744 -> T=38702  offset=-42  xor=0x00076  popcnt=5
FAULT R=38744 -> T=38712  offset=-32  xor=0x00060  popcnt=2
FAULT R=38744 -> T=38718  offset=-26  xor=0x00066  popcnt=4
FAULT R=38744 -> T=38728  offset=-16  xor=0x00010  popcnt=1
FAULT R=38744 -> T=38734  offset=-10  xor=0x00016  popcnt=3
FAULT R=38744 -> T=38750  offset=+6  xor=0x00006  popcnt=2
FAULT R=38746 -> T=38442  offset=-304  xor=0x00170  popcnt=4
FAULT R=38746 -> T=38458  offset=-288  xor=0x00160  popcnt=3
FAULT R=38746 -> T=38462  offset=-284  xor=0x00164  popcnt=4
FAULT R=38746 -> T=38474  offset=-272  xor=0x00110  popcnt=2
FAULT R=38746 -> T=38478  offset=-268  xor=0x00114  popcnt=3
FAULT R=38746 -> T=38490  offset=-256  xor=0x00100  popcnt=1
FAULT R=38746 -> T=38494  offset=-252  xor=0x00104  popcnt=2
FAULT R=38746 -> T=38698  offset=-48  xor=0x00070  popcnt=3
FAULT R=38746 -> T=38702  offset=-44  xor=0x00074  popcnt=4
FAULT R=38746 -> T=38714  offset=-32  xor=0x00060  popcnt=2
FAULT R=38746 -> T=38718  offset=-28  xor=0x00064  popcnt=3
FAULT R=38746 -> T=38730  offset=-16  xor=0x00010  popcnt=1
FAULT R=38746 -> T=38734  offset=-12  xor=0x00014  popcnt=2
FAULT R=38746 -> T=38750  offset=+4  xor=0x00004  popcnt=1
FAULT R=38748 -> T=38460  offset=-288  xor=0x00160  popcnt=3
FAULT R=38748 -> T=38462  offset=-286  xor=0x00162  popcnt=4
FAULT R=38748 -> T=38476  offset=-272  xor=0x00110  popcnt=2
FAULT R=38748 -> T=38478  offset=-270  xor=0x00112  popcnt=3
FAULT R=38748 -> T=38492  offset=-256  xor=0x00100  popcnt=1
FAULT R=38748 -> T=38494  offset=-254  xor=0x00102  popcnt=2
FAULT R=38748 -> T=38700  offset=-48  xor=0x00070  popcnt=3
FAULT R=38748 -> T=38702  offset=-46  xor=0x00072  popcnt=4
FAULT R=38748 -> T=38716  offset=-32  xor=0x00060  popcnt=2
FAULT R=38748 -> T=38718  offset=-30  xor=0x00062  popcnt=3
FAULT R=38748 -> T=38732  offset=-16  xor=0x00010  popcnt=1
FAULT R=38748 -> T=38734  offset=-14  xor=0x00012  popcnt=2
FAULT R=38748 -> T=38750  offset=+2  xor=0x00002  popcnt=1
FAULT R=38750 -> T=38462  offset=-288  xor=0x00160  popcnt=3
FAULT R=38750 -> T=38478  offset=-272  xor=0x00110  popcnt=2
FAULT R=38750 -> T=38494  offset=-256  xor=0x00100  popcnt=1
FAULT R=38750 -> T=38702  offset=-48  xor=0x00070  popcnt=3
FAULT R=38750 -> T=38718  offset=-32  xor=0x00060  popcnt=2
FAULT R=38750 -> T=38734  offset=-16  xor=0x00010  popcnt=1
FAULT R=38751 -> T=38462  offset=-289  xor=0x00161  popcnt=4
FAULT R=38751 -> T=38463  offset=-288  xor=0x00160  popcnt=3
FAULT R=38751 -> T=38478  offset=-273  xor=0x00111  popcnt=3
FAULT R=38751 -> T=38479  offset=-272  xor=0x00110  popcnt=2
FAULT R=38751 -> T=38494  offset=-257  xor=0x00101  popcnt=2
FAULT R=38751 -> T=38495  offset=-256  xor=0x00100  popcnt=1
FAULT R=38751 -> T=38702  offset=-49  xor=0x00071  popcnt=4
FAULT R=38751 -> T=38703  offset=-48  xor=0x00070  popcnt=3
FAULT R=38751 -> T=38718  offset=-33  xor=0x00061  popcnt=3
FAULT R=38751 -> T=38719  offset=-32  xor=0x00060  popcnt=2
FAULT R=38751 -> T=38734  offset=-17  xor=0x00011  popcnt=2
FAULT R=38751 -> T=38735  offset=-16  xor=0x00010  popcnt=1
FAULT R=38751 -> T=38750  offset=-1  xor=0x00001  popcnt=1
FAULT R=38752 -> T=38432  offset=-320  xor=0x00140  popcnt=2
FAULT R=38752 -> T=38440  offset=-312  xor=0x00148  popcnt=3
FAULT R=38752 -> T=38496  offset=-256  xor=0x00100  popcnt=1
FAULT R=38752 -> T=38504  offset=-248  xor=0x00108  popcnt=2
FAULT R=38752 -> T=38688  offset=-64  xor=0x00040  popcnt=1
FAULT R=38752 -> T=38694  offset=-58  xor=0x00046  popcnt=3
FAULT R=38752 -> T=38696  offset=-56  xor=0x00048  popcnt=2
FAULT R=38752 -> T=38702  offset=-50  xor=0x0004e  popcnt=4
FAULT R=38752 -> T=38758  offset=+6  xor=0x00006  popcnt=2
FAULT R=38752 -> T=38760  offset=+8  xor=0x00008  popcnt=1
FAULT R=38752 -> T=38766  offset=+14  xor=0x0000e  popcnt=3
FAULT R=38754 -> T=38434  offset=-320  xor=0x00140  popcnt=2
FAULT R=38754 -> T=38442  offset=-312  xor=0x00148  popcnt=3
FAULT R=38754 -> T=38498  offset=-256  xor=0x00100  popcnt=1
FAULT R=38754 -> T=38506  offset=-248  xor=0x00108  popcnt=2
FAULT R=38754 -> T=38690  offset=-64  xor=0x00040  popcnt=1
FAULT R=38754 -> T=38694  offset=-60  xor=0x00044  popcnt=2
FAULT R=38754 -> T=38698  offset=-56  xor=0x00048  popcnt=2
FAULT R=38754 -> T=38702  offset=-52  xor=0x0004c  popcnt=3
FAULT R=38754 -> T=38758  offset=+4  xor=0x00004  popcnt=1
FAULT R=38754 -> T=38762  offset=+8  xor=0x00008  popcnt=1
FAULT R=38754 -> T=38766  offset=+12  xor=0x0000c  popcnt=2
FAULT R=38756 -> T=38692  offset=-64  xor=0x00040  popcnt=1
FAULT R=38756 -> T=38694  offset=-62  xor=0x00042  popcnt=2
FAULT R=38756 -> T=38700  offset=-56  xor=0x00048  popcnt=2
FAULT R=38756 -> T=38702  offset=-54  xor=0x0004a  popcnt=3
FAULT R=38756 -> T=38758  offset=+2  xor=0x00002  popcnt=1
FAULT R=38756 -> T=38764  offset=+8  xor=0x00008  popcnt=1
FAULT R=38756 -> T=38766  offset=+10  xor=0x0000a  popcnt=2
FAULT R=38758 -> T=38694  offset=-64  xor=0x00040  popcnt=1
FAULT R=38758 -> T=38702  offset=-56  xor=0x00048  popcnt=2
FAULT R=38758 -> T=38766  offset=+8  xor=0x00008  popcnt=1
FAULT R=38759 -> T=38694  offset=-65  xor=0x00041  popcnt=2
FAULT R=38759 -> T=38695  offset=-64  xor=0x00040  popcnt=1
FAULT R=38759 -> T=38702  offset=-57  xor=0x00049  popcnt=3
FAULT R=38759 -> T=38703  offset=-56  xor=0x00048  popcnt=2
FAULT R=38759 -> T=38758  offset=-1  xor=0x00001  popcnt=1
FAULT R=38759 -> T=38766  offset=+7  xor=0x00009  popcnt=2
FAULT R=38759 -> T=38767  offset=+8  xor=0x00008  popcnt=1
FAULT R=38760 -> T=38440  offset=-320  xor=0x00140  popcnt=2
FAULT R=38760 -> T=38504  offset=-256  xor=0x00100  popcnt=1
FAULT R=38760 -> T=38696  offset=-64  xor=0x00040  popcnt=1
FAULT R=38760 -> T=38702  offset=-58  xor=0x00046  popcnt=3
FAULT R=38760 -> T=38766  offset=+6  xor=0x00006  popcnt=2
FAULT R=38761 -> T=38440  offset=-321  xor=0x00141  popcnt=3
FAULT R=38761 -> T=38441  offset=-320  xor=0x00140  popcnt=2
FAULT R=38761 -> T=38504  offset=-257  xor=0x00101  popcnt=2
FAULT R=38761 -> T=38505  offset=-256  xor=0x00100  popcnt=1
FAULT R=38761 -> T=38696  offset=-65  xor=0x00041  popcnt=2
FAULT R=38761 -> T=38697  offset=-64  xor=0x00040  popcnt=1
FAULT R=38761 -> T=38702  offset=-59  xor=0x00047  popcnt=4
FAULT R=38761 -> T=38703  offset=-58  xor=0x00046  popcnt=3
FAULT R=38761 -> T=38760  offset=-1  xor=0x00001  popcnt=1
FAULT R=38761 -> T=38766  offset=+5  xor=0x00007  popcnt=3
FAULT R=38761 -> T=38767  offset=+6  xor=0x00006  popcnt=2
FAULT R=38762 -> T=38442  offset=-320  xor=0x00140  popcnt=2
FAULT R=38762 -> T=38506  offset=-256  xor=0x00100  popcnt=1
FAULT R=38762 -> T=38698  offset=-64  xor=0x00040  popcnt=1
FAULT R=38762 -> T=38702  offset=-60  xor=0x00044  popcnt=2
FAULT R=38762 -> T=38766  offset=+4  xor=0x00004  popcnt=1
FAULT R=38763 -> T=38442  offset=-321  xor=0x00141  popcnt=3
FAULT R=38763 -> T=38443  offset=-320  xor=0x00140  popcnt=2
FAULT R=38763 -> T=38506  offset=-257  xor=0x00101  popcnt=2
FAULT R=38763 -> T=38507  offset=-256  xor=0x00100  popcnt=1
FAULT R=38763 -> T=38698  offset=-65  xor=0x00041  popcnt=2
FAULT R=38763 -> T=38699  offset=-64  xor=0x00040  popcnt=1
FAULT R=38763 -> T=38702  offset=-61  xor=0x00045  popcnt=3
FAULT R=38763 -> T=38703  offset=-60  xor=0x00044  popcnt=2
FAULT R=38763 -> T=38762  offset=-1  xor=0x00001  popcnt=1
FAULT R=38763 -> T=38766  offset=+3  xor=0x00005  popcnt=2
FAULT R=38763 -> T=38767  offset=+4  xor=0x00004  popcnt=1
FAULT R=38764 -> T=38700  offset=-64  xor=0x00040  popcnt=1
FAULT R=38764 -> T=38702  offset=-62  xor=0x00042  popcnt=2
FAULT R=38764 -> T=38766  offset=+2  xor=0x00002  popcnt=1
FAULT R=38765 -> T=38700  offset=-65  xor=0x00041  popcnt=2
FAULT R=38765 -> T=38701  offset=-64  xor=0x00040  popcnt=1
FAULT R=38765 -> T=38702  offset=-63  xor=0x00043  popcnt=3
FAULT R=38765 -> T=38703  offset=-62  xor=0x00042  popcnt=2
FAULT R=38765 -> T=38764  offset=-1  xor=0x00001  popcnt=1
FAULT R=38765 -> T=38766  offset=+1  xor=0x00003  popcnt=2
FAULT R=38765 -> T=38767  offset=+2  xor=0x00002  popcnt=1
FAULT R=38766 -> T=38702  offset=-64  xor=0x00040  popcnt=1
FAULT R=38767 -> T=38702  offset=-65  xor=0x00041  popcnt=2
FAULT R=38767 -> T=38703  offset=-64  xor=0x00040  popcnt=1
FAULT R=38767 -> T=38766  offset=-1  xor=0x00001  popcnt=1
FAULT R=38768 -> T=38440  offset=-328  xor=0x00158  popcnt=4
FAULT R=38768 -> T=38448  offset=-320  xor=0x00140  popcnt=2
FAULT R=38768 -> T=38454  offset=-314  xor=0x00146  popcnt=4
FAULT R=38768 -> T=38504  offset=-264  xor=0x00118  popcnt=3
FAULT R=38768 -> T=38512  offset=-256  xor=0x00100  popcnt=1
FAULT R=38768 -> T=38518  offset=-250  xor=0x00106  popcnt=3
FAULT R=38768 -> T=38696  offset=-72  xor=0x00058  popcnt=3
FAULT R=38768 -> T=38702  offset=-66  xor=0x0005e  popcnt=5
FAULT R=38768 -> T=38704  offset=-64  xor=0x00040  popcnt=1
FAULT R=38768 -> T=38710  offset=-58  xor=0x00046  popcnt=3
FAULT R=38768 -> T=38760  offset=-8  xor=0x00018  popcnt=2
FAULT R=38768 -> T=38766  offset=-2  xor=0x0001e  popcnt=4
FAULT R=38768 -> T=38774  offset=+6  xor=0x00006  popcnt=2
FAULT R=38770 -> T=38442  offset=-328  xor=0x00158  popcnt=4
FAULT R=38770 -> T=38450  offset=-320  xor=0x00140  popcnt=2
FAULT R=38770 -> T=38454  offset=-316  xor=0x00144  popcnt=3
FAULT R=38770 -> T=38506  offset=-264  xor=0x00118  popcnt=3
FAULT R=38770 -> T=38514  offset=-256  xor=0x00100  popcnt=1
FAULT R=38770 -> T=38518  offset=-252  xor=0x00104  popcnt=2
FAULT R=38770 -> T=38698  offset=-72  xor=0x00058  popcnt=3
FAULT R=38770 -> T=38702  offset=-68  xor=0x0005c  popcnt=4
FAULT R=38770 -> T=38706  offset=-64  xor=0x00040  popcnt=1
FAULT R=38770 -> T=38710  offset=-60  xor=0x00044  popcnt=2
FAULT R=38770 -> T=38762  offset=-8  xor=0x00018  popcnt=2
FAULT R=38770 -> T=38766  offset=-4  xor=0x0001c  popcnt=3
FAULT R=38770 -> T=38774  offset=+4  xor=0x00004  popcnt=1
FAULT R=38772 -> T=38452  offset=-320  xor=0x00140  popcnt=2
FAULT R=38772 -> T=38454  offset=-318  xor=0x00142  popcnt=3
FAULT R=38772 -> T=38516  offset=-256  xor=0x00100  popcnt=1
FAULT R=38772 -> T=38518  offset=-254  xor=0x00102  popcnt=2
FAULT R=38772 -> T=38700  offset=-72  xor=0x00058  popcnt=3
FAULT R=38772 -> T=38702  offset=-70  xor=0x0005a  popcnt=4
FAULT R=38772 -> T=38708  offset=-64  xor=0x00040  popcnt=1
FAULT R=38772 -> T=38710  offset=-62  xor=0x00042  popcnt=2
FAULT R=38772 -> T=38764  offset=-8  xor=0x00018  popcnt=2
FAULT R=38772 -> T=38766  offset=-6  xor=0x0001a  popcnt=3
FAULT R=38772 -> T=38774  offset=+2  xor=0x00002  popcnt=1
FAULT R=38774 -> T=38454  offset=-320  xor=0x00140  popcnt=2
FAULT R=38774 -> T=38518  offset=-256  xor=0x00100  popcnt=1
FAULT R=38774 -> T=38702  offset=-72  xor=0x00058  popcnt=3
FAULT R=38774 -> T=38710  offset=-64  xor=0x00040  popcnt=1
FAULT R=38774 -> T=38766  offset=-8  xor=0x00018  popcnt=2
FAULT R=38775 -> T=38454  offset=-321  xor=0x00141  popcnt=3
FAULT R=38775 -> T=38455  offset=-320  xor=0x00140  popcnt=2
FAULT R=38775 -> T=38518  offset=-257  xor=0x00101  popcnt=2
FAULT R=38775 -> T=38519  offset=-256  xor=0x00100  popcnt=1
FAULT R=38775 -> T=38702  offset=-73  xor=0x00059  popcnt=4
FAULT R=38775 -> T=38703  offset=-72  xor=0x00058  popcnt=3
FAULT R=38775 -> T=38710  offset=-65  xor=0x00041  popcnt=2
FAULT R=38775 -> T=38711  offset=-64  xor=0x00040  popcnt=1
FAULT R=38775 -> T=38766  offset=-9  xor=0x00019  popcnt=3
FAULT R=38775 -> T=38767  offset=-8  xor=0x00018  popcnt=2
FAULT R=38775 -> T=38774  offset=-1  xor=0x00001  popcnt=1
FAULT R=38776 -> T=38440  offset=-336  xor=0x00150  popcnt=3
FAULT R=38776 -> T=38456  offset=-320  xor=0x00140  popcnt=2
FAULT R=38776 -> T=38462  offset=-314  xor=0x00146  popcnt=4
FAULT R=38776 -> T=38504  offset=-272  xor=0x00110  popcnt=2
FAULT R=38776 -> T=38520  offset=-256  xor=0x00100  popcnt=1
FAULT R=38776 -> T=38526  offset=-250  xor=0x00106  popcnt=3
FAULT R=38776 -> T=38696  offset=-80  xor=0x00050  popcnt=2
FAULT R=38776 -> T=38702  offset=-74  xor=0x00056  popcnt=4
FAULT R=38776 -> T=38712  offset=-64  xor=0x00040  popcnt=1
FAULT R=38776 -> T=38718  offset=-58  xor=0x00046  popcnt=3
FAULT R=38776 -> T=38760  offset=-16  xor=0x00010  popcnt=1
FAULT R=38776 -> T=38766  offset=-10  xor=0x00016  popcnt=3
FAULT R=38776 -> T=38782  offset=+6  xor=0x00006  popcnt=2
FAULT R=38778 -> T=38442  offset=-336  xor=0x00150  popcnt=3
FAULT R=38778 -> T=38458  offset=-320  xor=0x00140  popcnt=2
FAULT R=38778 -> T=38462  offset=-316  xor=0x00144  popcnt=3
FAULT R=38778 -> T=38506  offset=-272  xor=0x00110  popcnt=2
FAULT R=38778 -> T=38522  offset=-256  xor=0x00100  popcnt=1
FAULT R=38778 -> T=38526  offset=-252  xor=0x00104  popcnt=2
FAULT R=38778 -> T=38698  offset=-80  xor=0x00050  popcnt=2
FAULT R=38778 -> T=38702  offset=-76  xor=0x00054  popcnt=3
FAULT R=38778 -> T=38714  offset=-64  xor=0x00040  popcnt=1
FAULT R=38778 -> T=38718  offset=-60  xor=0x00044  popcnt=2
FAULT R=38778 -> T=38762  offset=-16  xor=0x00010  popcnt=1
FAULT R=38778 -> T=38766  offset=-12  xor=0x00014  popcnt=2
FAULT R=38778 -> T=38782  offset=+4  xor=0x00004  popcnt=1
FAULT R=38780 -> T=38460  offset=-320  xor=0x00140  popcnt=2
FAULT R=38780 -> T=38462  offset=-318  xor=0x00142  popcnt=3
FAULT R=38780 -> T=38524  offset=-256  xor=0x00100  popcnt=1
FAULT R=38780 -> T=38526  offset=-254  xor=0x00102  popcnt=2
FAULT R=38780 -> T=38700  offset=-80  xor=0x00050  popcnt=2
FAULT R=38780 -> T=38702  offset=-78  xor=0x00052  popcnt=3
FAULT R=38780 -> T=38716  offset=-64  xor=0x00040  popcnt=1
FAULT R=38780 -> T=38718  offset=-62  xor=0x00042  popcnt=2
FAULT R=38780 -> T=38764  offset=-16  xor=0x00010  popcnt=1
FAULT R=38780 -> T=38766  offset=-14  xor=0x00012  popcnt=2
FAULT R=38780 -> T=38782  offset=+2  xor=0x00002  popcnt=1
FAULT R=38782 -> T=38462  offset=-320  xor=0x00140  popcnt=2
FAULT R=38782 -> T=38526  offset=-256  xor=0x00100  popcnt=1
FAULT R=38782 -> T=38702  offset=-80  xor=0x00050  popcnt=2
FAULT R=38782 -> T=38718  offset=-64  xor=0x00040  popcnt=1
FAULT R=38782 -> T=38766  offset=-16  xor=0x00010  popcnt=1
FAULT R=38783 -> T=38462  offset=-321  xor=0x00141  popcnt=3
FAULT R=38783 -> T=38463  offset=-320  xor=0x00140  popcnt=2
FAULT R=38783 -> T=38526  offset=-257  xor=0x00101  popcnt=2
FAULT R=38783 -> T=38527  offset=-256  xor=0x00100  popcnt=1
FAULT R=38783 -> T=38702  offset=-81  xor=0x00051  popcnt=3
FAULT R=38783 -> T=38703  offset=-80  xor=0x00050  popcnt=2
FAULT R=38783 -> T=38718  offset=-65  xor=0x00041  popcnt=2
FAULT R=38783 -> T=38719  offset=-64  xor=0x00040  popcnt=1
FAULT R=38783 -> T=38766  offset=-17  xor=0x00011  popcnt=2
FAULT R=38783 -> T=38767  offset=-16  xor=0x00010  popcnt=1
FAULT R=38783 -> T=38782  offset=-1  xor=0x00001  popcnt=1
FAULT R=38784 -> T=38400  offset=-384  xor=0x00180  popcnt=2
FAULT R=38784 -> T=38406  offset=-378  xor=0x00186  popcnt=4
FAULT R=38784 -> T=38408  offset=-376  xor=0x00188  popcnt=3
FAULT R=38784 -> T=38414  offset=-370  xor=0x0018e  popcnt=5
FAULT R=38784 -> T=38432  offset=-352  xor=0x001a0  popcnt=3
FAULT R=38784 -> T=38440  offset=-344  xor=0x001a8  popcnt=4
FAULT R=38784 -> T=38790  offset=+6  xor=0x00006  popcnt=2
FAULT R=38784 -> T=38792  offset=+8  xor=0x00008  popcnt=1
FAULT R=38784 -> T=38798  offset=+14  xor=0x0000e  popcnt=3
FAULT R=38784 -> T=38816  offset=+32  xor=0x00020  popcnt=1
FAULT R=38784 -> T=38822  offset=+38  xor=0x00026  popcnt=3
FAULT R=38784 -> T=38824  offset=+40  xor=0x00028  popcnt=2
FAULT R=38784 -> T=38830  offset=+46  xor=0x0002e  popcnt=4
FAULT R=38786 -> T=38402  offset=-384  xor=0x00180  popcnt=2
FAULT R=38786 -> T=38406  offset=-380  xor=0x00184  popcnt=3
FAULT R=38786 -> T=38410  offset=-376  xor=0x00188  popcnt=3
FAULT R=38786 -> T=38414  offset=-372  xor=0x0018c  popcnt=4
FAULT R=38786 -> T=38434  offset=-352  xor=0x001a0  popcnt=3
FAULT R=38786 -> T=38442  offset=-344  xor=0x001a8  popcnt=4
FAULT R=38786 -> T=38790  offset=+4  xor=0x00004  popcnt=1
FAULT R=38786 -> T=38794  offset=+8  xor=0x00008  popcnt=1
FAULT R=38786 -> T=38798  offset=+12  xor=0x0000c  popcnt=2
FAULT R=38786 -> T=38818  offset=+32  xor=0x00020  popcnt=1
FAULT R=38786 -> T=38822  offset=+36  xor=0x00024  popcnt=2
FAULT R=38786 -> T=38826  offset=+40  xor=0x00028  popcnt=2
FAULT R=38786 -> T=38830  offset=+44  xor=0x0002c  popcnt=3
FAULT R=38788 -> T=38404  offset=-384  xor=0x00180  popcnt=2
FAULT R=38788 -> T=38406  offset=-382  xor=0x00182  popcnt=3
FAULT R=38788 -> T=38412  offset=-376  xor=0x00188  popcnt=3
FAULT R=38788 -> T=38414  offset=-374  xor=0x0018a  popcnt=4
FAULT R=38788 -> T=38790  offset=+2  xor=0x00002  popcnt=1
FAULT R=38788 -> T=38796  offset=+8  xor=0x00008  popcnt=1
FAULT R=38788 -> T=38798  offset=+10  xor=0x0000a  popcnt=2
FAULT R=38788 -> T=38820  offset=+32  xor=0x00020  popcnt=1
FAULT R=38788 -> T=38822  offset=+34  xor=0x00022  popcnt=2
FAULT R=38788 -> T=38828  offset=+40  xor=0x00028  popcnt=2
FAULT R=38788 -> T=38830  offset=+42  xor=0x0002a  popcnt=3
FAULT R=38790 -> T=38406  offset=-384  xor=0x00180  popcnt=2
FAULT R=38790 -> T=38414  offset=-376  xor=0x00188  popcnt=3
FAULT R=38790 -> T=38798  offset=+8  xor=0x00008  popcnt=1
FAULT R=38790 -> T=38822  offset=+32  xor=0x00020  popcnt=1
FAULT R=38790 -> T=38830  offset=+40  xor=0x00028  popcnt=2
FAULT R=38791 -> T=38406  offset=-385  xor=0x00181  popcnt=3
FAULT R=38791 -> T=38407  offset=-384  xor=0x00180  popcnt=2
FAULT R=38791 -> T=38414  offset=-377  xor=0x00189  popcnt=4
FAULT R=38791 -> T=38415  offset=-376  xor=0x00188  popcnt=3
FAULT R=38791 -> T=38790  offset=-1  xor=0x00001  popcnt=1
FAULT R=38791 -> T=38798  offset=+7  xor=0x00009  popcnt=2
FAULT R=38791 -> T=38799  offset=+8  xor=0x00008  popcnt=1
FAULT R=38791 -> T=38822  offset=+31  xor=0x00021  popcnt=2
FAULT R=38791 -> T=38823  offset=+32  xor=0x00020  popcnt=1
FAULT R=38791 -> T=38830  offset=+39  xor=0x00029  popcnt=3
FAULT R=38791 -> T=38831  offset=+40  xor=0x00028  popcnt=2
FAULT R=38792 -> T=38408  offset=-384  xor=0x00180  popcnt=2
FAULT R=38792 -> T=38414  offset=-378  xor=0x00186  popcnt=4
FAULT R=38792 -> T=38440  offset=-352  xor=0x001a0  popcnt=3
FAULT R=38792 -> T=38798  offset=+6  xor=0x00006  popcnt=2
FAULT R=38792 -> T=38824  offset=+32  xor=0x00020  popcnt=1
FAULT R=38792 -> T=38830  offset=+38  xor=0x00026  popcnt=3
FAULT R=38793 -> T=38408  offset=-385  xor=0x00181  popcnt=3
FAULT R=38793 -> T=38409  offset=-384  xor=0x00180  popcnt=2
FAULT R=38793 -> T=38414  offset=-379  xor=0x00187  popcnt=5
FAULT R=38793 -> T=38415  offset=-378  xor=0x00186  popcnt=4
FAULT R=38793 -> T=38440  offset=-353  xor=0x001a1  popcnt=4
FAULT R=38793 -> T=38441  offset=-352  xor=0x001a0  popcnt=3
FAULT R=38793 -> T=38792  offset=-1  xor=0x00001  popcnt=1
FAULT R=38793 -> T=38798  offset=+5  xor=0x00007  popcnt=3
FAULT R=38793 -> T=38799  offset=+6  xor=0x00006  popcnt=2
FAULT R=38793 -> T=38824  offset=+31  xor=0x00021  popcnt=2
FAULT R=38793 -> T=38825  offset=+32  xor=0x00020  popcnt=1
FAULT R=38793 -> T=38830  offset=+37  xor=0x00027  popcnt=4
FAULT R=38793 -> T=38831  offset=+38  xor=0x00026  popcnt=3
FAULT R=38794 -> T=38410  offset=-384  xor=0x00180  popcnt=2
FAULT R=38794 -> T=38414  offset=-380  xor=0x00184  popcnt=3
FAULT R=38794 -> T=38442  offset=-352  xor=0x001a0  popcnt=3
FAULT R=38794 -> T=38798  offset=+4  xor=0x00004  popcnt=1
FAULT R=38794 -> T=38826  offset=+32  xor=0x00020  popcnt=1
FAULT R=38794 -> T=38830  offset=+36  xor=0x00024  popcnt=2
FAULT R=38795 -> T=38410  offset=-385  xor=0x00181  popcnt=3
FAULT R=38795 -> T=38411  offset=-384  xor=0x00180  popcnt=2
FAULT R=38795 -> T=38414  offset=-381  xor=0x00185  popcnt=4
FAULT R=38795 -> T=38415  offset=-380  xor=0x00184  popcnt=3
FAULT R=38795 -> T=38442  offset=-353  xor=0x001a1  popcnt=4
FAULT R=38795 -> T=38443  offset=-352  xor=0x001a0  popcnt=3
FAULT R=38795 -> T=38794  offset=-1  xor=0x00001  popcnt=1
FAULT R=38795 -> T=38798  offset=+3  xor=0x00005  popcnt=2
FAULT R=38795 -> T=38799  offset=+4  xor=0x00004  popcnt=1
FAULT R=38795 -> T=38826  offset=+31  xor=0x00021  popcnt=2
FAULT R=38795 -> T=38827  offset=+32  xor=0x00020  popcnt=1
FAULT R=38795 -> T=38830  offset=+35  xor=0x00025  popcnt=3
FAULT R=38795 -> T=38831  offset=+36  xor=0x00024  popcnt=2
FAULT R=38796 -> T=38412  offset=-384  xor=0x00180  popcnt=2
FAULT R=38796 -> T=38414  offset=-382  xor=0x00182  popcnt=3
FAULT R=38796 -> T=38798  offset=+2  xor=0x00002  popcnt=1
FAULT R=38796 -> T=38828  offset=+32  xor=0x00020  popcnt=1
FAULT R=38796 -> T=38830  offset=+34  xor=0x00022  popcnt=2
FAULT R=38797 -> T=38412  offset=-385  xor=0x00181  popcnt=3
FAULT R=38797 -> T=38413  offset=-384  xor=0x00180  popcnt=2
FAULT R=38797 -> T=38414  offset=-383  xor=0x00183  popcnt=4
FAULT R=38797 -> T=38415  offset=-382  xor=0x00182  popcnt=3
FAULT R=38797 -> T=38796  offset=-1  xor=0x00001  popcnt=1
FAULT R=38797 -> T=38798  offset=+1  xor=0x00003  popcnt=2
FAULT R=38797 -> T=38799  offset=+2  xor=0x00002  popcnt=1
FAULT R=38797 -> T=38828  offset=+31  xor=0x00021  popcnt=2
FAULT R=38797 -> T=38829  offset=+32  xor=0x00020  popcnt=1
FAULT R=38797 -> T=38830  offset=+33  xor=0x00023  popcnt=3
FAULT R=38797 -> T=38831  offset=+34  xor=0x00022  popcnt=2
FAULT R=38798 -> T=38414  offset=-384  xor=0x00180  popcnt=2
FAULT R=38798 -> T=38830  offset=+32  xor=0x00020  popcnt=1
FAULT R=38799 -> T=38414  offset=-385  xor=0x00181  popcnt=3
FAULT R=38799 -> T=38415  offset=-384  xor=0x00180  popcnt=2
FAULT R=38799 -> T=38798  offset=-1  xor=0x00001  popcnt=1
FAULT R=38799 -> T=38830  offset=+31  xor=0x00021  popcnt=2
FAULT R=38799 -> T=38831  offset=+32  xor=0x00020  popcnt=1
FAULT R=38800 -> T=38408  offset=-392  xor=0x00198  popcnt=4
FAULT R=38800 -> T=38414  offset=-386  xor=0x0019e  popcnt=6
FAULT R=38800 -> T=38416  offset=-384  xor=0x00180  popcnt=2
FAULT R=38800 -> T=38422  offset=-378  xor=0x00186  popcnt=4
FAULT R=38800 -> T=38440  offset=-360  xor=0x001b8  popcnt=5
FAULT R=38800 -> T=38448  offset=-352  xor=0x001a0  popcnt=3
FAULT R=38800 -> T=38454  offset=-346  xor=0x001a6  popcnt=5
FAULT R=38800 -> T=38792  offset=-8  xor=0x00018  popcnt=2
FAULT R=38800 -> T=38798  offset=-2  xor=0x0001e  popcnt=4
FAULT R=38800 -> T=38806  offset=+6  xor=0x00006  popcnt=2
FAULT R=38800 -> T=38824  offset=+24  xor=0x00038  popcnt=3
FAULT R=38800 -> T=38830  offset=+30  xor=0x0003e  popcnt=5
FAULT R=38800 -> T=38832  offset=+32  xor=0x00020  popcnt=1
FAULT R=38800 -> T=38838  offset=+38  xor=0x00026  popcnt=3
FAULT R=38802 -> T=38410  offset=-392  xor=0x00198  popcnt=4
FAULT R=38802 -> T=38414  offset=-388  xor=0x0019c  popcnt=5
FAULT R=38802 -> T=38418  offset=-384  xor=0x00180  popcnt=2
FAULT R=38802 -> T=38422  offset=-380  xor=0x00184  popcnt=3
FAULT R=38802 -> T=38442  offset=-360  xor=0x001b8  popcnt=5
FAULT R=38802 -> T=38450  offset=-352  xor=0x001a0  popcnt=3
FAULT R=38802 -> T=38454  offset=-348  xor=0x001a4  popcnt=4
FAULT R=38802 -> T=38794  offset=-8  xor=0x00018  popcnt=2
FAULT R=38802 -> T=38798  offset=-4  xor=0x0001c  popcnt=3
FAULT R=38802 -> T=38806  offset=+4  xor=0x00004  popcnt=1
FAULT R=38802 -> T=38826  offset=+24  xor=0x00038  popcnt=3
FAULT R=38802 -> T=38830  offset=+28  xor=0x0003c  popcnt=4
FAULT R=38802 -> T=38834  offset=+32  xor=0x00020  popcnt=1
FAULT R=38802 -> T=38838  offset=+36  xor=0x00024  popcnt=2
FAULT R=38804 -> T=38412  offset=-392  xor=0x00198  popcnt=4
FAULT R=38804 -> T=38414  offset=-390  xor=0x0019a  popcnt=5
FAULT R=38804 -> T=38420  offset=-384  xor=0x00180  popcnt=2
FAULT R=38804 -> T=38422  offset=-382  xor=0x00182  popcnt=3
FAULT R=38804 -> T=38452  offset=-352  xor=0x001a0  popcnt=3
FAULT R=38804 -> T=38454  offset=-350  xor=0x001a2  popcnt=4
FAULT R=38804 -> T=38796  offset=-8  xor=0x00018  popcnt=2
FAULT R=38804 -> T=38798  offset=-6  xor=0x0001a  popcnt=3
FAULT R=38804 -> T=38806  offset=+2  xor=0x00002  popcnt=1
FAULT R=38804 -> T=38828  offset=+24  xor=0x00038  popcnt=3
FAULT R=38804 -> T=38830  offset=+26  xor=0x0003a  popcnt=4
FAULT R=38804 -> T=38836  offset=+32  xor=0x00020  popcnt=1
FAULT R=38804 -> T=38838  offset=+34  xor=0x00022  popcnt=2
FAULT R=38806 -> T=38414  offset=-392  xor=0x00198  popcnt=4
FAULT R=38806 -> T=38422  offset=-384  xor=0x00180  popcnt=2
FAULT R=38806 -> T=38454  offset=-352  xor=0x001a0  popcnt=3
FAULT R=38806 -> T=38798  offset=-8  xor=0x00018  popcnt=2
FAULT R=38806 -> T=38830  offset=+24  xor=0x00038  popcnt=3
FAULT R=38806 -> T=38838  offset=+32  xor=0x00020  popcnt=1
FAULT R=38807 -> T=38414  offset=-393  xor=0x00199  popcnt=5
FAULT R=38807 -> T=38415  offset=-392  xor=0x00198  popcnt=4
FAULT R=38807 -> T=38422  offset=-385  xor=0x00181  popcnt=3
FAULT R=38807 -> T=38423  offset=-384  xor=0x00180  popcnt=2
FAULT R=38807 -> T=38454  offset=-353  xor=0x001a1  popcnt=4
FAULT R=38807 -> T=38455  offset=-352  xor=0x001a0  popcnt=3
FAULT R=38807 -> T=38798  offset=-9  xor=0x00019  popcnt=3
FAULT R=38807 -> T=38799  offset=-8  xor=0x00018  popcnt=2
FAULT R=38807 -> T=38806  offset=-1  xor=0x00001  popcnt=1
FAULT R=38807 -> T=38830  offset=+23  xor=0x00039  popcnt=4
FAULT R=38807 -> T=38831  offset=+24  xor=0x00038  popcnt=3
FAULT R=38807 -> T=38838  offset=+31  xor=0x00021  popcnt=2
FAULT R=38807 -> T=38839  offset=+32  xor=0x00020  popcnt=1
FAULT R=38808 -> T=38408  offset=-400  xor=0x00190  popcnt=3
FAULT R=38808 -> T=38414  offset=-394  xor=0x00196  popcnt=5
FAULT R=38808 -> T=38424  offset=-384  xor=0x00180  popcnt=2
FAULT R=38808 -> T=38430  offset=-378  xor=0x00186  popcnt=4
FAULT R=38808 -> T=38440  offset=-368  xor=0x001b0  popcnt=4
FAULT R=38808 -> T=38456  offset=-352  xor=0x001a0  popcnt=3
FAULT R=38808 -> T=38462  offset=-346  xor=0x001a6  popcnt=5
FAULT R=38808 -> T=38792  offset=-16  xor=0x00010  popcnt=1
FAULT R=38808 -> T=38798  offset=-10  xor=0x00016  popcnt=3
FAULT R=38808 -> T=38814  offset=+6  xor=0x00006  popcnt=2
FAULT R=38808 -> T=38824  offset=+16  xor=0x00030  popcnt=2
FAULT R=38808 -> T=38830  offset=+22  xor=0x00036  popcnt=4
FAULT R=38808 -> T=38840  offset=+32  xor=0x00020  popcnt=1
FAULT R=38808 -> T=38846  offset=+38  xor=0x00026  popcnt=3
FAULT R=38810 -> T=38410  offset=-400  xor=0x00190  popcnt=3
FAULT R=38810 -> T=38414  offset=-396  xor=0x00194  popcnt=4
FAULT R=38810 -> T=38426  offset=-384  xor=0x00180  popcnt=2
FAULT R=38810 -> T=38430  offset=-380  xor=0x00184  popcnt=3
FAULT R=38810 -> T=38442  offset=-368  xor=0x001b0  popcnt=4
FAULT R=38810 -> T=38458  offset=-352  xor=0x001a0  popcnt=3
FAULT R=38810 -> T=38462  offset=-348  xor=0x001a4  popcnt=4
FAULT R=38810 -> T=38794  offset=-16  xor=0x00010  popcnt=1
FAULT R=38810 -> T=38798  offset=-12  xor=0x00014  popcnt=2
FAULT R=38810 -> T=38814  offset=+4  xor=0x00004  popcnt=1
FAULT R=38810 -> T=38826  offset=+16  xor=0x00030  popcnt=2
FAULT R=38810 -> T=38830  offset=+20  xor=0x00034  popcnt=3
FAULT R=38810 -> T=38842  offset=+32  xor=0x00020  popcnt=1
FAULT R=38810 -> T=38846  offset=+36  xor=0x00024  popcnt=2
FAULT R=38812 -> T=38412  offset=-400  xor=0x00190  popcnt=3
FAULT R=38812 -> T=38414  offset=-398  xor=0x00192  popcnt=4
FAULT R=38812 -> T=38428  offset=-384  xor=0x00180  popcnt=2
FAULT R=38812 -> T=38430  offset=-382  xor=0x00182  popcnt=3
FAULT R=38812 -> T=38460  offset=-352  xor=0x001a0  popcnt=3
FAULT R=38812 -> T=38462  offset=-350  xor=0x001a2  popcnt=4
FAULT R=38812 -> T=38796  offset=-16  xor=0x00010  popcnt=1
FAULT R=38812 -> T=38798  offset=-14  xor=0x00012  popcnt=2
FAULT R=38812 -> T=38814  offset=+2  xor=0x00002  popcnt=1
FAULT R=38812 -> T=38828  offset=+16  xor=0x00030  popcnt=2
FAULT R=38812 -> T=38830  offset=+18  xor=0x00032  popcnt=3
FAULT R=38812 -> T=38844  offset=+32  xor=0x00020  popcnt=1
FAULT R=38812 -> T=38846  offset=+34  xor=0x00022  popcnt=2
FAULT R=38814 -> T=38414  offset=-400  xor=0x00190  popcnt=3
FAULT R=38814 -> T=38430  offset=-384  xor=0x00180  popcnt=2
FAULT R=38814 -> T=38462  offset=-352  xor=0x001a0  popcnt=3
FAULT R=38814 -> T=38798  offset=-16  xor=0x00010  popcnt=1
FAULT R=38814 -> T=38830  offset=+16  xor=0x00030  popcnt=2
FAULT R=38814 -> T=38846  offset=+32  xor=0x00020  popcnt=1
FAULT R=38815 -> T=38414  offset=-401  xor=0x00191  popcnt=4
FAULT R=38815 -> T=38415  offset=-400  xor=0x00190  popcnt=3
FAULT R=38815 -> T=38430  offset=-385  xor=0x00181  popcnt=3
FAULT R=38815 -> T=38431  offset=-384  xor=0x00180  popcnt=2
FAULT R=38815 -> T=38462  offset=-353  xor=0x001a1  popcnt=4
FAULT R=38815 -> T=38463  offset=-352  xor=0x001a0  popcnt=3
FAULT R=38815 -> T=38798  offset=-17  xor=0x00011  popcnt=2
FAULT R=38815 -> T=38799  offset=-16  xor=0x00010  popcnt=1
FAULT R=38815 -> T=38814  offset=-1  xor=0x00001  popcnt=1
FAULT R=38815 -> T=38830  offset=+15  xor=0x00031  popcnt=3
FAULT R=38815 -> T=38831  offset=+16  xor=0x00030  popcnt=2
FAULT R=38815 -> T=38846  offset=+31  xor=0x00021  popcnt=2
FAULT R=38815 -> T=38847  offset=+32  xor=0x00020  popcnt=1
FAULT R=38816 -> T=38432  offset=-384  xor=0x00180  popcnt=2
FAULT R=38816 -> T=38440  offset=-376  xor=0x00188  popcnt=3
FAULT R=38816 -> T=38822  offset=+6  xor=0x00006  popcnt=2
FAULT R=38816 -> T=38824  offset=+8  xor=0x00008  popcnt=1
FAULT R=38816 -> T=38830  offset=+14  xor=0x0000e  popcnt=3
FAULT R=38817 -> T=38432  offset=-385  xor=0x00181  popcnt=3
FAULT R=38817 -> T=38433  offset=-384  xor=0x00180  popcnt=2
FAULT R=38817 -> T=38440  offset=-377  xor=0x00189  popcnt=4
FAULT R=38817 -> T=38441  offset=-376  xor=0x00188  popcnt=3
FAULT R=38817 -> T=38816  offset=-1  xor=0x00001  popcnt=1
FAULT R=38817 -> T=38822  offset=+5  xor=0x00007  popcnt=3
FAULT R=38817 -> T=38823  offset=+6  xor=0x00006  popcnt=2
FAULT R=38817 -> T=38824  offset=+7  xor=0x00009  popcnt=2
FAULT R=38817 -> T=38825  offset=+8  xor=0x00008  popcnt=1
FAULT R=38817 -> T=38830  offset=+13  xor=0x0000f  popcnt=4
FAULT R=38817 -> T=38831  offset=+14  xor=0x0000e  popcnt=3
FAULT R=38818 -> T=38434  offset=-384  xor=0x00180  popcnt=2
FAULT R=38818 -> T=38442  offset=-376  xor=0x00188  popcnt=3
FAULT R=38818 -> T=38822  offset=+4  xor=0x00004  popcnt=1
FAULT R=38818 -> T=38826  offset=+8  xor=0x00008  popcnt=1
FAULT R=38818 -> T=38830  offset=+12  xor=0x0000c  popcnt=2
FAULT R=38819 -> T=38434  offset=-385  xor=0x00181  popcnt=3
FAULT R=38819 -> T=38435  offset=-384  xor=0x00180  popcnt=2
FAULT R=38819 -> T=38442  offset=-377  xor=0x00189  popcnt=4
FAULT R=38819 -> T=38443  offset=-376  xor=0x00188  popcnt=3
FAULT R=38819 -> T=38818  offset=-1  xor=0x00001  popcnt=1
FAULT R=38819 -> T=38822  offset=+3  xor=0x00005  popcnt=2
FAULT R=38819 -> T=38823  offset=+4  xor=0x00004  popcnt=1
FAULT R=38819 -> T=38826  offset=+7  xor=0x00009  popcnt=2
FAULT R=38819 -> T=38827  offset=+8  xor=0x00008  popcnt=1
FAULT R=38819 -> T=38830  offset=+11  xor=0x0000d  popcnt=3
FAULT R=38819 -> T=38831  offset=+12  xor=0x0000c  popcnt=2
FAULT R=38820 -> T=38822  offset=+2  xor=0x00002  popcnt=1
FAULT R=38820 -> T=38828  offset=+8  xor=0x00008  popcnt=1
FAULT R=38820 -> T=38830  offset=+10  xor=0x0000a  popcnt=2
FAULT R=38821 -> T=38820  offset=-1  xor=0x00001  popcnt=1
FAULT R=38821 -> T=38822  offset=+1  xor=0x00003  popcnt=2
FAULT R=38821 -> T=38823  offset=+2  xor=0x00002  popcnt=1
FAULT R=38821 -> T=38828  offset=+7  xor=0x00009  popcnt=2
FAULT R=38821 -> T=38829  offset=+8  xor=0x00008  popcnt=1
FAULT R=38821 -> T=38830  offset=+9  xor=0x0000b  popcnt=3
FAULT R=38821 -> T=38831  offset=+10  xor=0x0000a  popcnt=2
FAULT R=38822 -> T=38830  offset=+8  xor=0x00008  popcnt=1
FAULT R=38823 -> T=38822  offset=-1  xor=0x00001  popcnt=1
FAULT R=38823 -> T=38830  offset=+7  xor=0x00009  popcnt=2
FAULT R=38823 -> T=38831  offset=+8  xor=0x00008  popcnt=1
FAULT R=38824 -> T=38440  offset=-384  xor=0x00180  popcnt=2
FAULT R=38824 -> T=38830  offset=+6  xor=0x00006  popcnt=2
FAULT R=38825 -> T=38440  offset=-385  xor=0x00181  popcnt=3
FAULT R=38825 -> T=38441  offset=-384  xor=0x00180  popcnt=2
FAULT R=38825 -> T=38824  offset=-1  xor=0x00001  popcnt=1
FAULT R=38825 -> T=38830  offset=+5  xor=0x00007  popcnt=3
FAULT R=38825 -> T=38831  offset=+6  xor=0x00006  popcnt=2
FAULT R=38826 -> T=38442  offset=-384  xor=0x00180  popcnt=2
FAULT R=38826 -> T=38830  offset=+4  xor=0x00004  popcnt=1
FAULT R=38827 -> T=38442  offset=-385  xor=0x00181  popcnt=3
FAULT R=38827 -> T=38443  offset=-384  xor=0x00180  popcnt=2
FAULT R=38827 -> T=38826  offset=-1  xor=0x00001  popcnt=1
FAULT R=38827 -> T=38830  offset=+3  xor=0x00005  popcnt=2
FAULT R=38827 -> T=38831  offset=+4  xor=0x00004  popcnt=1
FAULT R=38828 -> T=38830  offset=+2  xor=0x00002  popcnt=1
FAULT R=38829 -> T=38828  offset=-1  xor=0x00001  popcnt=1
FAULT R=38829 -> T=38830  offset=+1  xor=0x00003  popcnt=2
FAULT R=38829 -> T=38831  offset=+2  xor=0x00002  popcnt=1
FAULT R=38831 -> T=38830  offset=-1  xor=0x00001  popcnt=1
FAULT R=38832 -> T=38440  offset=-392  xor=0x00198  popcnt=4
FAULT R=38832 -> T=38448  offset=-384  xor=0x00180  popcnt=2
FAULT R=38832 -> T=38454  offset=-378  xor=0x00186  popcnt=4
FAULT R=38832 -> T=38824  offset=-8  xor=0x00018  popcnt=2
FAULT R=38832 -> T=38830  offset=-2  xor=0x0001e  popcnt=4
FAULT R=38832 -> T=38838  offset=+6  xor=0x00006  popcnt=2
FAULT R=38833 -> T=38440  offset=-393  xor=0x00199  popcnt=5
FAULT R=38833 -> T=38441  offset=-392  xor=0x00198  popcnt=4
FAULT R=38833 -> T=38448  offset=-385  xor=0x00181  popcnt=3
FAULT R=38833 -> T=38449  offset=-384  xor=0x00180  popcnt=2
FAULT R=38833 -> T=38454  offset=-379  xor=0x00187  popcnt=5
FAULT R=38833 -> T=38455  offset=-378  xor=0x00186  popcnt=4
FAULT R=38833 -> T=38824  offset=-9  xor=0x00019  popcnt=3
FAULT R=38833 -> T=38825  offset=-8  xor=0x00018  popcnt=2
FAULT R=38833 -> T=38830  offset=-3  xor=0x0001f  popcnt=5
FAULT R=38833 -> T=38831  offset=-2  xor=0x0001e  popcnt=4
FAULT R=38833 -> T=38832  offset=-1  xor=0x00001  popcnt=1
FAULT R=38833 -> T=38838  offset=+5  xor=0x00007  popcnt=3
FAULT R=38833 -> T=38839  offset=+6  xor=0x00006  popcnt=2
FAULT R=38834 -> T=38442  offset=-392  xor=0x00198  popcnt=4
FAULT R=38834 -> T=38450  offset=-384  xor=0x00180  popcnt=2
FAULT R=38834 -> T=38454  offset=-380  xor=0x00184  popcnt=3
FAULT R=38834 -> T=38826  offset=-8  xor=0x00018  popcnt=2
FAULT R=38834 -> T=38830  offset=-4  xor=0x0001c  popcnt=3
FAULT R=38834 -> T=38838  offset=+4  xor=0x00004  popcnt=1
FAULT R=38835 -> T=38442  offset=-393  xor=0x00199  popcnt=5
FAULT R=38835 -> T=38443  offset=-392  xor=0x00198  popcnt=4
FAULT R=38835 -> T=38450  offset=-385  xor=0x00181  popcnt=3
FAULT R=38835 -> T=38451  offset=-384  xor=0x00180  popcnt=2
FAULT R=38835 -> T=38454  offset=-381  xor=0x00185  popcnt=4
FAULT R=38835 -> T=38455  offset=-380  xor=0x00184  popcnt=3
FAULT R=38835 -> T=38826  offset=-9  xor=0x00019  popcnt=3
FAULT R=38835 -> T=38827  offset=-8  xor=0x00018  popcnt=2
FAULT R=38835 -> T=38830  offset=-5  xor=0x0001d  popcnt=4
FAULT R=38835 -> T=38831  offset=-4  xor=0x0001c  popcnt=3
FAULT R=38835 -> T=38834  offset=-1  xor=0x00001  popcnt=1
FAULT R=38835 -> T=38838  offset=+3  xor=0x00005  popcnt=2
FAULT R=38835 -> T=38839  offset=+4  xor=0x00004  popcnt=1
FAULT R=38836 -> T=38452  offset=-384  xor=0x00180  popcnt=2
FAULT R=38836 -> T=38454  offset=-382  xor=0x00182  popcnt=3
FAULT R=38836 -> T=38828  offset=-8  xor=0x00018  popcnt=2
FAULT R=38836 -> T=38830  offset=-6  xor=0x0001a  popcnt=3
FAULT R=38836 -> T=38838  offset=+2  xor=0x00002  popcnt=1
FAULT R=38837 -> T=38452  offset=-385  xor=0x00181  popcnt=3
FAULT R=38837 -> T=38453  offset=-384  xor=0x00180  popcnt=2
FAULT R=38837 -> T=38454  offset=-383  xor=0x00183  popcnt=4
FAULT R=38837 -> T=38455  offset=-382  xor=0x00182  popcnt=3
FAULT R=38837 -> T=38828  offset=-9  xor=0x00019  popcnt=3
FAULT R=38837 -> T=38829  offset=-8  xor=0x00018  popcnt=2
FAULT R=38837 -> T=38830  offset=-7  xor=0x0001b  popcnt=4
FAULT R=38837 -> T=38831  offset=-6  xor=0x0001a  popcnt=3
FAULT R=38837 -> T=38836  offset=-1  xor=0x00001  popcnt=1
FAULT R=38837 -> T=38838  offset=+1  xor=0x00003  popcnt=2
FAULT R=38837 -> T=38839  offset=+2  xor=0x00002  popcnt=1
FAULT R=38838 -> T=38454  offset=-384  xor=0x00180  popcnt=2
FAULT R=38838 -> T=38830  offset=-8  xor=0x00018  popcnt=2
FAULT R=38839 -> T=38454  offset=-385  xor=0x00181  popcnt=3
FAULT R=38839 -> T=38455  offset=-384  xor=0x00180  popcnt=2
FAULT R=38839 -> T=38830  offset=-9  xor=0x00019  popcnt=3
FAULT R=38839 -> T=38831  offset=-8  xor=0x00018  popcnt=2
FAULT R=38839 -> T=38838  offset=-1  xor=0x00001  popcnt=1
FAULT R=38840 -> T=38440  offset=-400  xor=0x00190  popcnt=3
FAULT R=38840 -> T=38456  offset=-384  xor=0x00180  popcnt=2
FAULT R=38840 -> T=38462  offset=-378  xor=0x00186  popcnt=4
FAULT R=38840 -> T=38824  offset=-16  xor=0x00010  popcnt=1
FAULT R=38840 -> T=38830  offset=-10  xor=0x00016  popcnt=3
FAULT R=38840 -> T=38846  offset=+6  xor=0x00006  popcnt=2
FAULT R=38841 -> T=38440  offset=-401  xor=0x00191  popcnt=4
FAULT R=38841 -> T=38441  offset=-400  xor=0x00190  popcnt=3
FAULT R=38841 -> T=38456  offset=-385  xor=0x00181  popcnt=3
FAULT R=38841 -> T=38457  offset=-384  xor=0x00180  popcnt=2
FAULT R=38841 -> T=38462  offset=-379  xor=0x00187  popcnt=5
FAULT R=38841 -> T=38463  offset=-378  xor=0x00186  popcnt=4
FAULT R=38841 -> T=38824  offset=-17  xor=0x00011  popcnt=2
FAULT R=38841 -> T=38825  offset=-16  xor=0x00010  popcnt=1
FAULT R=38841 -> T=38830  offset=-11  xor=0x00017  popcnt=4
FAULT R=38841 -> T=38831  offset=-10  xor=0x00016  popcnt=3
FAULT R=38841 -> T=38840  offset=-1  xor=0x00001  popcnt=1
FAULT R=38841 -> T=38846  offset=+5  xor=0x00007  popcnt=3
FAULT R=38841 -> T=38847  offset=+6  xor=0x00006  popcnt=2
FAULT R=38842 -> T=38442  offset=-400  xor=0x00190  popcnt=3
FAULT R=38842 -> T=38458  offset=-384  xor=0x00180  popcnt=2
FAULT R=38842 -> T=38462  offset=-380  xor=0x00184  popcnt=3
FAULT R=38842 -> T=38826  offset=-16  xor=0x00010  popcnt=1
FAULT R=38842 -> T=38830  offset=-12  xor=0x00014  popcnt=2
FAULT R=38842 -> T=38846  offset=+4  xor=0x00004  popcnt=1
FAULT R=38843 -> T=38442  offset=-401  xor=0x00191  popcnt=4
FAULT R=38843 -> T=38443  offset=-400  xor=0x00190  popcnt=3
FAULT R=38843 -> T=38458  offset=-385  xor=0x00181  popcnt=3
FAULT R=38843 -> T=38459  offset=-384  xor=0x00180  popcnt=2
FAULT R=38843 -> T=38462  offset=-381  xor=0x00185  popcnt=4
FAULT R=38843 -> T=38463  offset=-380  xor=0x00184  popcnt=3
FAULT R=38843 -> T=38826  offset=-17  xor=0x00011  popcnt=2
FAULT R=38843 -> T=38827  offset=-16  xor=0x00010  popcnt=1
FAULT R=38843 -> T=38830  offset=-13  xor=0x00015  popcnt=3
FAULT R=38843 -> T=38831  offset=-12  xor=0x00014  popcnt=2
FAULT R=38843 -> T=38842  offset=-1  xor=0x00001  popcnt=1
FAULT R=38843 -> T=38846  offset=+3  xor=0x00005  popcnt=2
FAULT R=38843 -> T=38847  offset=+4  xor=0x00004  popcnt=1
FAULT R=38844 -> T=38460  offset=-384  xor=0x00180  popcnt=2
FAULT R=38844 -> T=38462  offset=-382  xor=0x00182  popcnt=3
FAULT R=38844 -> T=38828  offset=-16  xor=0x00010  popcnt=1
FAULT R=38844 -> T=38830  offset=-14  xor=0x00012  popcnt=2
FAULT R=38844 -> T=38846  offset=+2  xor=0x00002  popcnt=1
FAULT R=38845 -> T=38460  offset=-385  xor=0x00181  popcnt=3
FAULT R=38845 -> T=38461  offset=-384  xor=0x00180  popcnt=2
FAULT R=38845 -> T=38462  offset=-383  xor=0x00183  popcnt=4
FAULT R=38845 -> T=38463  offset=-382  xor=0x00182  popcnt=3
FAULT R=38845 -> T=38828  offset=-17  xor=0x00011  popcnt=2
FAULT R=38845 -> T=38829  offset=-16  xor=0x00010  popcnt=1
FAULT R=38845 -> T=38830  offset=-15  xor=0x00013  popcnt=3
FAULT R=38845 -> T=38831  offset=-14  xor=0x00012  popcnt=2
FAULT R=38845 -> T=38844  offset=-1  xor=0x00001  popcnt=1
FAULT R=38845 -> T=38846  offset=+1  xor=0x00003  popcnt=2
FAULT R=38845 -> T=38847  offset=+2  xor=0x00002  popcnt=1
FAULT R=38846 -> T=38462  offset=-384  xor=0x00180  popcnt=2
FAULT R=38846 -> T=38830  offset=-16  xor=0x00010  popcnt=1
FAULT R=38847 -> T=38462  offset=-385  xor=0x00181  popcnt=3
FAULT R=38847 -> T=38463  offset=-384  xor=0x00180  popcnt=2
FAULT R=38847 -> T=38830  offset=-17  xor=0x00011  popcnt=2
FAULT R=38847 -> T=38831  offset=-16  xor=0x00010  popcnt=1
FAULT R=38847 -> T=38846  offset=-1  xor=0x00001  popcnt=1
FAULT R=38848 -> T=38432  offset=-416  xor=0x001e0  popcnt=4
FAULT R=38848 -> T=38440  offset=-408  xor=0x001e8  popcnt=5
FAULT R=38848 -> T=38464  offset=-384  xor=0x00180  popcnt=2
FAULT R=38848 -> T=38470  offset=-378  xor=0x00186  popcnt=4
FAULT R=38848 -> T=38472  offset=-376  xor=0x00188  popcnt=3
FAULT R=38848 -> T=38478  offset=-370  xor=0x0018e  popcnt=5
FAULT R=38848 -> T=38816  offset=-32  xor=0x00060  popcnt=2
FAULT R=38848 -> T=38822  offset=-26  xor=0x00066  popcnt=4
FAULT R=38848 -> T=38824  offset=-24  xor=0x00068  popcnt=3
FAULT R=38848 -> T=38830  offset=-18  xor=0x0006e  popcnt=5
FAULT R=38848 -> T=38854  offset=+6  xor=0x00006  popcnt=2
FAULT R=38848 -> T=38856  offset=+8  xor=0x00008  popcnt=1
FAULT R=38848 -> T=38862  offset=+14  xor=0x0000e  popcnt=3
FAULT R=38850 -> T=38434  offset=-416  xor=0x001e0  popcnt=4
FAULT R=38850 -> T=38442  offset=-408  xor=0x001e8  popcnt=5
FAULT R=38850 -> T=38466  offset=-384  xor=0x00180  popcnt=2
FAULT R=38850 -> T=38470  offset=-380  xor=0x00184  popcnt=3
FAULT R=38850 -> T=38474  offset=-376  xor=0x00188  popcnt=3
FAULT R=38850 -> T=38478  offset=-372  xor=0x0018c  popcnt=4
FAULT R=38850 -> T=38818  offset=-32  xor=0x00060  popcnt=2
FAULT R=38850 -> T=38822  offset=-28  xor=0x00064  popcnt=3
FAULT R=38850 -> T=38826  offset=-24  xor=0x00068  popcnt=3
FAULT R=38850 -> T=38830  offset=-20  xor=0x0006c  popcnt=4
FAULT R=38850 -> T=38854  offset=+4  xor=0x00004  popcnt=1
FAULT R=38850 -> T=38858  offset=+8  xor=0x00008  popcnt=1
FAULT R=38850 -> T=38862  offset=+12  xor=0x0000c  popcnt=2
FAULT R=38852 -> T=38468  offset=-384  xor=0x00180  popcnt=2
FAULT R=38852 -> T=38470  offset=-382  xor=0x00182  popcnt=3
FAULT R=38852 -> T=38476  offset=-376  xor=0x00188  popcnt=3
FAULT R=38852 -> T=38478  offset=-374  xor=0x0018a  popcnt=4
FAULT R=38852 -> T=38820  offset=-32  xor=0x00060  popcnt=2
FAULT R=38852 -> T=38822  offset=-30  xor=0x00062  popcnt=3
FAULT R=38852 -> T=38828  offset=-24  xor=0x00068  popcnt=3
FAULT R=38852 -> T=38830  offset=-22  xor=0x0006a  popcnt=4
FAULT R=38852 -> T=38854  offset=+2  xor=0x00002  popcnt=1
FAULT R=38852 -> T=38860  offset=+8  xor=0x00008  popcnt=1
FAULT R=38852 -> T=38862  offset=+10  xor=0x0000a  popcnt=2
FAULT R=38854 -> T=38470  offset=-384  xor=0x00180  popcnt=2
FAULT R=38854 -> T=38478  offset=-376  xor=0x00188  popcnt=3
FAULT R=38854 -> T=38822  offset=-32  xor=0x00060  popcnt=2
FAULT R=38854 -> T=38830  offset=-24  xor=0x00068  popcnt=3
FAULT R=38854 -> T=38862  offset=+8  xor=0x00008  popcnt=1
FAULT R=38855 -> T=38470  offset=-385  xor=0x00181  popcnt=3
FAULT R=38855 -> T=38471  offset=-384  xor=0x00180  popcnt=2
FAULT R=38855 -> T=38478  offset=-377  xor=0x00189  popcnt=4
FAULT R=38855 -> T=38479  offset=-376  xor=0x00188  popcnt=3
FAULT R=38855 -> T=38822  offset=-33  xor=0x00061  popcnt=3
FAULT R=38855 -> T=38823  offset=-32  xor=0x00060  popcnt=2
FAULT R=38855 -> T=38830  offset=-25  xor=0x00069  popcnt=4
FAULT R=38855 -> T=38831  offset=-24  xor=0x00068  popcnt=3
FAULT R=38855 -> T=38854  offset=-1  xor=0x00001  popcnt=1
FAULT R=38855 -> T=38862  offset=+7  xor=0x00009  popcnt=2
FAULT R=38855 -> T=38863  offset=+8  xor=0x00008  popcnt=1
FAULT R=38856 -> T=38440  offset=-416  xor=0x001e0  popcnt=4
FAULT R=38856 -> T=38472  offset=-384  xor=0x00180  popcnt=2
FAULT R=38856 -> T=38478  offset=-378  xor=0x00186  popcnt=4
FAULT R=38856 -> T=38824  offset=-32  xor=0x00060  popcnt=2
FAULT R=38856 -> T=38830  offset=-26  xor=0x00066  popcnt=4
FAULT R=38856 -> T=38862  offset=+6  xor=0x00006  popcnt=2
FAULT R=38857 -> T=38440  offset=-417  xor=0x001e1  popcnt=5
FAULT R=38857 -> T=38441  offset=-416  xor=0x001e0  popcnt=4
FAULT R=38857 -> T=38472  offset=-385  xor=0x00181  popcnt=3
FAULT R=38857 -> T=38473  offset=-384  xor=0x00180  popcnt=2
FAULT R=38857 -> T=38478  offset=-379  xor=0x00187  popcnt=5
FAULT R=38857 -> T=38479  offset=-378  xor=0x00186  popcnt=4
FAULT R=38857 -> T=38824  offset=-33  xor=0x00061  popcnt=3
FAULT R=38857 -> T=38825  offset=-32  xor=0x00060  popcnt=2
FAULT R=38857 -> T=38830  offset=-27  xor=0x00067  popcnt=5
FAULT R=38857 -> T=38831  offset=-26  xor=0x00066  popcnt=4
FAULT R=38857 -> T=38856  offset=-1  xor=0x00001  popcnt=1
FAULT R=38857 -> T=38862  offset=+5  xor=0x00007  popcnt=3
FAULT R=38857 -> T=38863  offset=+6  xor=0x00006  popcnt=2
FAULT R=38858 -> T=38442  offset=-416  xor=0x001e0  popcnt=4
FAULT R=38858 -> T=38474  offset=-384  xor=0x00180  popcnt=2
FAULT R=38858 -> T=38478  offset=-380  xor=0x00184  popcnt=3
FAULT R=38858 -> T=38826  offset=-32  xor=0x00060  popcnt=2
FAULT R=38858 -> T=38830  offset=-28  xor=0x00064  popcnt=3
FAULT R=38858 -> T=38862  offset=+4  xor=0x00004  popcnt=1
FAULT R=38859 -> T=38442  offset=-417  xor=0x001e1  popcnt=5
FAULT R=38859 -> T=38443  offset=-416  xor=0x001e0  popcnt=4
FAULT R=38859 -> T=38474  offset=-385  xor=0x00181  popcnt=3
FAULT R=38859 -> T=38475  offset=-384  xor=0x00180  popcnt=2
FAULT R=38859 -> T=38478  offset=-381  xor=0x00185  popcnt=4
FAULT R=38859 -> T=38479  offset=-380  xor=0x00184  popcnt=3
FAULT R=38859 -> T=38826  offset=-33  xor=0x00061  popcnt=3
FAULT R=38859 -> T=38827  offset=-32  xor=0x00060  popcnt=2
FAULT R=38859 -> T=38830  offset=-29  xor=0x00065  popcnt=4
FAULT R=38859 -> T=38831  offset=-28  xor=0x00064  popcnt=3
FAULT R=38859 -> T=38858  offset=-1  xor=0x00001  popcnt=1
FAULT R=38859 -> T=38862  offset=+3  xor=0x00005  popcnt=2
FAULT R=38859 -> T=38863  offset=+4  xor=0x00004  popcnt=1
FAULT R=38860 -> T=38476  offset=-384  xor=0x00180  popcnt=2
FAULT R=38860 -> T=38478  offset=-382  xor=0x00182  popcnt=3
FAULT R=38860 -> T=38828  offset=-32  xor=0x00060  popcnt=2
FAULT R=38860 -> T=38830  offset=-30  xor=0x00062  popcnt=3
FAULT R=38860 -> T=38862  offset=+2  xor=0x00002  popcnt=1
FAULT R=38861 -> T=38476  offset=-385  xor=0x00181  popcnt=3
FAULT R=38861 -> T=38477  offset=-384  xor=0x00180  popcnt=2
FAULT R=38861 -> T=38478  offset=-383  xor=0x00183  popcnt=4
FAULT R=38861 -> T=38479  offset=-382  xor=0x00182  popcnt=3
FAULT R=38861 -> T=38828  offset=-33  xor=0x00061  popcnt=3
FAULT R=38861 -> T=38829  offset=-32  xor=0x00060  popcnt=2
FAULT R=38861 -> T=38830  offset=-31  xor=0x00063  popcnt=4
FAULT R=38861 -> T=38831  offset=-30  xor=0x00062  popcnt=3
FAULT R=38861 -> T=38860  offset=-1  xor=0x00001  popcnt=1
FAULT R=38861 -> T=38862  offset=+1  xor=0x00003  popcnt=2
FAULT R=38861 -> T=38863  offset=+2  xor=0x00002  popcnt=1
FAULT R=38862 -> T=38478  offset=-384  xor=0x00180  popcnt=2
FAULT R=38862 -> T=38830  offset=-32  xor=0x00060  popcnt=2
FAULT R=38863 -> T=38478  offset=-385  xor=0x00181  popcnt=3
FAULT R=38863 -> T=38479  offset=-384  xor=0x00180  popcnt=2
FAULT R=38863 -> T=38830  offset=-33  xor=0x00061  popcnt=3
FAULT R=38863 -> T=38831  offset=-32  xor=0x00060  popcnt=2
FAULT R=38863 -> T=38862  offset=-1  xor=0x00001  popcnt=1
FAULT R=38864 -> T=38440  offset=-424  xor=0x001f8  popcnt=6
FAULT R=38864 -> T=38448  offset=-416  xor=0x001e0  popcnt=4
FAULT R=38864 -> T=38454  offset=-410  xor=0x001e6  popcnt=6
FAULT R=38864 -> T=38472  offset=-392  xor=0x00198  popcnt=4
FAULT R=38864 -> T=38478  offset=-386  xor=0x0019e  popcnt=6
FAULT R=38864 -> T=38480  offset=-384  xor=0x00180  popcnt=2
FAULT R=38864 -> T=38486  offset=-378  xor=0x00186  popcnt=4
FAULT R=38864 -> T=38824  offset=-40  xor=0x00078  popcnt=4
FAULT R=38864 -> T=38830  offset=-34  xor=0x0007e  popcnt=6
FAULT R=38864 -> T=38832  offset=-32  xor=0x00060  popcnt=2
FAULT R=38864 -> T=38838  offset=-26  xor=0x00066  popcnt=4
FAULT R=38864 -> T=38856  offset=-8  xor=0x00018  popcnt=2
FAULT R=38864 -> T=38862  offset=-2  xor=0x0001e  popcnt=4
FAULT R=38864 -> T=38870  offset=+6  xor=0x00006  popcnt=2
FAULT R=38866 -> T=38442  offset=-424  xor=0x001f8  popcnt=6
FAULT R=38866 -> T=38450  offset=-416  xor=0x001e0  popcnt=4
FAULT R=38866 -> T=38454  offset=-412  xor=0x001e4  popcnt=5
FAULT R=38866 -> T=38474  offset=-392  xor=0x00198  popcnt=4
FAULT R=38866 -> T=38478  offset=-388  xor=0x0019c  popcnt=5
FAULT R=38866 -> T=38482  offset=-384  xor=0x00180  popcnt=2
FAULT R=38866 -> T=38486  offset=-380  xor=0x00184  popcnt=3
FAULT R=38866 -> T=38826  offset=-40  xor=0x00078  popcnt=4
FAULT R=38866 -> T=38830  offset=-36  xor=0x0007c  popcnt=5
FAULT R=38866 -> T=38834  offset=-32  xor=0x00060  popcnt=2
FAULT R=38866 -> T=38838  offset=-28  xor=0x00064  popcnt=3
FAULT R=38866 -> T=38858  offset=-8  xor=0x00018  popcnt=2
FAULT R=38866 -> T=38862  offset=-4  xor=0x0001c  popcnt=3
FAULT R=38866 -> T=38870  offset=+4  xor=0x00004  popcnt=1
FAULT R=38868 -> T=38452  offset=-416  xor=0x001e0  popcnt=4
FAULT R=38868 -> T=38454  offset=-414  xor=0x001e2  popcnt=5
FAULT R=38868 -> T=38476  offset=-392  xor=0x00198  popcnt=4
FAULT R=38868 -> T=38478  offset=-390  xor=0x0019a  popcnt=5
FAULT R=38868 -> T=38484  offset=-384  xor=0x00180  popcnt=2
FAULT R=38868 -> T=38486  offset=-382  xor=0x00182  popcnt=3
FAULT R=38868 -> T=38828  offset=-40  xor=0x00078  popcnt=4
FAULT R=38868 -> T=38830  offset=-38  xor=0x0007a  popcnt=5
FAULT R=38868 -> T=38836  offset=-32  xor=0x00060  popcnt=2
FAULT R=38868 -> T=38838  offset=-30  xor=0x00062  popcnt=3
FAULT R=38868 -> T=38860  offset=-8  xor=0x00018  popcnt=2
FAULT R=38868 -> T=38862  offset=-6  xor=0x0001a  popcnt=3
FAULT R=38868 -> T=38870  offset=+2  xor=0x00002  popcnt=1
FAULT R=38870 -> T=38454  offset=-416  xor=0x001e0  popcnt=4
FAULT R=38870 -> T=38478  offset=-392  xor=0x00198  popcnt=4
FAULT R=38870 -> T=38486  offset=-384  xor=0x00180  popcnt=2
FAULT R=38870 -> T=38830  offset=-40  xor=0x00078  popcnt=4
FAULT R=38870 -> T=38838  offset=-32  xor=0x00060  popcnt=2
FAULT R=38870 -> T=38862  offset=-8  xor=0x00018  popcnt=2
FAULT R=38871 -> T=38454  offset=-417  xor=0x001e1  popcnt=5
FAULT R=38871 -> T=38455  offset=-416  xor=0x001e0  popcnt=4
FAULT R=38871 -> T=38478  offset=-393  xor=0x00199  popcnt=5
FAULT R=38871 -> T=38479  offset=-392  xor=0x00198  popcnt=4
FAULT R=38871 -> T=38486  offset=-385  xor=0x00181  popcnt=3
FAULT R=38871 -> T=38487  offset=-384  xor=0x00180  popcnt=2
FAULT R=38871 -> T=38830  offset=-41  xor=0x00079  popcnt=5
FAULT R=38871 -> T=38831  offset=-40  xor=0x00078  popcnt=4
FAULT R=38871 -> T=38838  offset=-33  xor=0x00061  popcnt=3
FAULT R=38871 -> T=38839  offset=-32  xor=0x00060  popcnt=2
FAULT R=38871 -> T=38862  offset=-9  xor=0x00019  popcnt=3
FAULT R=38871 -> T=38863  offset=-8  xor=0x00018  popcnt=2
FAULT R=38871 -> T=38870  offset=-1  xor=0x00001  popcnt=1
FAULT R=38872 -> T=38440  offset=-432  xor=0x001f0  popcnt=5
FAULT R=38872 -> T=38456  offset=-416  xor=0x001e0  popcnt=4
FAULT R=38872 -> T=38462  offset=-410  xor=0x001e6  popcnt=6
FAULT R=38872 -> T=38472  offset=-400  xor=0x00190  popcnt=3
FAULT R=38872 -> T=38478  offset=-394  xor=0x00196  popcnt=5
FAULT R=38872 -> T=38488  offset=-384  xor=0x00180  popcnt=2
FAULT R=38872 -> T=38494  offset=-378  xor=0x00186  popcnt=4
FAULT R=38872 -> T=38824  offset=-48  xor=0x00070  popcnt=3
FAULT R=38872 -> T=38830  offset=-42  xor=0x00076  popcnt=5
FAULT R=38872 -> T=38840  offset=-32  xor=0x00060  popcnt=2
FAULT R=38872 -> T=38846  offset=-26  xor=0x00066  popcnt=4
FAULT R=38872 -> T=38856  offset=-16  xor=0x00010  popcnt=1
FAULT R=38872 -> T=38862  offset=-10  xor=0x00016  popcnt=3
FAULT R=38872 -> T=38878  offset=+6  xor=0x00006  popcnt=2
FAULT R=38874 -> T=38442  offset=-432  xor=0x001f0  popcnt=5
FAULT R=38874 -> T=38458  offset=-416  xor=0x001e0  popcnt=4
FAULT R=38874 -> T=38462  offset=-412  xor=0x001e4  popcnt=5
FAULT R=38874 -> T=38474  offset=-400  xor=0x00190  popcnt=3
FAULT R=38874 -> T=38478  offset=-396  xor=0x00194  popcnt=4
FAULT R=38874 -> T=38490  offset=-384  xor=0x00180  popcnt=2
FAULT R=38874 -> T=38494  offset=-380  xor=0x00184  popcnt=3
FAULT R=38874 -> T=38826  offset=-48  xor=0x00070  popcnt=3
FAULT R=38874 -> T=38830  offset=-44  xor=0x00074  popcnt=4
FAULT R=38874 -> T=38842  offset=-32  xor=0x00060  popcnt=2
FAULT R=38874 -> T=38846  offset=-28  xor=0x00064  popcnt=3
FAULT R=38874 -> T=38858  offset=-16  xor=0x00010  popcnt=1
FAULT R=38874 -> T=38862  offset=-12  xor=0x00014  popcnt=2
FAULT R=38874 -> T=38878  offset=+4  xor=0x00004  popcnt=1
FAULT R=38876 -> T=38460  offset=-416  xor=0x001e0  popcnt=4
FAULT R=38876 -> T=38462  offset=-414  xor=0x001e2  popcnt=5
FAULT R=38876 -> T=38476  offset=-400  xor=0x00190  popcnt=3
FAULT R=38876 -> T=38478  offset=-398  xor=0x00192  popcnt=4
FAULT R=38876 -> T=38492  offset=-384  xor=0x00180  popcnt=2
FAULT R=38876 -> T=38494  offset=-382  xor=0x00182  popcnt=3
FAULT R=38876 -> T=38828  offset=-48  xor=0x00070  popcnt=3
FAULT R=38876 -> T=38830  offset=-46  xor=0x00072  popcnt=4
FAULT R=38876 -> T=38844  offset=-32  xor=0x00060  popcnt=2
FAULT R=38876 -> T=38846  offset=-30  xor=0x00062  popcnt=3
FAULT R=38876 -> T=38860  offset=-16  xor=0x00010  popcnt=1
FAULT R=38876 -> T=38862  offset=-14  xor=0x00012  popcnt=2
FAULT R=38876 -> T=38878  offset=+2  xor=0x00002  popcnt=1
FAULT R=38878 -> T=38462  offset=-416  xor=0x001e0  popcnt=4
FAULT R=38878 -> T=38478  offset=-400  xor=0x00190  popcnt=3
FAULT R=38878 -> T=38494  offset=-384  xor=0x00180  popcnt=2
FAULT R=38878 -> T=38830  offset=-48  xor=0x00070  popcnt=3
FAULT R=38878 -> T=38846  offset=-32  xor=0x00060  popcnt=2
FAULT R=38878 -> T=38862  offset=-16  xor=0x00010  popcnt=1
FAULT R=38879 -> T=38462  offset=-417  xor=0x001e1  popcnt=5
FAULT R=38879 -> T=38463  offset=-416  xor=0x001e0  popcnt=4
FAULT R=38879 -> T=38478  offset=-401  xor=0x00191  popcnt=4
FAULT R=38879 -> T=38479  offset=-400  xor=0x00190  popcnt=3
FAULT R=38879 -> T=38494  offset=-385  xor=0x00181  popcnt=3
FAULT R=38879 -> T=38495  offset=-384  xor=0x00180  popcnt=2
FAULT R=38879 -> T=38830  offset=-49  xor=0x00071  popcnt=4
FAULT R=38879 -> T=38831  offset=-48  xor=0x00070  popcnt=3
FAULT R=38879 -> T=38846  offset=-33  xor=0x00061  popcnt=3
FAULT R=38879 -> T=38847  offset=-32  xor=0x00060  popcnt=2
FAULT R=38879 -> T=38862  offset=-17  xor=0x00011  popcnt=2
FAULT R=38879 -> T=38863  offset=-16  xor=0x00010  popcnt=1
FAULT R=38879 -> T=38878  offset=-1  xor=0x00001  popcnt=1
FAULT R=38880 -> T=38432  offset=-448  xor=0x001c0  popcnt=3
FAULT R=38880 -> T=38440  offset=-440  xor=0x001c8  popcnt=4
FAULT R=38880 -> T=38496  offset=-384  xor=0x00180  popcnt=2
FAULT R=38880 -> T=38504  offset=-376  xor=0x00188  popcnt=3
FAULT R=38880 -> T=38816  offset=-64  xor=0x00040  popcnt=1
FAULT R=38880 -> T=38822  offset=-58  xor=0x00046  popcnt=3
FAULT R=38880 -> T=38824  offset=-56  xor=0x00048  popcnt=2
FAULT R=38880 -> T=38830  offset=-50  xor=0x0004e  popcnt=4
FAULT R=38880 -> T=38886  offset=+6  xor=0x00006  popcnt=2
FAULT R=38880 -> T=38888  offset=+8  xor=0x00008  popcnt=1
FAULT R=38880 -> T=38894  offset=+14  xor=0x0000e  popcnt=3
FAULT R=38882 -> T=38434  offset=-448  xor=0x001c0  popcnt=3
FAULT R=38882 -> T=38442  offset=-440  xor=0x001c8  popcnt=4
FAULT R=38882 -> T=38498  offset=-384  xor=0x00180  popcnt=2
FAULT R=38882 -> T=38506  offset=-376  xor=0x00188  popcnt=3
FAULT R=38882 -> T=38818  offset=-64  xor=0x00040  popcnt=1
FAULT R=38882 -> T=38822  offset=-60  xor=0x00044  popcnt=2
FAULT R=38882 -> T=38826  offset=-56  xor=0x00048  popcnt=2
FAULT R=38882 -> T=38830  offset=-52  xor=0x0004c  popcnt=3
FAULT R=38882 -> T=38886  offset=+4  xor=0x00004  popcnt=1
FAULT R=38882 -> T=38890  offset=+8  xor=0x00008  popcnt=1
FAULT R=38882 -> T=38894  offset=+12  xor=0x0000c  popcnt=2
FAULT R=38884 -> T=38820  offset=-64  xor=0x00040  popcnt=1
FAULT R=38884 -> T=38822  offset=-62  xor=0x00042  popcnt=2
FAULT R=38884 -> T=38828  offset=-56  xor=0x00048  popcnt=2
FAULT R=38884 -> T=38830  offset=-54  xor=0x0004a  popcnt=3
FAULT R=38884 -> T=38886  offset=+2  xor=0x00002  popcnt=1
FAULT R=38884 -> T=38892  offset=+8  xor=0x00008  popcnt=1
FAULT R=38884 -> T=38894  offset=+10  xor=0x0000a  popcnt=2
FAULT R=38886 -> T=38822  offset=-64  xor=0x00040  popcnt=1
FAULT R=38886 -> T=38830  offset=-56  xor=0x00048  popcnt=2
FAULT R=38886 -> T=38894  offset=+8  xor=0x00008  popcnt=1
FAULT R=38887 -> T=38822  offset=-65  xor=0x00041  popcnt=2
FAULT R=38887 -> T=38823  offset=-64  xor=0x00040  popcnt=1
FAULT R=38887 -> T=38830  offset=-57  xor=0x00049  popcnt=3
FAULT R=38887 -> T=38831  offset=-56  xor=0x00048  popcnt=2
FAULT R=38887 -> T=38886  offset=-1  xor=0x00001  popcnt=1
FAULT R=38887 -> T=38894  offset=+7  xor=0x00009  popcnt=2
FAULT R=38887 -> T=38895  offset=+8  xor=0x00008  popcnt=1
FAULT R=38888 -> T=38440  offset=-448  xor=0x001c0  popcnt=3
FAULT R=38888 -> T=38504  offset=-384  xor=0x00180  popcnt=2
FAULT R=38888 -> T=38824  offset=-64  xor=0x00040  popcnt=1
FAULT R=38888 -> T=38830  offset=-58  xor=0x00046  popcnt=3
FAULT R=38888 -> T=38894  offset=+6  xor=0x00006  popcnt=2
FAULT R=38889 -> T=38440  offset=-449  xor=0x001c1  popcnt=4
FAULT R=38889 -> T=38441  offset=-448  xor=0x001c0  popcnt=3
FAULT R=38889 -> T=38504  offset=-385  xor=0x00181  popcnt=3
FAULT R=38889 -> T=38505  offset=-384  xor=0x00180  popcnt=2
FAULT R=38889 -> T=38824  offset=-65  xor=0x00041  popcnt=2
FAULT R=38889 -> T=38825  offset=-64  xor=0x00040  popcnt=1
FAULT R=38889 -> T=38830  offset=-59  xor=0x00047  popcnt=4
FAULT R=38889 -> T=38831  offset=-58  xor=0x00046  popcnt=3
FAULT R=38889 -> T=38888  offset=-1  xor=0x00001  popcnt=1
FAULT R=38889 -> T=38894  offset=+5  xor=0x00007  popcnt=3
FAULT R=38889 -> T=38895  offset=+6  xor=0x00006  popcnt=2
FAULT R=38890 -> T=38442  offset=-448  xor=0x001c0  popcnt=3
FAULT R=38890 -> T=38506  offset=-384  xor=0x00180  popcnt=2
FAULT R=38890 -> T=38826  offset=-64  xor=0x00040  popcnt=1
FAULT R=38890 -> T=38830  offset=-60  xor=0x00044  popcnt=2
FAULT R=38890 -> T=38894  offset=+4  xor=0x00004  popcnt=1
FAULT R=38891 -> T=38442  offset=-449  xor=0x001c1  popcnt=4
FAULT R=38891 -> T=38443  offset=-448  xor=0x001c0  popcnt=3
FAULT R=38891 -> T=38506  offset=-385  xor=0x00181  popcnt=3
FAULT R=38891 -> T=38507  offset=-384  xor=0x00180  popcnt=2
FAULT R=38891 -> T=38826  offset=-65  xor=0x00041  popcnt=2
FAULT R=38891 -> T=38827  offset=-64  xor=0x00040  popcnt=1
FAULT R=38891 -> T=38830  offset=-61  xor=0x00045  popcnt=3
FAULT R=38891 -> T=38831  offset=-60  xor=0x00044  popcnt=2
FAULT R=38891 -> T=38890  offset=-1  xor=0x00001  popcnt=1
FAULT R=38891 -> T=38894  offset=+3  xor=0x00005  popcnt=2
FAULT R=38891 -> T=38895  offset=+4  xor=0x00004  popcnt=1
FAULT R=38892 -> T=38828  offset=-64  xor=0x00040  popcnt=1
FAULT R=38892 -> T=38830  offset=-62  xor=0x00042  popcnt=2
FAULT R=38892 -> T=38894  offset=+2  xor=0x00002  popcnt=1
FAULT R=38893 -> T=38828  offset=-65  xor=0x00041  popcnt=2
FAULT R=38893 -> T=38829  offset=-64  xor=0x00040  popcnt=1
FAULT R=38893 -> T=38830  offset=-63  xor=0x00043  popcnt=3
FAULT R=38893 -> T=38831  offset=-62  xor=0x00042  popcnt=2
FAULT R=38893 -> T=38892  offset=-1  xor=0x00001  popcnt=1
FAULT R=38893 -> T=38894  offset=+1  xor=0x00003  popcnt=2
FAULT R=38893 -> T=38895  offset=+2  xor=0x00002  popcnt=1
FAULT R=38894 -> T=38830  offset=-64  xor=0x00040  popcnt=1
FAULT R=38895 -> T=38830  offset=-65  xor=0x00041  popcnt=2
FAULT R=38895 -> T=38831  offset=-64  xor=0x00040  popcnt=1
FAULT R=38895 -> T=38894  offset=-1  xor=0x00001  popcnt=1
FAULT R=38896 -> T=38440  offset=-456  xor=0x001d8  popcnt=5
FAULT R=38896 -> T=38448  offset=-448  xor=0x001c0  popcnt=3
FAULT R=38896 -> T=38454  offset=-442  xor=0x001c6  popcnt=5
FAULT R=38896 -> T=38504  offset=-392  xor=0x00198  popcnt=4
FAULT R=38896 -> T=38512  offset=-384  xor=0x00180  popcnt=2
FAULT R=38896 -> T=38518  offset=-378  xor=0x00186  popcnt=4
FAULT R=38896 -> T=38824  offset=-72  xor=0x00058  popcnt=3
FAULT R=38896 -> T=38830  offset=-66  xor=0x0005e  popcnt=5
FAULT R=38896 -> T=38832  offset=-64  xor=0x00040  popcnt=1
FAULT R=38896 -> T=38838  offset=-58  xor=0x00046  popcnt=3
FAULT R=38896 -> T=38888  offset=-8  xor=0x00018  popcnt=2
FAULT R=38896 -> T=38894  offset=-2  xor=0x0001e  popcnt=4
FAULT R=38896 -> T=38902  offset=+6  xor=0x00006  popcnt=2
FAULT R=38898 -> T=38442  offset=-456  xor=0x001d8  popcnt=5
FAULT R=38898 -> T=38450  offset=-448  xor=0x001c0  popcnt=3
FAULT R=38898 -> T=38454  offset=-444  xor=0x001c4  popcnt=4
FAULT R=38898 -> T=38506  offset=-392  xor=0x00198  popcnt=4
FAULT R=38898 -> T=38514  offset=-384  xor=0x00180  popcnt=2
FAULT R=38898 -> T=38518  offset=-380  xor=0x00184  popcnt=3
FAULT R=38898 -> T=38826  offset=-72  xor=0x00058  popcnt=3
FAULT R=38898 -> T=38830  offset=-68  xor=0x0005c  popcnt=4
FAULT R=38898 -> T=38834  offset=-64  xor=0x00040  popcnt=1
FAULT R=38898 -> T=38838  offset=-60  xor=0x00044  popcnt=2
FAULT R=38898 -> T=38890  offset=-8  xor=0x00018  popcnt=2
FAULT R=38898 -> T=38894  offset=-4  xor=0x0001c  popcnt=3
FAULT R=38898 -> T=38902  offset=+4  xor=0x00004  popcnt=1
FAULT R=38900 -> T=38452  offset=-448  xor=0x001c0  popcnt=3
FAULT R=38900 -> T=38454  offset=-446  xor=0x001c2  popcnt=4
FAULT R=38900 -> T=38516  offset=-384  xor=0x00180  popcnt=2
FAULT R=38900 -> T=38518  offset=-382  xor=0x00182  popcnt=3
FAULT R=38900 -> T=38828  offset=-72  xor=0x00058  popcnt=3
FAULT R=38900 -> T=38830  offset=-70  xor=0x0005a  popcnt=4
FAULT R=38900 -> T=38836  offset=-64  xor=0x00040  popcnt=1
FAULT R=38900 -> T=38838  offset=-62  xor=0x00042  popcnt=2
FAULT R=38900 -> T=38892  offset=-8  xor=0x00018  popcnt=2
FAULT R=38900 -> T=38894  offset=-6  xor=0x0001a  popcnt=3
FAULT R=38900 -> T=38902  offset=+2  xor=0x00002  popcnt=1
FAULT R=38902 -> T=38454  offset=-448  xor=0x001c0  popcnt=3
FAULT R=38902 -> T=38518  offset=-384  xor=0x00180  popcnt=2
FAULT R=38902 -> T=38830  offset=-72  xor=0x00058  popcnt=3
FAULT R=38902 -> T=38838  offset=-64  xor=0x00040  popcnt=1
FAULT R=38902 -> T=38894  offset=-8  xor=0x00018  popcnt=2
FAULT R=38903 -> T=38454  offset=-449  xor=0x001c1  popcnt=4
FAULT R=38903 -> T=38455  offset=-448  xor=0x001c0  popcnt=3
FAULT R=38903 -> T=38518  offset=-385  xor=0x00181  popcnt=3
FAULT R=38903 -> T=38519  offset=-384  xor=0x00180  popcnt=2
FAULT R=38903 -> T=38830  offset=-73  xor=0x00059  popcnt=4
FAULT R=38903 -> T=38831  offset=-72  xor=0x00058  popcnt=3
FAULT R=38903 -> T=38838  offset=-65  xor=0x00041  popcnt=2
FAULT R=38903 -> T=38839  offset=-64  xor=0x00040  popcnt=1
FAULT R=38903 -> T=38894  offset=-9  xor=0x00019  popcnt=3
FAULT R=38903 -> T=38895  offset=-8  xor=0x00018  popcnt=2
FAULT R=38903 -> T=38902  offset=-1  xor=0x00001  popcnt=1
FAULT R=38904 -> T=38440  offset=-464  xor=0x001d0  popcnt=4
FAULT R=38904 -> T=38456  offset=-448  xor=0x001c0  popcnt=3
FAULT R=38904 -> T=38462  offset=-442  xor=0x001c6  popcnt=5
FAULT R=38904 -> T=38504  offset=-400  xor=0x00190  popcnt=3
FAULT R=38904 -> T=38520  offset=-384  xor=0x00180  popcnt=2
FAULT R=38904 -> T=38526  offset=-378  xor=0x00186  popcnt=4
FAULT R=38904 -> T=38824  offset=-80  xor=0x00050  popcnt=2
FAULT R=38904 -> T=38830  offset=-74  xor=0x00056  popcnt=4
FAULT R=38904 -> T=38840  offset=-64  xor=0x00040  popcnt=1
FAULT R=38904 -> T=38846  offset=-58  xor=0x00046  popcnt=3
FAULT R=38904 -> T=38888  offset=-16  xor=0x00010  popcnt=1
FAULT R=38904 -> T=38894  offset=-10  xor=0x00016  popcnt=3
FAULT R=38904 -> T=38910  offset=+6  xor=0x00006  popcnt=2
FAULT R=38906 -> T=38442  offset=-464  xor=0x001d0  popcnt=4
FAULT R=38906 -> T=38458  offset=-448  xor=0x001c0  popcnt=3
FAULT R=38906 -> T=38462  offset=-444  xor=0x001c4  popcnt=4
FAULT R=38906 -> T=38506  offset=-400  xor=0x00190  popcnt=3
FAULT R=38906 -> T=38522  offset=-384  xor=0x00180  popcnt=2
FAULT R=38906 -> T=38526  offset=-380  xor=0x00184  popcnt=3
FAULT R=38906 -> T=38826  offset=-80  xor=0x00050  popcnt=2
FAULT R=38906 -> T=38830  offset=-76  xor=0x00054  popcnt=3
FAULT R=38906 -> T=38842  offset=-64  xor=0x00040  popcnt=1
FAULT R=38906 -> T=38846  offset=-60  xor=0x00044  popcnt=2
FAULT R=38906 -> T=38890  offset=-16  xor=0x00010  popcnt=1
FAULT R=38906 -> T=38894  offset=-12  xor=0x00014  popcnt=2
FAULT R=38906 -> T=38910  offset=+4  xor=0x00004  popcnt=1
FAULT R=38908 -> T=38460  offset=-448  xor=0x001c0  popcnt=3
FAULT R=38908 -> T=38462  offset=-446  xor=0x001c2  popcnt=4
FAULT R=38908 -> T=38524  offset=-384  xor=0x00180  popcnt=2
FAULT R=38908 -> T=38526  offset=-382  xor=0x00182  popcnt=3
FAULT R=38908 -> T=38828  offset=-80  xor=0x00050  popcnt=2
FAULT R=38908 -> T=38830  offset=-78  xor=0x00052  popcnt=3
FAULT R=38908 -> T=38844  offset=-64  xor=0x00040  popcnt=1
FAULT R=38908 -> T=38846  offset=-62  xor=0x00042  popcnt=2
FAULT R=38908 -> T=38892  offset=-16  xor=0x00010  popcnt=1
FAULT R=38908 -> T=38894  offset=-14  xor=0x00012  popcnt=2
FAULT R=38908 -> T=38910  offset=+2  xor=0x00002  popcnt=1
FAULT R=38910 -> T=38462  offset=-448  xor=0x001c0  popcnt=3
FAULT R=38910 -> T=38526  offset=-384  xor=0x00180  popcnt=2
FAULT R=38910 -> T=38830  offset=-80  xor=0x00050  popcnt=2
FAULT R=38910 -> T=38846  offset=-64  xor=0x00040  popcnt=1
FAULT R=38910 -> T=38894  offset=-16  xor=0x00010  popcnt=1
FAULT R=38911 -> T=38462  offset=-449  xor=0x001c1  popcnt=4
FAULT R=38911 -> T=38463  offset=-448  xor=0x001c0  popcnt=3
FAULT R=38911 -> T=38526  offset=-385  xor=0x00181  popcnt=3
FAULT R=38911 -> T=38527  offset=-384  xor=0x00180  popcnt=2
FAULT R=38911 -> T=38830  offset=-81  xor=0x00051  popcnt=3
FAULT R=38911 -> T=38831  offset=-80  xor=0x00050  popcnt=2
FAULT R=38911 -> T=38846  offset=-65  xor=0x00041  popcnt=2
FAULT R=38911 -> T=38847  offset=-64  xor=0x00040  popcnt=1
FAULT R=38911 -> T=38894  offset=-17  xor=0x00011  popcnt=2
FAULT R=38911 -> T=38895  offset=-16  xor=0x00010  popcnt=1
FAULT R=38911 -> T=38910  offset=-1  xor=0x00001  popcnt=1
FAULT R=38912 -> T=38400  offset=-512  xor=0x00e00  popcnt=3
FAULT R=38912 -> T=38406  offset=-506  xor=0x00e06  popcnt=5
FAULT R=38912 -> T=38408  offset=-504  xor=0x00e08  popcnt=4
FAULT R=38912 -> T=38414  offset=-498  xor=0x00e0e  popcnt=6
FAULT R=38912 -> T=38432  offset=-480  xor=0x00e20  popcnt=4
FAULT R=38912 -> T=38440  offset=-472  xor=0x00e28  popcnt=5
FAULT R=38912 -> T=38918  offset=+6  xor=0x00006  popcnt=2
FAULT R=38912 -> T=38920  offset=+8  xor=0x00008  popcnt=1
FAULT R=38912 -> T=38926  offset=+14  xor=0x0000e  popcnt=3
FAULT R=38912 -> T=38944  offset=+32  xor=0x00020  popcnt=1
FAULT R=38912 -> T=38950  offset=+38  xor=0x00026  popcnt=3
FAULT R=38912 -> T=38952  offset=+40  xor=0x00028  popcnt=2
FAULT R=38912 -> T=38958  offset=+46  xor=0x0002e  popcnt=4
FAULT R=38914 -> T=38402  offset=-512  xor=0x00e00  popcnt=3
FAULT R=38914 -> T=38406  offset=-508  xor=0x00e04  popcnt=4
FAULT R=38914 -> T=38410  offset=-504  xor=0x00e08  popcnt=4
FAULT R=38914 -> T=38414  offset=-500  xor=0x00e0c  popcnt=5
FAULT R=38914 -> T=38434  offset=-480  xor=0x00e20  popcnt=4
FAULT R=38914 -> T=38442  offset=-472  xor=0x00e28  popcnt=5
FAULT R=38914 -> T=38918  offset=+4  xor=0x00004  popcnt=1
FAULT R=38914 -> T=38922  offset=+8  xor=0x00008  popcnt=1
FAULT R=38914 -> T=38926  offset=+12  xor=0x0000c  popcnt=2
FAULT R=38914 -> T=38946  offset=+32  xor=0x00020  popcnt=1
FAULT R=38914 -> T=38950  offset=+36  xor=0x00024  popcnt=2
FAULT R=38914 -> T=38954  offset=+40  xor=0x00028  popcnt=2
FAULT R=38914 -> T=38958  offset=+44  xor=0x0002c  popcnt=3
FAULT R=38916 -> T=38404  offset=-512  xor=0x00e00  popcnt=3
FAULT R=38916 -> T=38406  offset=-510  xor=0x00e02  popcnt=4
FAULT R=38916 -> T=38412  offset=-504  xor=0x00e08  popcnt=4
FAULT R=38916 -> T=38414  offset=-502  xor=0x00e0a  popcnt=5
FAULT R=38916 -> T=38918  offset=+2  xor=0x00002  popcnt=1
FAULT R=38916 -> T=38924  offset=+8  xor=0x00008  popcnt=1
FAULT R=38916 -> T=38926  offset=+10  xor=0x0000a  popcnt=2
FAULT R=38916 -> T=38948  offset=+32  xor=0x00020  popcnt=1
FAULT R=38916 -> T=38950  offset=+34  xor=0x00022  popcnt=2
FAULT R=38916 -> T=38956  offset=+40  xor=0x00028  popcnt=2
FAULT R=38916 -> T=38958  offset=+42  xor=0x0002a  popcnt=3
FAULT R=38918 -> T=38406  offset=-512  xor=0x00e00  popcnt=3
FAULT R=38918 -> T=38414  offset=-504  xor=0x00e08  popcnt=4
FAULT R=38918 -> T=38926  offset=+8  xor=0x00008  popcnt=1
FAULT R=38918 -> T=38950  offset=+32  xor=0x00020  popcnt=1
FAULT R=38918 -> T=38958  offset=+40  xor=0x00028  popcnt=2
FAULT R=38919 -> T=38406  offset=-513  xor=0x00e01  popcnt=4
FAULT R=38919 -> T=38407  offset=-512  xor=0x00e00  popcnt=3
FAULT R=38919 -> T=38414  offset=-505  xor=0x00e09  popcnt=5
FAULT R=38919 -> T=38415  offset=-504  xor=0x00e08  popcnt=4
FAULT R=38919 -> T=38918  offset=-1  xor=0x00001  popcnt=1
FAULT R=38919 -> T=38926  offset=+7  xor=0x00009  popcnt=2
FAULT R=38919 -> T=38927  offset=+8  xor=0x00008  popcnt=1
FAULT R=38919 -> T=38950  offset=+31  xor=0x00021  popcnt=2
FAULT R=38919 -> T=38951  offset=+32  xor=0x00020  popcnt=1
FAULT R=38919 -> T=38958  offset=+39  xor=0x00029  popcnt=3
FAULT R=38919 -> T=38959  offset=+40  xor=0x00028  popcnt=2
FAULT R=38920 -> T=38408  offset=-512  xor=0x00e00  popcnt=3
FAULT R=38920 -> T=38414  offset=-506  xor=0x00e06  popcnt=5
FAULT R=38920 -> T=38440  offset=-480  xor=0x00e20  popcnt=4
FAULT R=38920 -> T=38926  offset=+6  xor=0x00006  popcnt=2
FAULT R=38920 -> T=38952  offset=+32  xor=0x00020  popcnt=1
FAULT R=38920 -> T=38958  offset=+38  xor=0x00026  popcnt=3
FAULT R=38921 -> T=38408  offset=-513  xor=0x00e01  popcnt=4
FAULT R=38921 -> T=38409  offset=-512  xor=0x00e00  popcnt=3
FAULT R=38921 -> T=38414  offset=-507  xor=0x00e07  popcnt=6
FAULT R=38921 -> T=38415  offset=-506  xor=0x00e06  popcnt=5
FAULT R=38921 -> T=38440  offset=-481  xor=0x00e21  popcnt=5
FAULT R=38921 -> T=38441  offset=-480  xor=0x00e20  popcnt=4
FAULT R=38921 -> T=38920  offset=-1  xor=0x00001  popcnt=1
FAULT R=38921 -> T=38926  offset=+5  xor=0x00007  popcnt=3
FAULT R=38921 -> T=38927  offset=+6  xor=0x00006  popcnt=2
FAULT R=38921 -> T=38952  offset=+31  xor=0x00021  popcnt=2
FAULT R=38921 -> T=38953  offset=+32  xor=0x00020  popcnt=1
FAULT R=38921 -> T=38958  offset=+37  xor=0x00027  popcnt=4
FAULT R=38921 -> T=38959  offset=+38  xor=0x00026  popcnt=3
FAULT R=38922 -> T=38410  offset=-512  xor=0x00e00  popcnt=3
FAULT R=38922 -> T=38414  offset=-508  xor=0x00e04  popcnt=4
FAULT R=38922 -> T=38442  offset=-480  xor=0x00e20  popcnt=4
FAULT R=38922 -> T=38926  offset=+4  xor=0x00004  popcnt=1
FAULT R=38922 -> T=38954  offset=+32  xor=0x00020  popcnt=1
FAULT R=38922 -> T=38958  offset=+36  xor=0x00024  popcnt=2
FAULT R=38923 -> T=38410  offset=-513  xor=0x00e01  popcnt=4
FAULT R=38923 -> T=38411  offset=-512  xor=0x00e00  popcnt=3
FAULT R=38923 -> T=38414  offset=-509  xor=0x00e05  popcnt=5
FAULT R=38923 -> T=38415  offset=-508  xor=0x00e04  popcnt=4
FAULT R=38923 -> T=38442  offset=-481  xor=0x00e21  popcnt=5
FAULT R=38923 -> T=38443  offset=-480  xor=0x00e20  popcnt=4
FAULT R=38923 -> T=38922  offset=-1  xor=0x00001  popcnt=1
FAULT R=38923 -> T=38926  offset=+3  xor=0x00005  popcnt=2
FAULT R=38923 -> T=38927  offset=+4  xor=0x00004  popcnt=1
FAULT R=38923 -> T=38954  offset=+31  xor=0x00021  popcnt=2
FAULT R=38923 -> T=38955  offset=+32  xor=0x00020  popcnt=1
FAULT R=38923 -> T=38958  offset=+35  xor=0x00025  popcnt=3
FAULT R=38923 -> T=38959  offset=+36  xor=0x00024  popcnt=2
FAULT R=38924 -> T=38412  offset=-512  xor=0x00e00  popcnt=3
FAULT R=38924 -> T=38414  offset=-510  xor=0x00e02  popcnt=4
FAULT R=38924 -> T=38926  offset=+2  xor=0x00002  popcnt=1
FAULT R=38924 -> T=38956  offset=+32  xor=0x00020  popcnt=1
FAULT R=38924 -> T=38958  offset=+34  xor=0x00022  popcnt=2
FAULT R=38925 -> T=38412  offset=-513  xor=0x00e01  popcnt=4
FAULT R=38925 -> T=38413  offset=-512  xor=0x00e00  popcnt=3
FAULT R=38925 -> T=38414  offset=-511  xor=0x00e03  popcnt=5
FAULT R=38925 -> T=38415  offset=-510  xor=0x00e02  popcnt=4
FAULT R=38925 -> T=38924  offset=-1  xor=0x00001  popcnt=1
FAULT R=38925 -> T=38926  offset=+1  xor=0x00003  popcnt=2
FAULT R=38925 -> T=38927  offset=+2  xor=0x00002  popcnt=1
FAULT R=38925 -> T=38956  offset=+31  xor=0x00021  popcnt=2
FAULT R=38925 -> T=38957  offset=+32  xor=0x00020  popcnt=1
FAULT R=38925 -> T=38958  offset=+33  xor=0x00023  popcnt=3
FAULT R=38925 -> T=38959  offset=+34  xor=0x00022  popcnt=2
FAULT R=38926 -> T=38414  offset=-512  xor=0x00e00  popcnt=3
FAULT R=38926 -> T=38958  offset=+32  xor=0x00020  popcnt=1
FAULT R=38927 -> T=38414  offset=-513  xor=0x00e01  popcnt=4
FAULT R=38927 -> T=38415  offset=-512  xor=0x00e00  popcnt=3
FAULT R=38927 -> T=38926  offset=-1  xor=0x00001  popcnt=1
FAULT R=38927 -> T=38958  offset=+31  xor=0x00021  popcnt=2
FAULT R=38927 -> T=38959  offset=+32  xor=0x00020  popcnt=1
FAULT R=38928 -> T=38408  offset=-520  xor=0x00e18  popcnt=5
FAULT R=38928 -> T=38414  offset=-514  xor=0x00e1e  popcnt=7
FAULT R=38928 -> T=38416  offset=-512  xor=0x00e00  popcnt=3
FAULT R=38928 -> T=38422  offset=-506  xor=0x00e06  popcnt=5
FAULT R=38928 -> T=38440  offset=-488  xor=0x00e38  popcnt=6
FAULT R=38928 -> T=38448  offset=-480  xor=0x00e20  popcnt=4
FAULT R=38928 -> T=38454  offset=-474  xor=0x00e26  popcnt=6
FAULT R=38928 -> T=38920  offset=-8  xor=0x00018  popcnt=2
FAULT R=38928 -> T=38926  offset=-2  xor=0x0001e  popcnt=4
FAULT R=38928 -> T=38934  offset=+6  xor=0x00006  popcnt=2
FAULT R=38928 -> T=38952  offset=+24  xor=0x00038  popcnt=3
FAULT R=38928 -> T=38958  offset=+30  xor=0x0003e  popcnt=5
FAULT R=38928 -> T=38960  offset=+32  xor=0x00020  popcnt=1
FAULT R=38928 -> T=38966  offset=+38  xor=0x00026  popcnt=3
FAULT R=38930 -> T=38410  offset=-520  xor=0x00e18  popcnt=5
FAULT R=38930 -> T=38414  offset=-516  xor=0x00e1c  popcnt=6
FAULT R=38930 -> T=38418  offset=-512  xor=0x00e00  popcnt=3
FAULT R=38930 -> T=38422  offset=-508  xor=0x00e04  popcnt=4
FAULT R=38930 -> T=38442  offset=-488  xor=0x00e38  popcnt=6
FAULT R=38930 -> T=38450  offset=-480  xor=0x00e20  popcnt=4
FAULT R=38930 -> T=38454  offset=-476  xor=0x00e24  popcnt=5
FAULT R=38930 -> T=38922  offset=-8  xor=0x00018  popcnt=2
FAULT R=38930 -> T=38926  offset=-4  xor=0x0001c  popcnt=3
FAULT R=38930 -> T=38934  offset=+4  xor=0x00004  popcnt=1
FAULT R=38930 -> T=38954  offset=+24  xor=0x00038  popcnt=3
FAULT R=38930 -> T=38958  offset=+28  xor=0x0003c  popcnt=4
FAULT R=38930 -> T=38962  offset=+32  xor=0x00020  popcnt=1
FAULT R=38930 -> T=38966  offset=+36  xor=0x00024  popcnt=2
FAULT R=38932 -> T=38412  offset=-520  xor=0x00e18  popcnt=5
FAULT R=38932 -> T=38414  offset=-518  xor=0x00e1a  popcnt=6
FAULT R=38932 -> T=38420  offset=-512  xor=0x00e00  popcnt=3
FAULT R=38932 -> T=38422  offset=-510  xor=0x00e02  popcnt=4
FAULT R=38932 -> T=38452  offset=-480  xor=0x00e20  popcnt=4
FAULT R=38932 -> T=38454  offset=-478  xor=0x00e22  popcnt=5
FAULT R=38932 -> T=38924  offset=-8  xor=0x00018  popcnt=2
FAULT R=38932 -> T=38926  offset=-6  xor=0x0001a  popcnt=3
FAULT R=38932 -> T=38934  offset=+2  xor=0x00002  popcnt=1
FAULT R=38932 -> T=38956  offset=+24  xor=0x00038  popcnt=3
FAULT R=38932 -> T=38958  offset=+26  xor=0x0003a  popcnt=4
FAULT R=38932 -> T=38964  offset=+32  xor=0x00020  popcnt=1
FAULT R=38932 -> T=38966  offset=+34  xor=0x00022  popcnt=2
FAULT R=38934 -> T=38414  offset=-520  xor=0x00e18  popcnt=5
FAULT R=38934 -> T=38422  offset=-512  xor=0x00e00  popcnt=3
FAULT R=38934 -> T=38454  offset=-480  xor=0x00e20  popcnt=4
FAULT R=38934 -> T=38926  offset=-8  xor=0x00018  popcnt=2
FAULT R=38934 -> T=38958  offset=+24  xor=0x00038  popcnt=3
FAULT R=38934 -> T=38966  offset=+32  xor=0x00020  popcnt=1
FAULT R=38935 -> T=38414  offset=-521  xor=0x00e19  popcnt=6
FAULT R=38935 -> T=38415  offset=-520  xor=0x00e18  popcnt=5
FAULT R=38935 -> T=38422  offset=-513  xor=0x00e01  popcnt=4
FAULT R=38935 -> T=38423  offset=-512  xor=0x00e00  popcnt=3
FAULT R=38935 -> T=38454  offset=-481  xor=0x00e21  popcnt=5
FAULT R=38935 -> T=38455  offset=-480  xor=0x00e20  popcnt=4
FAULT R=38935 -> T=38926  offset=-9  xor=0x00019  popcnt=3
FAULT R=38935 -> T=38927  offset=-8  xor=0x00018  popcnt=2
FAULT R=38935 -> T=38934  offset=-1  xor=0x00001  popcnt=1
FAULT R=38935 -> T=38958  offset=+23  xor=0x00039  popcnt=4
FAULT R=38935 -> T=38959  offset=+24  xor=0x00038  popcnt=3
FAULT R=38935 -> T=38966  offset=+31  xor=0x00021  popcnt=2
FAULT R=38935 -> T=38967  offset=+32  xor=0x00020  popcnt=1
FAULT R=38936 -> T=38408  offset=-528  xor=0x00e10  popcnt=4
FAULT R=38936 -> T=38414  offset=-522  xor=0x00e16  popcnt=6
FAULT R=38936 -> T=38424  offset=-512  xor=0x00e00  popcnt=3
FAULT R=38936 -> T=38430  offset=-506  xor=0x00e06  popcnt=5
FAULT R=38936 -> T=38440  offset=-496  xor=0x00e30  popcnt=5
FAULT R=38936 -> T=38456  offset=-480  xor=0x00e20  popcnt=4
FAULT R=38936 -> T=38462  offset=-474  xor=0x00e26  popcnt=6
FAULT R=38936 -> T=38920  offset=-16  xor=0x00010  popcnt=1
FAULT R=38936 -> T=38926  offset=-10  xor=0x00016  popcnt=3
FAULT R=38936 -> T=38942  offset=+6  xor=0x00006  popcnt=2
FAULT R=38936 -> T=38952  offset=+16  xor=0x00030  popcnt=2
FAULT R=38936 -> T=38958  offset=+22  xor=0x00036  popcnt=4
FAULT R=38936 -> T=38968  offset=+32  xor=0x00020  popcnt=1
FAULT R=38936 -> T=38974  offset=+38  xor=0x00026  popcnt=3
FAULT R=38938 -> T=38410  offset=-528  xor=0x00e10  popcnt=4
FAULT R=38938 -> T=38414  offset=-524  xor=0x00e14  popcnt=5
FAULT R=38938 -> T=38426  offset=-512  xor=0x00e00  popcnt=3
FAULT R=38938 -> T=38430  offset=-508  xor=0x00e04  popcnt=4
FAULT R=38938 -> T=38442  offset=-496  xor=0x00e30  popcnt=5
FAULT R=38938 -> T=38458  offset=-480  xor=0x00e20  popcnt=4
FAULT R=38938 -> T=38462  offset=-476  xor=0x00e24  popcnt=5
FAULT R=38938 -> T=38922  offset=-16  xor=0x00010  popcnt=1
FAULT R=38938 -> T=38926  offset=-12  xor=0x00014  popcnt=2
FAULT R=38938 -> T=38942  offset=+4  xor=0x00004  popcnt=1
FAULT R=38938 -> T=38954  offset=+16  xor=0x00030  popcnt=2
FAULT R=38938 -> T=38958  offset=+20  xor=0x00034  popcnt=3
FAULT R=38938 -> T=38970  offset=+32  xor=0x00020  popcnt=1
FAULT R=38938 -> T=38974  offset=+36  xor=0x00024  popcnt=2
FAULT R=38940 -> T=38412  offset=-528  xor=0x00e10  popcnt=4
FAULT R=38940 -> T=38414  offset=-526  xor=0x00e12  popcnt=5
FAULT R=38940 -> T=38428  offset=-512  xor=0x00e00  popcnt=3
FAULT R=38940 -> T=38430  offset=-510  xor=0x00e02  popcnt=4
FAULT R=38940 -> T=38460  offset=-480  xor=0x00e20  popcnt=4
FAULT R=38940 -> T=38462  offset=-478  xor=0x00e22  popcnt=5
FAULT R=38940 -> T=38924  offset=-16  xor=0x00010  popcnt=1
FAULT R=38940 -> T=38926  offset=-14  xor=0x00012  popcnt=2
FAULT R=38940 -> T=38942  offset=+2  xor=0x00002  popcnt=1
FAULT R=38940 -> T=38956  offset=+16  xor=0x00030  popcnt=2
FAULT R=38940 -> T=38958  offset=+18  xor=0x00032  popcnt=3
FAULT R=38940 -> T=38972  offset=+32  xor=0x00020  popcnt=1
FAULT R=38940 -> T=38974  offset=+34  xor=0x00022  popcnt=2
FAULT R=38942 -> T=38414  offset=-528  xor=0x00e10  popcnt=4
FAULT R=38942 -> T=38430  offset=-512  xor=0x00e00  popcnt=3
FAULT R=38942 -> T=38462  offset=-480  xor=0x00e20  popcnt=4
FAULT R=38942 -> T=38926  offset=-16  xor=0x00010  popcnt=1
FAULT R=38942 -> T=38958  offset=+16  xor=0x00030  popcnt=2
FAULT R=38942 -> T=38974  offset=+32  xor=0x00020  popcnt=1
FAULT R=38943 -> T=38414  offset=-529  xor=0x00e11  popcnt=5
FAULT R=38943 -> T=38415  offset=-528  xor=0x00e10  popcnt=4
FAULT R=38943 -> T=38430  offset=-513  xor=0x00e01  popcnt=4
FAULT R=38943 -> T=38431  offset=-512  xor=0x00e00  popcnt=3
FAULT R=38943 -> T=38462  offset=-481  xor=0x00e21  popcnt=5
FAULT R=38943 -> T=38463  offset=-480  xor=0x00e20  popcnt=4
FAULT R=38943 -> T=38926  offset=-17  xor=0x00011  popcnt=2
FAULT R=38943 -> T=38927  offset=-16  xor=0x00010  popcnt=1
FAULT R=38943 -> T=38942  offset=-1  xor=0x00001  popcnt=1
FAULT R=38943 -> T=38958  offset=+15  xor=0x00031  popcnt=3
FAULT R=38943 -> T=38959  offset=+16  xor=0x00030  popcnt=2
FAULT R=38943 -> T=38974  offset=+31  xor=0x00021  popcnt=2
FAULT R=38943 -> T=38975  offset=+32  xor=0x00020  popcnt=1
FAULT R=38944 -> T=38432  offset=-512  xor=0x00e00  popcnt=3
FAULT R=38944 -> T=38440  offset=-504  xor=0x00e08  popcnt=4
FAULT R=38944 -> T=38950  offset=+6  xor=0x00006  popcnt=2
FAULT R=38944 -> T=38952  offset=+8  xor=0x00008  popcnt=1
FAULT R=38944 -> T=38958  offset=+14  xor=0x0000e  popcnt=3
FAULT R=38945 -> T=38432  offset=-513  xor=0x00e01  popcnt=4
FAULT R=38945 -> T=38433  offset=-512  xor=0x00e00  popcnt=3
FAULT R=38945 -> T=38440  offset=-505  xor=0x00e09  popcnt=5
FAULT R=38945 -> T=38441  offset=-504  xor=0x00e08  popcnt=4
FAULT R=38945 -> T=38944  offset=-1  xor=0x00001  popcnt=1
FAULT R=38945 -> T=38950  offset=+5  xor=0x00007  popcnt=3
FAULT R=38945 -> T=38951  offset=+6  xor=0x00006  popcnt=2
FAULT R=38945 -> T=38952  offset=+7  xor=0x00009  popcnt=2
FAULT R=38945 -> T=38953  offset=+8  xor=0x00008  popcnt=1
FAULT R=38945 -> T=38958  offset=+13  xor=0x0000f  popcnt=4
FAULT R=38945 -> T=38959  offset=+14  xor=0x0000e  popcnt=3
FAULT R=38946 -> T=38434  offset=-512  xor=0x00e00  popcnt=3
FAULT R=38946 -> T=38442  offset=-504  xor=0x00e08  popcnt=4
FAULT R=38946 -> T=38950  offset=+4  xor=0x00004  popcnt=1
FAULT R=38946 -> T=38954  offset=+8  xor=0x00008  popcnt=1
FAULT R=38946 -> T=38958  offset=+12  xor=0x0000c  popcnt=2
FAULT R=38947 -> T=38434  offset=-513  xor=0x00e01  popcnt=4
FAULT R=38947 -> T=38435  offset=-512  xor=0x00e00  popcnt=3
FAULT R=38947 -> T=38442  offset=-505  xor=0x00e09  popcnt=5
FAULT R=38947 -> T=38443  offset=-504  xor=0x00e08  popcnt=4
FAULT R=38947 -> T=38946  offset=-1  xor=0x00001  popcnt=1
FAULT R=38947 -> T=38950  offset=+3  xor=0x00005  popcnt=2
FAULT R=38947 -> T=38951  offset=+4  xor=0x00004  popcnt=1
FAULT R=38947 -> T=38954  offset=+7  xor=0x00009  popcnt=2
FAULT R=38947 -> T=38955  offset=+8  xor=0x00008  popcnt=1
FAULT R=38947 -> T=38958  offset=+11  xor=0x0000d  popcnt=3
FAULT R=38947 -> T=38959  offset=+12  xor=0x0000c  popcnt=2
FAULT R=38948 -> T=38950  offset=+2  xor=0x00002  popcnt=1
FAULT R=38948 -> T=38956  offset=+8  xor=0x00008  popcnt=1
FAULT R=38948 -> T=38958  offset=+10  xor=0x0000a  popcnt=2
FAULT R=38949 -> T=38948  offset=-1  xor=0x00001  popcnt=1
FAULT R=38949 -> T=38950  offset=+1  xor=0x00003  popcnt=2
FAULT R=38949 -> T=38951  offset=+2  xor=0x00002  popcnt=1
FAULT R=38949 -> T=38956  offset=+7  xor=0x00009  popcnt=2
FAULT R=38949 -> T=38957  offset=+8  xor=0x00008  popcnt=1
FAULT R=38949 -> T=38958  offset=+9  xor=0x0000b  popcnt=3
FAULT R=38949 -> T=38959  offset=+10  xor=0x0000a  popcnt=2
FAULT R=38950 -> T=38958  offset=+8  xor=0x00008  popcnt=1
FAULT R=38951 -> T=38950  offset=-1  xor=0x00001  popcnt=1
FAULT R=38951 -> T=38958  offset=+7  xor=0x00009  popcnt=2
FAULT R=38951 -> T=38959  offset=+8  xor=0x00008  popcnt=1
FAULT R=38952 -> T=38440  offset=-512  xor=0x00e00  popcnt=3
FAULT R=38952 -> T=38958  offset=+6  xor=0x00006  popcnt=2
FAULT R=38953 -> T=38440  offset=-513  xor=0x00e01  popcnt=4
FAULT R=38953 -> T=38441  offset=-512  xor=0x00e00  popcnt=3
FAULT R=38953 -> T=38952  offset=-1  xor=0x00001  popcnt=1
FAULT R=38953 -> T=38958  offset=+5  xor=0x00007  popcnt=3
FAULT R=38953 -> T=38959  offset=+6  xor=0x00006  popcnt=2
FAULT R=38954 -> T=38442  offset=-512  xor=0x00e00  popcnt=3
FAULT R=38954 -> T=38958  offset=+4  xor=0x00004  popcnt=1
FAULT R=38955 -> T=38442  offset=-513  xor=0x00e01  popcnt=4
FAULT R=38955 -> T=38443  offset=-512  xor=0x00e00  popcnt=3
FAULT R=38955 -> T=38954  offset=-1  xor=0x00001  popcnt=1
FAULT R=38955 -> T=38958  offset=+3  xor=0x00005  popcnt=2
FAULT R=38955 -> T=38959  offset=+4  xor=0x00004  popcnt=1
FAULT R=38956 -> T=38958  offset=+2  xor=0x00002  popcnt=1
FAULT R=38957 -> T=38956  offset=-1  xor=0x00001  popcnt=1
FAULT R=38957 -> T=38958  offset=+1  xor=0x00003  popcnt=2
FAULT R=38957 -> T=38959  offset=+2  xor=0x00002  popcnt=1
FAULT R=38959 -> T=38958  offset=-1  xor=0x00001  popcnt=1
FAULT R=38960 -> T=38440  offset=-520  xor=0x00e18  popcnt=5
FAULT R=38960 -> T=38448  offset=-512  xor=0x00e00  popcnt=3
FAULT R=38960 -> T=38454  offset=-506  xor=0x00e06  popcnt=5
FAULT R=38960 -> T=38952  offset=-8  xor=0x00018  popcnt=2
FAULT R=38960 -> T=38958  offset=-2  xor=0x0001e  popcnt=4
FAULT R=38960 -> T=38966  offset=+6  xor=0x00006  popcnt=2
FAULT R=38961 -> T=38440  offset=-521  xor=0x00e19  popcnt=6
FAULT R=38961 -> T=38441  offset=-520  xor=0x00e18  popcnt=5
FAULT R=38961 -> T=38448  offset=-513  xor=0x00e01  popcnt=4
FAULT R=38961 -> T=38449  offset=-512  xor=0x00e00  popcnt=3
FAULT R=38961 -> T=38454  offset=-507  xor=0x00e07  popcnt=6
FAULT R=38961 -> T=38455  offset=-506  xor=0x00e06  popcnt=5
FAULT R=38961 -> T=38952  offset=-9  xor=0x00019  popcnt=3
FAULT R=38961 -> T=38953  offset=-8  xor=0x00018  popcnt=2
FAULT R=38961 -> T=38958  offset=-3  xor=0x0001f  popcnt=5
FAULT R=38961 -> T=38959  offset=-2  xor=0x0001e  popcnt=4
FAULT R=38961 -> T=38960  offset=-1  xor=0x00001  popcnt=1
FAULT R=38961 -> T=38966  offset=+5  xor=0x00007  popcnt=3
FAULT R=38961 -> T=38967  offset=+6  xor=0x00006  popcnt=2
FAULT R=38962 -> T=38442  offset=-520  xor=0x00e18  popcnt=5
FAULT R=38962 -> T=38450  offset=-512  xor=0x00e00  popcnt=3
FAULT R=38962 -> T=38454  offset=-508  xor=0x00e04  popcnt=4
FAULT R=38962 -> T=38954  offset=-8  xor=0x00018  popcnt=2
FAULT R=38962 -> T=38958  offset=-4  xor=0x0001c  popcnt=3
FAULT R=38962 -> T=38966  offset=+4  xor=0x00004  popcnt=1
FAULT R=38963 -> T=38442  offset=-521  xor=0x00e19  popcnt=6
FAULT R=38963 -> T=38443  offset=-520  xor=0x00e18  popcnt=5
FAULT R=38963 -> T=38450  offset=-513  xor=0x00e01  popcnt=4
FAULT R=38963 -> T=38451  offset=-512  xor=0x00e00  popcnt=3
FAULT R=38963 -> T=38454  offset=-509  xor=0x00e05  popcnt=5
FAULT R=38963 -> T=38455  offset=-508  xor=0x00e04  popcnt=4
FAULT R=38963 -> T=38954  offset=-9  xor=0x00019  popcnt=3
FAULT R=38963 -> T=38955  offset=-8  xor=0x00018  popcnt=2
FAULT R=38963 -> T=38958  offset=-5  xor=0x0001d  popcnt=4
FAULT R=38963 -> T=38959  offset=-4  xor=0x0001c  popcnt=3
FAULT R=38963 -> T=38962  offset=-1  xor=0x00001  popcnt=1
FAULT R=38963 -> T=38966  offset=+3  xor=0x00005  popcnt=2
FAULT R=38963 -> T=38967  offset=+4  xor=0x00004  popcnt=1
FAULT R=38964 -> T=38452  offset=-512  xor=0x00e00  popcnt=3
FAULT R=38964 -> T=38454  offset=-510  xor=0x00e02  popcnt=4
FAULT R=38964 -> T=38956  offset=-8  xor=0x00018  popcnt=2
FAULT R=38964 -> T=38958  offset=-6  xor=0x0001a  popcnt=3
FAULT R=38964 -> T=38966  offset=+2  xor=0x00002  popcnt=1
FAULT R=38965 -> T=38452  offset=-513  xor=0x00e01  popcnt=4
FAULT R=38965 -> T=38453  offset=-512  xor=0x00e00  popcnt=3
FAULT R=38965 -> T=38454  offset=-511  xor=0x00e03  popcnt=5
FAULT R=38965 -> T=38455  offset=-510  xor=0x00e02  popcnt=4
FAULT R=38965 -> T=38956  offset=-9  xor=0x00019  popcnt=3
FAULT R=38965 -> T=38957  offset=-8  xor=0x00018  popcnt=2
FAULT R=38965 -> T=38958  offset=-7  xor=0x0001b  popcnt=4
FAULT R=38965 -> T=38959  offset=-6  xor=0x0001a  popcnt=3
FAULT R=38965 -> T=38964  offset=-1  xor=0x00001  popcnt=1
FAULT R=38965 -> T=38966  offset=+1  xor=0x00003  popcnt=2
FAULT R=38965 -> T=38967  offset=+2  xor=0x00002  popcnt=1
FAULT R=38966 -> T=38454  offset=-512  xor=0x00e00  popcnt=3
FAULT R=38966 -> T=38958  offset=-8  xor=0x00018  popcnt=2
FAULT R=38967 -> T=38454  offset=-513  xor=0x00e01  popcnt=4
FAULT R=38967 -> T=38455  offset=-512  xor=0x00e00  popcnt=3
FAULT R=38967 -> T=38958  offset=-9  xor=0x00019  popcnt=3
FAULT R=38967 -> T=38959  offset=-8  xor=0x00018  popcnt=2
FAULT R=38967 -> T=38966  offset=-1  xor=0x00001  popcnt=1
FAULT R=38968 -> T=38440  offset=-528  xor=0x00e10  popcnt=4
FAULT R=38968 -> T=38456  offset=-512  xor=0x00e00  popcnt=3
FAULT R=38968 -> T=38462  offset=-506  xor=0x00e06  popcnt=5
FAULT R=38968 -> T=38952  offset=-16  xor=0x00010  popcnt=1
FAULT R=38968 -> T=38958  offset=-10  xor=0x00016  popcnt=3
FAULT R=38968 -> T=38974  offset=+6  xor=0x00006  popcnt=2
FAULT R=38969 -> T=38440  offset=-529  xor=0x00e11  popcnt=5
FAULT R=38969 -> T=38441  offset=-528  xor=0x00e10  popcnt=4
FAULT R=38969 -> T=38456  offset=-513  xor=0x00e01  popcnt=4
FAULT R=38969 -> T=38457  offset=-512  xor=0x00e00  popcnt=3
FAULT R=38969 -> T=38462  offset=-507  xor=0x00e07  popcnt=6
FAULT R=38969 -> T=38463  offset=-506  xor=0x00e06  popcnt=5
FAULT R=38969 -> T=38952  offset=-17  xor=0x00011  popcnt=2
FAULT R=38969 -> T=38953  offset=-16  xor=0x00010  popcnt=1
FAULT R=38969 -> T=38958  offset=-11  xor=0x00017  popcnt=4
FAULT R=38969 -> T=38959  offset=-10  xor=0x00016  popcnt=3
FAULT R=38969 -> T=38968  offset=-1  xor=0x00001  popcnt=1
FAULT R=38969 -> T=38974  offset=+5  xor=0x00007  popcnt=3
FAULT R=38969 -> T=38975  offset=+6  xor=0x00006  popcnt=2
FAULT R=38970 -> T=38442  offset=-528  xor=0x00e10  popcnt=4
FAULT R=38970 -> T=38458  offset=-512  xor=0x00e00  popcnt=3
FAULT R=38970 -> T=38462  offset=-508  xor=0x00e04  popcnt=4
FAULT R=38970 -> T=38954  offset=-16  xor=0x00010  popcnt=1
FAULT R=38970 -> T=38958  offset=-12  xor=0x00014  popcnt=2
FAULT R=38970 -> T=38974  offset=+4  xor=0x00004  popcnt=1
FAULT R=38971 -> T=38442  offset=-529  xor=0x00e11  popcnt=5
FAULT R=38971 -> T=38443  offset=-528  xor=0x00e10  popcnt=4
FAULT R=38971 -> T=38458  offset=-513  xor=0x00e01  popcnt=4
FAULT R=38971 -> T=38459  offset=-512  xor=0x00e00  popcnt=3
FAULT R=38971 -> T=38462  offset=-509  xor=0x00e05  popcnt=5
FAULT R=38971 -> T=38463  offset=-508  xor=0x00e04  popcnt=4
FAULT R=38971 -> T=38954  offset=-17  xor=0x00011  popcnt=2
FAULT R=38971 -> T=38955  offset=-16  xor=0x00010  popcnt=1
FAULT R=38971 -> T=38958  offset=-13  xor=0x00015  popcnt=3
FAULT R=38971 -> T=38959  offset=-12  xor=0x00014  popcnt=2
FAULT R=38971 -> T=38970  offset=-1  xor=0x00001  popcnt=1
FAULT R=38971 -> T=38974  offset=+3  xor=0x00005  popcnt=2
FAULT R=38971 -> T=38975  offset=+4  xor=0x00004  popcnt=1
FAULT R=38972 -> T=38460  offset=-512  xor=0x00e00  popcnt=3
FAULT R=38972 -> T=38462  offset=-510  xor=0x00e02  popcnt=4
FAULT R=38972 -> T=38956  offset=-16  xor=0x00010  popcnt=1
FAULT R=38972 -> T=38958  offset=-14  xor=0x00012  popcnt=2
FAULT R=38972 -> T=38974  offset=+2  xor=0x00002  popcnt=1
FAULT R=38973 -> T=38460  offset=-513  xor=0x00e01  popcnt=4
FAULT R=38973 -> T=38461  offset=-512  xor=0x00e00  popcnt=3
FAULT R=38973 -> T=38462  offset=-511  xor=0x00e03  popcnt=5
FAULT R=38973 -> T=38463  offset=-510  xor=0x00e02  popcnt=4
FAULT R=38973 -> T=38956  offset=-17  xor=0x00011  popcnt=2
FAULT R=38973 -> T=38957  offset=-16  xor=0x00010  popcnt=1
FAULT R=38973 -> T=38958  offset=-15  xor=0x00013  popcnt=3
FAULT R=38973 -> T=38959  offset=-14  xor=0x00012  popcnt=2
FAULT R=38973 -> T=38972  offset=-1  xor=0x00001  popcnt=1
FAULT R=38973 -> T=38974  offset=+1  xor=0x00003  popcnt=2
FAULT R=38973 -> T=38975  offset=+2  xor=0x00002  popcnt=1
FAULT R=38974 -> T=38462  offset=-512  xor=0x00e00  popcnt=3
FAULT R=38974 -> T=38958  offset=-16  xor=0x00010  popcnt=1
FAULT R=38975 -> T=38462  offset=-513  xor=0x00e01  popcnt=4
FAULT R=38975 -> T=38463  offset=-512  xor=0x00e00  popcnt=3
FAULT R=38975 -> T=38958  offset=-17  xor=0x00011  popcnt=2
FAULT R=38975 -> T=38959  offset=-16  xor=0x00010  popcnt=1
FAULT R=38975 -> T=38974  offset=-1  xor=0x00001  popcnt=1
FAULT R=38976 -> T=38432  offset=-544  xor=0x00e60  popcnt=5
FAULT R=38976 -> T=38440  offset=-536  xor=0x00e68  popcnt=6
FAULT R=38976 -> T=38464  offset=-512  xor=0x00e00  popcnt=3
FAULT R=38976 -> T=38470  offset=-506  xor=0x00e06  popcnt=5
FAULT R=38976 -> T=38472  offset=-504  xor=0x00e08  popcnt=4
FAULT R=38976 -> T=38478  offset=-498  xor=0x00e0e  popcnt=6
FAULT R=38976 -> T=38944  offset=-32  xor=0x00060  popcnt=2
FAULT R=38976 -> T=38950  offset=-26  xor=0x00066  popcnt=4
FAULT R=38976 -> T=38952  offset=-24  xor=0x00068  popcnt=3
FAULT R=38976 -> T=38958  offset=-18  xor=0x0006e  popcnt=5
FAULT R=38976 -> T=38982  offset=+6  xor=0x00006  popcnt=2
FAULT R=38976 -> T=38984  offset=+8  xor=0x00008  popcnt=1
FAULT R=38976 -> T=38990  offset=+14  xor=0x0000e  popcnt=3
FAULT R=38978 -> T=38434  offset=-544  xor=0x00e60  popcnt=5
FAULT R=38978 -> T=38442  offset=-536  xor=0x00e68  popcnt=6
FAULT R=38978 -> T=38466  offset=-512  xor=0x00e00  popcnt=3
FAULT R=38978 -> T=38470  offset=-508  xor=0x00e04  popcnt=4
FAULT R=38978 -> T=38474  offset=-504  xor=0x00e08  popcnt=4
FAULT R=38978 -> T=38478  offset=-500  xor=0x00e0c  popcnt=5
FAULT R=38978 -> T=38946  offset=-32  xor=0x00060  popcnt=2
FAULT R=38978 -> T=38950  offset=-28  xor=0x00064  popcnt=3
FAULT R=38978 -> T=38954  offset=-24  xor=0x00068  popcnt=3
FAULT R=38978 -> T=38958  offset=-20  xor=0x0006c  popcnt=4
FAULT R=38978 -> T=38982  offset=+4  xor=0x00004  popcnt=1
FAULT R=38978 -> T=38986  offset=+8  xor=0x00008  popcnt=1
FAULT R=38978 -> T=38990  offset=+12  xor=0x0000c  popcnt=2
FAULT R=38980 -> T=38468  offset=-512  xor=0x00e00  popcnt=3
FAULT R=38980 -> T=38470  offset=-510  xor=0x00e02  popcnt=4
FAULT R=38980 -> T=38476  offset=-504  xor=0x00e08  popcnt=4
FAULT R=38980 -> T=38478  offset=-502  xor=0x00e0a  popcnt=5
FAULT R=38980 -> T=38948  offset=-32  xor=0x00060  popcnt=2
FAULT R=38980 -> T=38950  offset=-30  xor=0x00062  popcnt=3
FAULT R=38980 -> T=38956  offset=-24  xor=0x00068  popcnt=3
FAULT R=38980 -> T=38958  offset=-22  xor=0x0006a  popcnt=4
FAULT R=38980 -> T=38982  offset=+2  xor=0x00002  popcnt=1
FAULT R=38980 -> T=38988  offset=+8  xor=0x00008  popcnt=1
FAULT R=38980 -> T=38990  offset=+10  xor=0x0000a  popcnt=2
FAULT R=38982 -> T=38470  offset=-512  xor=0x00e00  popcnt=3
FAULT R=38982 -> T=38478  offset=-504  xor=0x00e08  popcnt=4
FAULT R=38982 -> T=38950  offset=-32  xor=0x00060  popcnt=2
FAULT R=38982 -> T=38958  offset=-24  xor=0x00068  popcnt=3
FAULT R=38982 -> T=38990  offset=+8  xor=0x00008  popcnt=1
FAULT R=38983 -> T=38470  offset=-513  xor=0x00e01  popcnt=4
FAULT R=38983 -> T=38471  offset=-512  xor=0x00e00  popcnt=3
FAULT R=38983 -> T=38478  offset=-505  xor=0x00e09  popcnt=5
FAULT R=38983 -> T=38479  offset=-504  xor=0x00e08  popcnt=4
FAULT R=38983 -> T=38950  offset=-33  xor=0x00061  popcnt=3
FAULT R=38983 -> T=38951  offset=-32  xor=0x00060  popcnt=2
FAULT R=38983 -> T=38958  offset=-25  xor=0x00069  popcnt=4
FAULT R=38983 -> T=38959  offset=-24  xor=0x00068  popcnt=3
FAULT R=38983 -> T=38982  offset=-1  xor=0x00001  popcnt=1
FAULT R=38983 -> T=38990  offset=+7  xor=0x00009  popcnt=2
FAULT R=38983 -> T=38991  offset=+8  xor=0x00008  popcnt=1
FAULT R=38984 -> T=38440  offset=-544  xor=0x00e60  popcnt=5
FAULT R=38984 -> T=38472  offset=-512  xor=0x00e00  popcnt=3
FAULT R=38984 -> T=38478  offset=-506  xor=0x00e06  popcnt=5
FAULT R=38984 -> T=38952  offset=-32  xor=0x00060  popcnt=2
FAULT R=38984 -> T=38958  offset=-26  xor=0x00066  popcnt=4
FAULT R=38984 -> T=38990  offset=+6  xor=0x00006  popcnt=2
FAULT R=38985 -> T=38440  offset=-545  xor=0x00e61  popcnt=6
FAULT R=38985 -> T=38441  offset=-544  xor=0x00e60  popcnt=5
FAULT R=38985 -> T=38472  offset=-513  xor=0x00e01  popcnt=4
FAULT R=38985 -> T=38473  offset=-512  xor=0x00e00  popcnt=3
FAULT R=38985 -> T=38478  offset=-507  xor=0x00e07  popcnt=6
FAULT R=38985 -> T=38479  offset=-506  xor=0x00e06  popcnt=5
FAULT R=38985 -> T=38952  offset=-33  xor=0x00061  popcnt=3
FAULT R=38985 -> T=38953  offset=-32  xor=0x00060  popcnt=2
FAULT R=38985 -> T=38958  offset=-27  xor=0x00067  popcnt=5
FAULT R=38985 -> T=38959  offset=-26  xor=0x00066  popcnt=4
FAULT R=38985 -> T=38984  offset=-1  xor=0x00001  popcnt=1
FAULT R=38985 -> T=38990  offset=+5  xor=0x00007  popcnt=3
FAULT R=38985 -> T=38991  offset=+6  xor=0x00006  popcnt=2
FAULT R=38986 -> T=38442  offset=-544  xor=0x00e60  popcnt=5
FAULT R=38986 -> T=38474  offset=-512  xor=0x00e00  popcnt=3
FAULT R=38986 -> T=38478  offset=-508  xor=0x00e04  popcnt=4
FAULT R=38986 -> T=38954  offset=-32  xor=0x00060  popcnt=2
FAULT R=38986 -> T=38958  offset=-28  xor=0x00064  popcnt=3
FAULT R=38986 -> T=38990  offset=+4  xor=0x00004  popcnt=1
FAULT R=38987 -> T=38442  offset=-545  xor=0x00e61  popcnt=6
FAULT R=38987 -> T=38443  offset=-544  xor=0x00e60  popcnt=5
FAULT R=38987 -> T=38474  offset=-513  xor=0x00e01  popcnt=4
FAULT R=38987 -> T=38475  offset=-512  xor=0x00e00  popcnt=3
FAULT R=38987 -> T=38478  offset=-509  xor=0x00e05  popcnt=5
FAULT R=38987 -> T=38479  offset=-508  xor=0x00e04  popcnt=4
FAULT R=38987 -> T=38954  offset=-33  xor=0x00061  popcnt=3
FAULT R=38987 -> T=38955  offset=-32  xor=0x00060  popcnt=2
FAULT R=38987 -> T=38958  offset=-29  xor=0x00065  popcnt=4
FAULT R=38987 -> T=38959  offset=-28  xor=0x00064  popcnt=3
FAULT R=38987 -> T=38986  offset=-1  xor=0x00001  popcnt=1
FAULT R=38987 -> T=38990  offset=+3  xor=0x00005  popcnt=2
FAULT R=38987 -> T=38991  offset=+4  xor=0x00004  popcnt=1
FAULT R=38988 -> T=38476  offset=-512  xor=0x00e00  popcnt=3
FAULT R=38988 -> T=38478  offset=-510  xor=0x00e02  popcnt=4
FAULT R=38988 -> T=38956  offset=-32  xor=0x00060  popcnt=2
FAULT R=38988 -> T=38958  offset=-30  xor=0x00062  popcnt=3
FAULT R=38988 -> T=38990  offset=+2  xor=0x00002  popcnt=1
FAULT R=38989 -> T=38476  offset=-513  xor=0x00e01  popcnt=4
FAULT R=38989 -> T=38477  offset=-512  xor=0x00e00  popcnt=3
FAULT R=38989 -> T=38478  offset=-511  xor=0x00e03  popcnt=5
FAULT R=38989 -> T=38479  offset=-510  xor=0x00e02  popcnt=4
FAULT R=38989 -> T=38956  offset=-33  xor=0x00061  popcnt=3
FAULT R=38989 -> T=38957  offset=-32  xor=0x00060  popcnt=2
FAULT R=38989 -> T=38958  offset=-31  xor=0x00063  popcnt=4
FAULT R=38989 -> T=38959  offset=-30  xor=0x00062  popcnt=3
FAULT R=38989 -> T=38988  offset=-1  xor=0x00001  popcnt=1
FAULT R=38989 -> T=38990  offset=+1  xor=0x00003  popcnt=2
FAULT R=38989 -> T=38991  offset=+2  xor=0x00002  popcnt=1
FAULT R=38990 -> T=38478  offset=-512  xor=0x00e00  popcnt=3
FAULT R=38990 -> T=38958  offset=-32  xor=0x00060  popcnt=2
FAULT R=38991 -> T=38478  offset=-513  xor=0x00e01  popcnt=4
FAULT R=38991 -> T=38479  offset=-512  xor=0x00e00  popcnt=3
FAULT R=38991 -> T=38958  offset=-33  xor=0x00061  popcnt=3
FAULT R=38991 -> T=38959  offset=-32  xor=0x00060  popcnt=2
FAULT R=38991 -> T=38990  offset=-1  xor=0x00001  popcnt=1
FAULT R=38992 -> T=38440  offset=-552  xor=0x00e78  popcnt=7
FAULT R=38992 -> T=38448  offset=-544  xor=0x00e60  popcnt=5
FAULT R=38992 -> T=38454  offset=-538  xor=0x00e66  popcnt=7
FAULT R=38992 -> T=38472  offset=-520  xor=0x00e18  popcnt=5
FAULT R=38992 -> T=38478  offset=-514  xor=0x00e1e  popcnt=7
FAULT R=38992 -> T=38480  offset=-512  xor=0x00e00  popcnt=3
FAULT R=38992 -> T=38486  offset=-506  xor=0x00e06  popcnt=5
FAULT R=38992 -> T=38952  offset=-40  xor=0x00078  popcnt=4
FAULT R=38992 -> T=38958  offset=-34  xor=0x0007e  popcnt=6
FAULT R=38992 -> T=38960  offset=-32  xor=0x00060  popcnt=2
FAULT R=38992 -> T=38966  offset=-26  xor=0x00066  popcnt=4
FAULT R=38992 -> T=38984  offset=-8  xor=0x00018  popcnt=2
FAULT R=38992 -> T=38990  offset=-2  xor=0x0001e  popcnt=4
FAULT R=38992 -> T=38998  offset=+6  xor=0x00006  popcnt=2
FAULT R=38994 -> T=38442  offset=-552  xor=0x00e78  popcnt=7
FAULT R=38994 -> T=38450  offset=-544  xor=0x00e60  popcnt=5
FAULT R=38994 -> T=38454  offset=-540  xor=0x00e64  popcnt=6
FAULT R=38994 -> T=38474  offset=-520  xor=0x00e18  popcnt=5
FAULT R=38994 -> T=38478  offset=-516  xor=0x00e1c  popcnt=6
FAULT R=38994 -> T=38482  offset=-512  xor=0x00e00  popcnt=3
FAULT R=38994 -> T=38486  offset=-508  xor=0x00e04  popcnt=4
FAULT R=38994 -> T=38954  offset=-40  xor=0x00078  popcnt=4
FAULT R=38994 -> T=38958  offset=-36  xor=0x0007c  popcnt=5
FAULT R=38994 -> T=38962  offset=-32  xor=0x00060  popcnt=2
FAULT R=38994 -> T=38966  offset=-28  xor=0x00064  popcnt=3
FAULT R=38994 -> T=38986  offset=-8  xor=0x00018  popcnt=2
FAULT R=38994 -> T=38990  offset=-4  xor=0x0001c  popcnt=3
FAULT R=38994 -> T=38998  offset=+4  xor=0x00004  popcnt=1
FAULT R=38996 -> T=38452  offset=-544  xor=0x00e60  popcnt=5
FAULT R=38996 -> T=38454  offset=-542  xor=0x00e62  popcnt=6
FAULT R=38996 -> T=38476  offset=-520  xor=0x00e18  popcnt=5
FAULT R=38996 -> T=38478  offset=-518  xor=0x00e1a  popcnt=6
FAULT R=38996 -> T=38484  offset=-512  xor=0x00e00  popcnt=3
FAULT R=38996 -> T=38486  offset=-510  xor=0x00e02  popcnt=4
FAULT R=38996 -> T=38956  offset=-40  xor=0x00078  popcnt=4
FAULT R=38996 -> T=38958  offset=-38  xor=0x0007a  popcnt=5
FAULT R=38996 -> T=38964  offset=-32  xor=0x00060  popcnt=2
FAULT R=38996 -> T=38966  offset=-30  xor=0x00062  popcnt=3
FAULT R=38996 -> T=38988  offset=-8  xor=0x00018  popcnt=2
FAULT R=38996 -> T=38990  offset=-6  xor=0x0001a  popcnt=3
FAULT R=38996 -> T=38998  offset=+2  xor=0x00002  popcnt=1
FAULT R=38998 -> T=38454  offset=-544  xor=0x00e60  popcnt=5
FAULT R=38998 -> T=38478  offset=-520  xor=0x00e18  popcnt=5
FAULT R=38998 -> T=38486  offset=-512  xor=0x00e00  popcnt=3
FAULT R=38998 -> T=38958  offset=-40  xor=0x00078  popcnt=4
FAULT R=38998 -> T=38966  offset=-32  xor=0x00060  popcnt=2
FAULT R=38998 -> T=38990  offset=-8  xor=0x00018  popcnt=2
FAULT R=38999 -> T=38454  offset=-545  xor=0x00e61  popcnt=6
FAULT R=38999 -> T=38455  offset=-544  xor=0x00e60  popcnt=5
FAULT R=38999 -> T=38478  offset=-521  xor=0x00e19  popcnt=6
FAULT R=38999 -> T=38479  offset=-520  xor=0x00e18  popcnt=5
FAULT R=38999 -> T=38486  offset=-513  xor=0x00e01  popcnt=4
FAULT R=38999 -> T=38487  offset=-512  xor=0x00e00  popcnt=3
FAULT R=38999 -> T=38958  offset=-41  xor=0x00079  popcnt=5
FAULT R=38999 -> T=38959  offset=-40  xor=0x00078  popcnt=4
FAULT R=38999 -> T=38966  offset=-33  xor=0x00061  popcnt=3
FAULT R=38999 -> T=38967  offset=-32  xor=0x00060  popcnt=2
FAULT R=38999 -> T=38990  offset=-9  xor=0x00019  popcnt=3
FAULT R=38999 -> T=38991  offset=-8  xor=0x00018  popcnt=2
FAULT R=38999 -> T=38998  offset=-1  xor=0x00001  popcnt=1
FAULT R=39000 -> T=38440  offset=-560  xor=0x00e70  popcnt=6
FAULT R=39000 -> T=38456  offset=-544  xor=0x00e60  popcnt=5
FAULT R=39000 -> T=38462  offset=-538  xor=0x00e66  popcnt=7
FAULT R=39000 -> T=38472  offset=-528  xor=0x00e10  popcnt=4
FAULT R=39000 -> T=38478  offset=-522  xor=0x00e16  popcnt=6
FAULT R=39000 -> T=38488  offset=-512  xor=0x00e00  popcnt=3
FAULT R=39000 -> T=38494  offset=-506  xor=0x00e06  popcnt=5
FAULT R=39000 -> T=38952  offset=-48  xor=0x00070  popcnt=3
FAULT R=39000 -> T=38958  offset=-42  xor=0x00076  popcnt=5
FAULT R=39000 -> T=38968  offset=-32  xor=0x00060  popcnt=2
FAULT R=39000 -> T=38974  offset=-26  xor=0x00066  popcnt=4
FAULT R=39000 -> T=38984  offset=-16  xor=0x00010  popcnt=1
FAULT R=39000 -> T=38990  offset=-10  xor=0x00016  popcnt=3
FAULT R=39000 -> T=39006  offset=+6  xor=0x00006  popcnt=2
FAULT R=39002 -> T=38442  offset=-560  xor=0x00e70  popcnt=6
FAULT R=39002 -> T=38458  offset=-544  xor=0x00e60  popcnt=5
FAULT R=39002 -> T=38462  offset=-540  xor=0x00e64  popcnt=6
FAULT R=39002 -> T=38474  offset=-528  xor=0x00e10  popcnt=4
FAULT R=39002 -> T=38478  offset=-524  xor=0x00e14  popcnt=5
FAULT R=39002 -> T=38490  offset=-512  xor=0x00e00  popcnt=3
FAULT R=39002 -> T=38494  offset=-508  xor=0x00e04  popcnt=4
FAULT R=39002 -> T=38954  offset=-48  xor=0x00070  popcnt=3
FAULT R=39002 -> T=38958  offset=-44  xor=0x00074  popcnt=4
FAULT R=39002 -> T=38970  offset=-32  xor=0x00060  popcnt=2
FAULT R=39002 -> T=38974  offset=-28  xor=0x00064  popcnt=3
FAULT R=39002 -> T=38986  offset=-16  xor=0x00010  popcnt=1
FAULT R=39002 -> T=38990  offset=-12  xor=0x00014  popcnt=2
FAULT R=39002 -> T=39006  offset=+4  xor=0x00004  popcnt=1
FAULT R=39004 -> T=38460  offset=-544  xor=0x00e60  popcnt=5
FAULT R=39004 -> T=38462  offset=-542  xor=0x00e62  popcnt=6
FAULT R=39004 -> T=38476  offset=-528  xor=0x00e10  popcnt=4
FAULT R=39004 -> T=38478  offset=-526  xor=0x00e12  popcnt=5
FAULT R=39004 -> T=38492  offset=-512  xor=0x00e00  popcnt=3
FAULT R=39004 -> T=38494  offset=-510  xor=0x00e02  popcnt=4
FAULT R=39004 -> T=38956  offset=-48  xor=0x00070  popcnt=3
FAULT R=39004 -> T=38958  offset=-46  xor=0x00072  popcnt=4
FAULT R=39004 -> T=38972  offset=-32  xor=0x00060  popcnt=2
FAULT R=39004 -> T=38974  offset=-30  xor=0x00062  popcnt=3
FAULT R=39004 -> T=38988  offset=-16  xor=0x00010  popcnt=1
FAULT R=39004 -> T=38990  offset=-14  xor=0x00012  popcnt=2
FAULT R=39004 -> T=39006  offset=+2  xor=0x00002  popcnt=1
FAULT R=39006 -> T=38462  offset=-544  xor=0x00e60  popcnt=5
FAULT R=39006 -> T=38478  offset=-528  xor=0x00e10  popcnt=4
FAULT R=39006 -> T=38494  offset=-512  xor=0x00e00  popcnt=3
FAULT R=39006 -> T=38958  offset=-48  xor=0x00070  popcnt=3
FAULT R=39006 -> T=38974  offset=-32  xor=0x00060  popcnt=2
FAULT R=39006 -> T=38990  offset=-16  xor=0x00010  popcnt=1
FAULT R=39007 -> T=38462  offset=-545  xor=0x00e61  popcnt=6
FAULT R=39007 -> T=38463  offset=-544  xor=0x00e60  popcnt=5
FAULT R=39007 -> T=38478  offset=-529  xor=0x00e11  popcnt=5
FAULT R=39007 -> T=38479  offset=-528  xor=0x00e10  popcnt=4
FAULT R=39007 -> T=38494  offset=-513  xor=0x00e01  popcnt=4
FAULT R=39007 -> T=38495  offset=-512  xor=0x00e00  popcnt=3
FAULT R=39007 -> T=38958  offset=-49  xor=0x00071  popcnt=4
FAULT R=39007 -> T=38959  offset=-48  xor=0x00070  popcnt=3
FAULT R=39007 -> T=38974  offset=-33  xor=0x00061  popcnt=3
FAULT R=39007 -> T=38975  offset=-32  xor=0x00060  popcnt=2
FAULT R=39007 -> T=38990  offset=-17  xor=0x00011  popcnt=2
FAULT R=39007 -> T=38991  offset=-16  xor=0x00010  popcnt=1
FAULT R=39007 -> T=39006  offset=-1  xor=0x00001  popcnt=1
FAULT R=39008 -> T=38432  offset=-576  xor=0x00e40  popcnt=4
FAULT R=39008 -> T=38440  offset=-568  xor=0x00e48  popcnt=5
FAULT R=39008 -> T=38496  offset=-512  xor=0x00e00  popcnt=3
FAULT R=39008 -> T=38504  offset=-504  xor=0x00e08  popcnt=4
FAULT R=39008 -> T=38944  offset=-64  xor=0x00040  popcnt=1
FAULT R=39008 -> T=38950  offset=-58  xor=0x00046  popcnt=3
FAULT R=39008 -> T=38952  offset=-56  xor=0x00048  popcnt=2
FAULT R=39008 -> T=38958  offset=-50  xor=0x0004e  popcnt=4
FAULT R=39008 -> T=39014  offset=+6  xor=0x00006  popcnt=2
FAULT R=39008 -> T=39016  offset=+8  xor=0x00008  popcnt=1
FAULT R=39008 -> T=39022  offset=+14  xor=0x0000e  popcnt=3
FAULT R=39010 -> T=38434  offset=-576  xor=0x00e40  popcnt=4
FAULT R=39010 -> T=38442  offset=-568  xor=0x00e48  popcnt=5
FAULT R=39010 -> T=38498  offset=-512  xor=0x00e00  popcnt=3
FAULT R=39010 -> T=38506  offset=-504  xor=0x00e08  popcnt=4
FAULT R=39010 -> T=38946  offset=-64  xor=0x00040  popcnt=1
FAULT R=39010 -> T=38950  offset=-60  xor=0x00044  popcnt=2
FAULT R=39010 -> T=38954  offset=-56  xor=0x00048  popcnt=2
FAULT R=39010 -> T=38958  offset=-52  xor=0x0004c  popcnt=3
FAULT R=39010 -> T=39014  offset=+4  xor=0x00004  popcnt=1
FAULT R=39010 -> T=39018  offset=+8  xor=0x00008  popcnt=1
FAULT R=39010 -> T=39022  offset=+12  xor=0x0000c  popcnt=2
FAULT R=39012 -> T=38948  offset=-64  xor=0x00040  popcnt=1
FAULT R=39012 -> T=38950  offset=-62  xor=0x00042  popcnt=2
FAULT R=39012 -> T=38956  offset=-56  xor=0x00048  popcnt=2
FAULT R=39012 -> T=38958  offset=-54  xor=0x0004a  popcnt=3
FAULT R=39012 -> T=39014  offset=+2  xor=0x00002  popcnt=1
FAULT R=39012 -> T=39020  offset=+8  xor=0x00008  popcnt=1
FAULT R=39012 -> T=39022  offset=+10  xor=0x0000a  popcnt=2
FAULT R=39014 -> T=38950  offset=-64  xor=0x00040  popcnt=1
FAULT R=39014 -> T=38958  offset=-56  xor=0x00048  popcnt=2
FAULT R=39014 -> T=39022  offset=+8  xor=0x00008  popcnt=1
FAULT R=39015 -> T=38950  offset=-65  xor=0x00041  popcnt=2
FAULT R=39015 -> T=38951  offset=-64  xor=0x00040  popcnt=1
FAULT R=39015 -> T=38958  offset=-57  xor=0x00049  popcnt=3
FAULT R=39015 -> T=38959  offset=-56  xor=0x00048  popcnt=2
FAULT R=39015 -> T=39014  offset=-1  xor=0x00001  popcnt=1
FAULT R=39015 -> T=39022  offset=+7  xor=0x00009  popcnt=2
FAULT R=39015 -> T=39023  offset=+8  xor=0x00008  popcnt=1
FAULT R=39016 -> T=38440  offset=-576  xor=0x00e40  popcnt=4
FAULT R=39016 -> T=38504  offset=-512  xor=0x00e00  popcnt=3
FAULT R=39016 -> T=38952  offset=-64  xor=0x00040  popcnt=1
FAULT R=39016 -> T=38958  offset=-58  xor=0x00046  popcnt=3
FAULT R=39016 -> T=39022  offset=+6  xor=0x00006  popcnt=2
FAULT R=39017 -> T=38440  offset=-577  xor=0x00e41  popcnt=5
FAULT R=39017 -> T=38441  offset=-576  xor=0x00e40  popcnt=4
FAULT R=39017 -> T=38504  offset=-513  xor=0x00e01  popcnt=4
FAULT R=39017 -> T=38505  offset=-512  xor=0x00e00  popcnt=3
FAULT R=39017 -> T=38952  offset=-65  xor=0x00041  popcnt=2
FAULT R=39017 -> T=38953  offset=-64  xor=0x00040  popcnt=1
FAULT R=39017 -> T=38958  offset=-59  xor=0x00047  popcnt=4
FAULT R=39017 -> T=38959  offset=-58  xor=0x00046  popcnt=3
FAULT R=39017 -> T=39016  offset=-1  xor=0x00001  popcnt=1
FAULT R=39017 -> T=39022  offset=+5  xor=0x00007  popcnt=3
FAULT R=39017 -> T=39023  offset=+6  xor=0x00006  popcnt=2
FAULT R=39018 -> T=38442  offset=-576  xor=0x00e40  popcnt=4
FAULT R=39018 -> T=38506  offset=-512  xor=0x00e00  popcnt=3
FAULT R=39018 -> T=38954  offset=-64  xor=0x00040  popcnt=1
FAULT R=39018 -> T=38958  offset=-60  xor=0x00044  popcnt=2
FAULT R=39018 -> T=39022  offset=+4  xor=0x00004  popcnt=1
FAULT R=39019 -> T=38442  offset=-577  xor=0x00e41  popcnt=5
FAULT R=39019 -> T=38443  offset=-576  xor=0x00e40  popcnt=4
FAULT R=39019 -> T=38506  offset=-513  xor=0x00e01  popcnt=4
FAULT R=39019 -> T=38507  offset=-512  xor=0x00e00  popcnt=3
FAULT R=39019 -> T=38954  offset=-65  xor=0x00041  popcnt=2
FAULT R=39019 -> T=38955  offset=-64  xor=0x00040  popcnt=1
FAULT R=39019 -> T=38958  offset=-61  xor=0x00045  popcnt=3
FAULT R=39019 -> T=38959  offset=-60  xor=0x00044  popcnt=2
FAULT R=39019 -> T=39018  offset=-1  xor=0x00001  popcnt=1
FAULT R=39019 -> T=39022  offset=+3  xor=0x00005  popcnt=2
FAULT R=39019 -> T=39023  offset=+4  xor=0x00004  popcnt=1
FAULT R=39020 -> T=38956  offset=-64  xor=0x00040  popcnt=1
FAULT R=39020 -> T=38958  offset=-62  xor=0x00042  popcnt=2
FAULT R=39020 -> T=39022  offset=+2  xor=0x00002  popcnt=1
FAULT R=39021 -> T=38956  offset=-65  xor=0x00041  popcnt=2
FAULT R=39021 -> T=38957  offset=-64  xor=0x00040  popcnt=1
FAULT R=39021 -> T=38958  offset=-63  xor=0x00043  popcnt=3
FAULT R=39021 -> T=38959  offset=-62  xor=0x00042  popcnt=2
FAULT R=39021 -> T=39020  offset=-1  xor=0x00001  popcnt=1
FAULT R=39021 -> T=39022  offset=+1  xor=0x00003  popcnt=2
FAULT R=39021 -> T=39023  offset=+2  xor=0x00002  popcnt=1
FAULT R=39022 -> T=38958  offset=-64  xor=0x00040  popcnt=1
FAULT R=39023 -> T=38958  offset=-65  xor=0x00041  popcnt=2
FAULT R=39023 -> T=38959  offset=-64  xor=0x00040  popcnt=1
FAULT R=39023 -> T=39022  offset=-1  xor=0x00001  popcnt=1
FAULT R=39024 -> T=38440  offset=-584  xor=0x00e58  popcnt=6
FAULT R=39024 -> T=38448  offset=-576  xor=0x00e40  popcnt=4
FAULT R=39024 -> T=38454  offset=-570  xor=0x00e46  popcnt=6
FAULT R=39024 -> T=38504  offset=-520  xor=0x00e18  popcnt=5
FAULT R=39024 -> T=38512  offset=-512  xor=0x00e00  popcnt=3
FAULT R=39024 -> T=38518  offset=-506  xor=0x00e06  popcnt=5
FAULT R=39024 -> T=38952  offset=-72  xor=0x00058  popcnt=3
FAULT R=39024 -> T=38958  offset=-66  xor=0x0005e  popcnt=5
FAULT R=39024 -> T=38960  offset=-64  xor=0x00040  popcnt=1
FAULT R=39024 -> T=38966  offset=-58  xor=0x00046  popcnt=3
FAULT R=39024 -> T=39016  offset=-8  xor=0x00018  popcnt=2
FAULT R=39024 -> T=39022  offset=-2  xor=0x0001e  popcnt=4
FAULT R=39024 -> T=39030  offset=+6  xor=0x00006  popcnt=2
FAULT R=39026 -> T=38442  offset=-584  xor=0x00e58  popcnt=6
FAULT R=39026 -> T=38450  offset=-576  xor=0x00e40  popcnt=4
FAULT R=39026 -> T=38454  offset=-572  xor=0x00e44  popcnt=5
FAULT R=39026 -> T=38506  offset=-520  xor=0x00e18  popcnt=5
FAULT R=39026 -> T=38514  offset=-512  xor=0x00e00  popcnt=3
FAULT R=39026 -> T=38518  offset=-508  xor=0x00e04  popcnt=4
FAULT R=39026 -> T=38954  offset=-72  xor=0x00058  popcnt=3
FAULT R=39026 -> T=38958  offset=-68  xor=0x0005c  popcnt=4
FAULT R=39026 -> T=38962  offset=-64  xor=0x00040  popcnt=1
FAULT R=39026 -> T=38966  offset=-60  xor=0x00044  popcnt=2
FAULT R=39026 -> T=39018  offset=-8  xor=0x00018  popcnt=2
FAULT R=39026 -> T=39022  offset=-4  xor=0x0001c  popcnt=3
FAULT R=39026 -> T=39030  offset=+4  xor=0x00004  popcnt=1
FAULT R=39028 -> T=38452  offset=-576  xor=0x00e40  popcnt=4
FAULT R=39028 -> T=38454  offset=-574  xor=0x00e42  popcnt=5
FAULT R=39028 -> T=38516  offset=-512  xor=0x00e00  popcnt=3
FAULT R=39028 -> T=38518  offset=-510  xor=0x00e02  popcnt=4
FAULT R=39028 -> T=38956  offset=-72  xor=0x00058  popcnt=3
FAULT R=39028 -> T=38958  offset=-70  xor=0x0005a  popcnt=4
FAULT R=39028 -> T=38964  offset=-64  xor=0x00040  popcnt=1
FAULT R=39028 -> T=38966  offset=-62  xor=0x00042  popcnt=2
FAULT R=39028 -> T=39020  offset=-8  xor=0x00018  popcnt=2
FAULT R=39028 -> T=39022  offset=-6  xor=0x0001a  popcnt=3
FAULT R=39028 -> T=39030  offset=+2  xor=0x00002  popcnt=1
FAULT R=39030 -> T=38454  offset=-576  xor=0x00e40  popcnt=4
FAULT R=39030 -> T=38518  offset=-512  xor=0x00e00  popcnt=3
FAULT R=39030 -> T=38958  offset=-72  xor=0x00058  popcnt=3
FAULT R=39030 -> T=38966  offset=-64  xor=0x00040  popcnt=1
FAULT R=39030 -> T=39022  offset=-8  xor=0x00018  popcnt=2
FAULT R=39031 -> T=38454  offset=-577  xor=0x00e41  popcnt=5
FAULT R=39031 -> T=38455  offset=-576  xor=0x00e40  popcnt=4
FAULT R=39031 -> T=38518  offset=-513  xor=0x00e01  popcnt=4
FAULT R=39031 -> T=38519  offset=-512  xor=0x00e00  popcnt=3
FAULT R=39031 -> T=38958  offset=-73  xor=0x00059  popcnt=4
FAULT R=39031 -> T=38959  offset=-72  xor=0x00058  popcnt=3
FAULT R=39031 -> T=38966  offset=-65  xor=0x00041  popcnt=2
FAULT R=39031 -> T=38967  offset=-64  xor=0x00040  popcnt=1
FAULT R=39031 -> T=39022  offset=-9  xor=0x00019  popcnt=3
FAULT R=39031 -> T=39023  offset=-8  xor=0x00018  popcnt=2
FAULT R=39031 -> T=39030  offset=-1  xor=0x00001  popcnt=1
FAULT R=39032 -> T=38440  offset=-592  xor=0x00e50  popcnt=5
FAULT R=39032 -> T=38456  offset=-576  xor=0x00e40  popcnt=4
FAULT R=39032 -> T=38462  offset=-570  xor=0x00e46  popcnt=6
FAULT R=39032 -> T=38504  offset=-528  xor=0x00e10  popcnt=4
FAULT R=39032 -> T=38520  offset=-512  xor=0x00e00  popcnt=3
FAULT R=39032 -> T=38526  offset=-506  xor=0x00e06  popcnt=5
FAULT R=39032 -> T=38952  offset=-80  xor=0x00050  popcnt=2
FAULT R=39032 -> T=38958  offset=-74  xor=0x00056  popcnt=4
FAULT R=39032 -> T=38968  offset=-64  xor=0x00040  popcnt=1
FAULT R=39032 -> T=38974  offset=-58  xor=0x00046  popcnt=3
FAULT R=39032 -> T=39016  offset=-16  xor=0x00010  popcnt=1
FAULT R=39032 -> T=39022  offset=-10  xor=0x00016  popcnt=3
FAULT R=39032 -> T=39038  offset=+6  xor=0x00006  popcnt=2
FAULT R=39034 -> T=38442  offset=-592  xor=0x00e50  popcnt=5
FAULT R=39034 -> T=38458  offset=-576  xor=0x00e40  popcnt=4
FAULT R=39034 -> T=38462  offset=-572  xor=0x00e44  popcnt=5
FAULT R=39034 -> T=38506  offset=-528  xor=0x00e10  popcnt=4
FAULT R=39034 -> T=38522  offset=-512  xor=0x00e00  popcnt=3
FAULT R=39034 -> T=38526  offset=-508  xor=0x00e04  popcnt=4
FAULT R=39034 -> T=38954  offset=-80  xor=0x00050  popcnt=2
FAULT R=39034 -> T=38958  offset=-76  xor=0x00054  popcnt=3
FAULT R=39034 -> T=38970  offset=-64  xor=0x00040  popcnt=1
FAULT R=39034 -> T=38974  offset=-60  xor=0x00044  popcnt=2
FAULT R=39034 -> T=39018  offset=-16  xor=0x00010  popcnt=1
FAULT R=39034 -> T=39022  offset=-12  xor=0x00014  popcnt=2
FAULT R=39034 -> T=39038  offset=+4  xor=0x00004  popcnt=1
FAULT R=39036 -> T=38460  offset=-576  xor=0x00e40  popcnt=4
FAULT R=39036 -> T=38462  offset=-574  xor=0x00e42  popcnt=5
FAULT R=39036 -> T=38524  offset=-512  xor=0x00e00  popcnt=3
FAULT R=39036 -> T=38526  offset=-510  xor=0x00e02  popcnt=4
FAULT R=39036 -> T=38956  offset=-80  xor=0x00050  popcnt=2
FAULT R=39036 -> T=38958  offset=-78  xor=0x00052  popcnt=3
FAULT R=39036 -> T=38972  offset=-64  xor=0x00040  popcnt=1
FAULT R=39036 -> T=38974  offset=-62  xor=0x00042  popcnt=2
FAULT R=39036 -> T=39020  offset=-16  xor=0x00010  popcnt=1
FAULT R=39036 -> T=39022  offset=-14  xor=0x00012  popcnt=2
FAULT R=39036 -> T=39038  offset=+2  xor=0x00002  popcnt=1
FAULT R=39038 -> T=38462  offset=-576  xor=0x00e40  popcnt=4
FAULT R=39038 -> T=38526  offset=-512  xor=0x00e00  popcnt=3
FAULT R=39038 -> T=38958  offset=-80  xor=0x00050  popcnt=2
FAULT R=39038 -> T=38974  offset=-64  xor=0x00040  popcnt=1
FAULT R=39038 -> T=39022  offset=-16  xor=0x00010  popcnt=1
FAULT R=39039 -> T=38462  offset=-577  xor=0x00e41  popcnt=5
FAULT R=39039 -> T=38463  offset=-576  xor=0x00e40  popcnt=4
FAULT R=39039 -> T=38526  offset=-513  xor=0x00e01  popcnt=4
FAULT R=39039 -> T=38527  offset=-512  xor=0x00e00  popcnt=3
FAULT R=39039 -> T=38958  offset=-81  xor=0x00051  popcnt=3
FAULT R=39039 -> T=38959  offset=-80  xor=0x00050  popcnt=2
FAULT R=39039 -> T=38974  offset=-65  xor=0x00041  popcnt=2
FAULT R=39039 -> T=38975  offset=-64  xor=0x00040  popcnt=1
FAULT R=39039 -> T=39022  offset=-17  xor=0x00011  popcnt=2
FAULT R=39039 -> T=39023  offset=-16  xor=0x00010  popcnt=1
FAULT R=39039 -> T=39038  offset=-1  xor=0x00001  popcnt=1

# total_faults=3926  sources_tested=624  warmup=4
CLONE R=38400 match=2048 ok=1
CLONE R=38401 match=2047 ok=1
CLONE R=38402 match=2048 ok=1
CLONE R=38403 match=2047 ok=1
CLONE R=38404 match=2048 ok=1
CLONE R=38405 match=2044 ok=0
CLONE R=38406 match=2048 ok=1
CLONE R=38407 match=2048 ok=1
CLONE R=38408 match=2048 ok=1
CLONE R=38409 match=2048 ok=1
CLONE R=38410 match=2048 ok=1
CLONE R=38411 match=2048 ok=1
CLONE R=38412 match=2048 ok=1
CLONE R=38413 match=2048 ok=1
CLONE R=38414 match=2048 ok=1
CLONE R=38415 match=2048 ok=1
CLONE R=38416 match=2048 ok=1
CLONE R=38417 match=2048 ok=1
CLONE R=38418 match=2048 ok=1
CLONE R=38419 match=2048 ok=1
CLONE R=38420 match=2048 ok=1
CLONE R=38421 match=2046 ok=1
CLONE R=38422 match=2048 ok=1
CLONE R=38423 match=2048 ok=1
CLONE R=38424 match=2048 ok=1
CLONE R=38425 match=2048 ok=1
CLONE R=38426 match=2048 ok=1
CLONE R=38427 match=2048 ok=1
CLONE R=38428 match=2048 ok=1
CLONE R=38429 match=2046 ok=1
CLONE R=38430 match=2048 ok=1
CLONE R=38431 match=2048 ok=1
CLONE R=38432 match=2048 ok=1
CLONE R=38433 match=2048 ok=1
CLONE R=38434 match=2048 ok=1
CLONE R=38435 match=2048 ok=1
CLONE R=38440 match=2048 ok=1
CLONE R=38441 match=2048 ok=1
CLONE R=38442 match=2048 ok=1
CLONE R=38443 match=2048 ok=1
CLONE R=38448 match=2048 ok=1
CLONE R=38449 match=2048 ok=1
CLONE R=38450 match=2048 ok=1
CLONE R=38451 match=2048 ok=1
CLONE R=38452 match=2048 ok=1
CLONE R=38453 match=2048 ok=1
CLONE R=38454 match=2048 ok=1
CLONE R=38455 match=2048 ok=1
CLONE R=38456 match=2048 ok=1
CLONE R=38457 match=2048 ok=1
CLONE R=38458 match=2048 ok=1
CLONE R=38459 match=2048 ok=1
CLONE R=38460 match=2048 ok=1
CLONE R=38461 match=2048 ok=1
CLONE R=38462 match=2048 ok=1
CLONE R=38463 match=2048 ok=1
CLONE R=38464 match=2048 ok=1
CLONE R=38465 match=2048 ok=1
CLONE R=38466 match=2048 ok=1
CLONE R=38467 match=2048 ok=1
CLONE R=38468 match=2048 ok=1
CLONE R=38469 match=2047 ok=1
CLONE R=38470 match=2048 ok=1
CLONE R=38471 match=2048 ok=1
CLONE R=38472 match=2048 ok=1
CLONE R=38473 match=2048 ok=1
CLONE R=38474 match=2048 ok=1
CLONE R=38475 match=2048 ok=1
CLONE R=38476 match=2048 ok=1
CLONE R=38477 match=2048 ok=1
CLONE R=38478 match=2048 ok=1
CLONE R=38479 match=2048 ok=1
CLONE R=38480 match=2048 ok=1
CLONE R=38481 match=2048 ok=1
CLONE R=38482 match=2048 ok=1
CLONE R=38483 match=2048 ok=1
CLONE R=38484 match=2048 ok=1
CLONE R=38485 match=2046 ok=1
CLONE R=38486 match=2048 ok=1
CLONE R=38487 match=2048 ok=1
CLONE R=38488 match=2048 ok=1
CLONE R=38489 match=2048 ok=1
CLONE R=38490 match=2048 ok=1
CLONE R=38491 match=2048 ok=1
CLONE R=38492 match=2048 ok=1
CLONE R=38493 match=2048 ok=1
CLONE R=38494 match=2048 ok=1
CLONE R=38495 match=2048 ok=1
CLONE R=38496 match=2048 ok=1
CLONE R=38497 match=2048 ok=1
CLONE R=38498 match=2048 ok=1
CLONE R=38499 match=2048 ok=1
CLONE R=38504 match=2048 ok=1
CLONE R=38505 match=2048 ok=1
CLONE R=38506 match=2048 ok=1
CLONE R=38507 match=2048 ok=1
CLONE R=38512 match=2048 ok=1
CLONE R=38513 match=2048 ok=1
CLONE R=38514 match=2048 ok=1
CLONE R=38515 match=2048 ok=1
CLONE R=38516 match=2048 ok=1
CLONE R=38517 match=2048 ok=1
CLONE R=38518 match=2048 ok=1
CLONE R=38519 match=2048 ok=1
CLONE R=38520 match=2048 ok=1
CLONE R=38521 match=2048 ok=1
CLONE R=38522 match=2048 ok=1
CLONE R=38523 match=2048 ok=1
CLONE R=38524 match=2048 ok=1
CLONE R=38525 match=2048 ok=1
CLONE R=38526 match=2048 ok=1
CLONE R=38527 match=2048 ok=1
CLONE R=38528 match=2048 ok=1
CLONE R=38529 match=1896 ok=0
CLONE R=38530 match=2048 ok=1
CLONE R=38531 match=1241 ok=0
CLONE R=38532 match=2048 ok=1
CLONE R=38533 match=1164 ok=0
CLONE R=38534 match=2048 ok=1
CLONE R=38535 match=2048 ok=1
CLONE R=38536 match=2048 ok=1
CLONE R=38537 match=2048 ok=1
CLONE R=38538 match=2048 ok=1
CLONE R=38539 match=2048 ok=1
CLONE R=38540 match=2048 ok=1
CLONE R=38541 match=2048 ok=1
CLONE R=38542 match=2048 ok=1
CLONE R=38543 match=2048 ok=1
CLONE R=38544 match=2048 ok=1
CLONE R=38545 match=1460 ok=0
CLONE R=38546 match=2048 ok=1
CLONE R=38547 match=1184 ok=0
CLONE R=38548 match=2048 ok=1
CLONE R=38549 match=1146 ok=0
CLONE R=38550 match=2048 ok=1
CLONE R=38551 match=2047 ok=1
CLONE R=38552 match=2048 ok=1
CLONE R=38553 match=1455 ok=0
CLONE R=38554 match=2048 ok=1
CLONE R=38555 match=1179 ok=0
CLONE R=38556 match=2048 ok=1
CLONE R=38557 match=1127 ok=0
CLONE R=38558 match=2048 ok=1
CLONE R=38559 match=2048 ok=1
CLONE R=38560 match=2048 ok=1
CLONE R=38561 match=2048 ok=1
CLONE R=38562 match=2048 ok=1
CLONE R=38563 match=2048 ok=1
CLONE R=38564 match=2048 ok=1
CLONE R=38565 match=2048 ok=1
CLONE R=38566 match=2048 ok=1
CLONE R=38567 match=2048 ok=1
CLONE R=38568 match=2048 ok=1
CLONE R=38569 match=2048 ok=1
CLONE R=38570 match=2048 ok=1
CLONE R=38571 match=2048 ok=1
CLONE R=38572 match=2048 ok=1
CLONE R=38573 match=2048 ok=1
CLONE R=38574 match=2048 ok=1
CLONE R=38575 match=2048 ok=1
CLONE R=38576 match=2048 ok=1
CLONE R=38577 match=2048 ok=1
CLONE R=38578 match=2048 ok=1
CLONE R=38579 match=2048 ok=1
CLONE R=38580 match=2048 ok=1
CLONE R=38581 match=2048 ok=1
CLONE R=38582 match=2048 ok=1
CLONE R=38583 match=2048 ok=1
CLONE R=38584 match=2048 ok=1
CLONE R=38585 match=2048 ok=1
CLONE R=38586 match=2048 ok=1
CLONE R=38587 match=2048 ok=1
CLONE R=38588 match=2048 ok=1
CLONE R=38589 match=2048 ok=1
CLONE R=38590 match=2048 ok=1
CLONE R=38591 match=2048 ok=1
CLONE R=38592 match=2048 ok=1
CLONE R=38593 match=1787 ok=0
CLONE R=38594 match=2048 ok=1
CLONE R=38595 match=1296 ok=0
CLONE R=38596 match=2048 ok=1
CLONE R=38597 match=1214 ok=0
CLONE R=38598 match=2048 ok=1
CLONE R=38599 match=2048 ok=1
CLONE R=38600 match=2048 ok=1
CLONE R=38601 match=2048 ok=1
CLONE R=38602 match=2048 ok=1
CLONE R=38603 match=2048 ok=1
CLONE R=38604 match=2048 ok=1
CLONE R=38605 match=2048 ok=1
CLONE R=38606 match=2048 ok=1
CLONE R=38607 match=2048 ok=1
CLONE R=38608 match=2048 ok=1
CLONE R=38609 match=1482 ok=0
CLONE R=38610 match=2048 ok=1
CLONE R=38611 match=1221 ok=0
CLONE R=38612 match=2048 ok=1
CLONE R=38613 match=1163 ok=0
CLONE R=38614 match=2048 ok=1
CLONE R=38615 match=2048 ok=1
CLONE R=38616 match=2048 ok=1
CLONE R=38617 match=1479 ok=0
CLONE R=38618 match=2048 ok=1
CLONE R=38619 match=1209 ok=0
CLONE R=38620 match=2048 ok=1
CLONE R=38621 match=1181 ok=0
CLONE R=38622 match=2048 ok=1
CLONE R=38623 match=2048 ok=1
CLONE R=38624 match=2048 ok=1
CLONE R=38625 match=1780 ok=0
CLONE R=38626 match=2048 ok=1
CLONE R=38627 match=1271 ok=0
CLONE R=38628 match=2048 ok=1
CLONE R=38629 match=1195 ok=0
CLONE R=38630 match=2048 ok=1
CLONE R=38631 match=2048 ok=1
CLONE R=38632 match=2048 ok=1
CLONE R=38633 match=2048 ok=1
CLONE R=38634 match=2048 ok=1
CLONE R=38635 match=2048 ok=1
CLONE R=38636 match=2048 ok=1
CLONE R=38637 match=2048 ok=1
CLONE R=38638 match=2048 ok=1
CLONE R=38639 match=2048 ok=1
CLONE R=38640 match=2048 ok=1
CLONE R=38641 match=1490 ok=0
CLONE R=38642 match=2048 ok=1
CLONE R=38643 match=1243 ok=0
CLONE R=38644 match=2048 ok=1
CLONE R=38645 match=1177 ok=0
CLONE R=38646 match=2048 ok=1
CLONE R=38647 match=2048 ok=1
CLONE R=38648 match=2048 ok=1
CLONE R=38649 match=1530 ok=0
CLONE R=38650 match=2048 ok=1
CLONE R=38651 match=1193 ok=0
CLONE R=38652 match=2048 ok=1
CLONE R=38653 match=1210 ok=0
CLONE R=38654 match=2048 ok=1
CLONE R=38655 match=2048 ok=1
CLONE R=38656 match=2048 ok=1
CLONE R=38657 match=1887 ok=0
CLONE R=38658 match=2048 ok=1
CLONE R=38659 match=1230 ok=0
CLONE R=38660 match=2048 ok=1
CLONE R=38661 match=1111 ok=0
CLONE R=38662 match=2048 ok=1
CLONE R=38663 match=2048 ok=1
CLONE R=38664 match=2048 ok=1
CLONE R=38665 match=2048 ok=1
CLONE R=38666 match=2048 ok=1
CLONE R=38667 match=2048 ok=1
CLONE R=38668 match=2048 ok=1
CLONE R=38669 match=2048 ok=1
CLONE R=38670 match=2048 ok=1
CLONE R=38671 match=2048 ok=1
CLONE R=38672 match=2048 ok=1
CLONE R=38673 match=1436 ok=0
CLONE R=38674 match=2048 ok=1
CLONE R=38675 match=1170 ok=0
CLONE R=38676 match=2048 ok=1
CLONE R=38677 match=1107 ok=0
CLONE R=38678 match=2048 ok=1
CLONE R=38679 match=2048 ok=1
CLONE R=38680 match=2048 ok=1
CLONE R=38681 match=1493 ok=0
CLONE R=38682 match=2048 ok=1
CLONE R=38683 match=1150 ok=0
CLONE R=38684 match=2048 ok=1
CLONE R=38685 match=1165 ok=0
CLONE R=38686 match=2048 ok=1
CLONE R=38687 match=2048 ok=1
CLONE R=38688 match=2048 ok=1
CLONE R=38689 match=2048 ok=1
CLONE R=38690 match=2048 ok=1
CLONE R=38691 match=2048 ok=1
CLONE R=38692 match=2048 ok=1
CLONE R=38693 match=2048 ok=1
CLONE R=38694 match=2048 ok=1
CLONE R=38695 match=2048 ok=1
CLONE R=38696 match=2048 ok=1
CLONE R=38697 match=2048 ok=1
CLONE R=38698 match=2048 ok=1
CLONE R=38699 match=2048 ok=1
CLONE R=38700 match=2048 ok=1
CLONE R=38701 match=2048 ok=1
CLONE R=38702 match=2048 ok=1
CLONE R=38703 match=2048 ok=1
CLONE R=38704 match=2048 ok=1
CLONE R=38705 match=2048 ok=1
CLONE R=38706 match=2048 ok=1
CLONE R=38707 match=2048 ok=1
CLONE R=38708 match=2048 ok=1
CLONE R=38709 match=2048 ok=1
CLONE R=38710 match=2048 ok=1
CLONE R=38711 match=2048 ok=1
CLONE R=38712 match=2048 ok=1
CLONE R=38713 match=2048 ok=1
CLONE R=38714 match=2048 ok=1
CLONE R=38715 match=2048 ok=1
CLONE R=38716 match=2048 ok=1
CLONE R=38717 match=2048 ok=1
CLONE R=38718 match=2048 ok=1
CLONE R=38719 match=2048 ok=1
CLONE R=38720 match=2048 ok=1
CLONE R=38721 match=1807 ok=0
CLONE R=38722 match=2048 ok=1
CLONE R=38723 match=1282 ok=0
CLONE R=38724 match=2048 ok=1
CLONE R=38725 match=1187 ok=0
CLONE R=38726 match=2048 ok=1
CLONE R=38727 match=2048 ok=1
CLONE R=38728 match=2048 ok=1
CLONE R=38729 match=2048 ok=1
CLONE R=38730 match=2048 ok=1
CLONE R=38731 match=2048 ok=1
CLONE R=38732 match=2048 ok=1
CLONE R=38733 match=2048 ok=1
CLONE R=38734 match=2048 ok=1
CLONE R=38735 match=2048 ok=1
CLONE R=38736 match=2048 ok=1
CLONE R=38737 match=1465 ok=0
CLONE R=38738 match=2048 ok=1
CLONE R=38739 match=1211 ok=0
CLONE R=38740 match=2048 ok=1
CLONE R=38741 match=1155 ok=0
CLONE R=38742 match=2048 ok=1
CLONE R=38743 match=2048 ok=1
CLONE R=38744 match=2048 ok=1
CLONE R=38745 match=1499 ok=0
CLONE R=38746 match=2048 ok=1
CLONE R=38747 match=1182 ok=0
CLONE R=38748 match=2048 ok=1
CLONE R=38749 match=1184 ok=0
CLONE R=38750 match=2048 ok=1
CLONE R=38751 match=2048 ok=1
CLONE R=38752 match=2048 ok=1
CLONE R=38753 match=1815 ok=0
CLONE R=38754 match=2048 ok=1
CLONE R=38755 match=1265 ok=0
CLONE R=38756 match=2048 ok=1
CLONE R=38757 match=1186 ok=0
CLONE R=38758 match=2048 ok=1
CLONE R=38759 match=2048 ok=1
CLONE R=38760 match=2048 ok=1
CLONE R=38761 match=2048 ok=1
CLONE R=38762 match=2048 ok=1
CLONE R=38763 match=2048 ok=1
CLONE R=38764 match=2048 ok=1
CLONE R=38765 match=2048 ok=1
CLONE R=38766 match=2048 ok=1
CLONE R=38767 match=2048 ok=1
CLONE R=38768 match=2048 ok=1
CLONE R=38769 match=1477 ok=0
CLONE R=38770 match=2048 ok=1
CLONE R=38771 match=1179 ok=0
CLONE R=38772 match=2048 ok=1
CLONE R=38773 match=1071 ok=0
CLONE R=38774 match=2048 ok=1
CLONE R=38775 match=2048 ok=1
CLONE R=38776 match=2048 ok=1
CLONE R=38777 match=1514 ok=0
CLONE R=38778 match=2048 ok=1
CLONE R=38779 match=1179 ok=0
CLONE R=38780 match=2048 ok=1
CLONE R=38781 match=1124 ok=0
CLONE R=38782 match=2048 ok=1
CLONE R=38783 match=2048 ok=1
CLONE R=38784 match=2048 ok=1
CLONE R=38785 match=1816 ok=0
CLONE R=38786 match=2048 ok=1
CLONE R=38787 match=1263 ok=0
CLONE R=38788 match=2048 ok=1
CLONE R=38789 match=1115 ok=0
CLONE R=38790 match=2048 ok=1
CLONE R=38791 match=2048 ok=1
CLONE R=38792 match=2048 ok=1
CLONE R=38793 match=2048 ok=1
CLONE R=38794 match=2048 ok=1
CLONE R=38795 match=2048 ok=1
CLONE R=38796 match=2048 ok=1
CLONE R=38797 match=2048 ok=1
CLONE R=38798 match=2048 ok=1
CLONE R=38799 match=2048 ok=1
CLONE R=38800 match=2048 ok=1
CLONE R=38801 match=1473 ok=0
CLONE R=38802 match=2048 ok=1
CLONE R=38803 match=1043 ok=0
CLONE R=38804 match=2048 ok=1
CLONE R=38805 match=945 ok=0
CLONE R=38806 match=2048 ok=1
CLONE R=38807 match=2048 ok=1
CLONE R=38808 match=2048 ok=1
CLONE R=38809 match=1491 ok=0
CLONE R=38810 match=2048 ok=1
CLONE R=38811 match=1010 ok=0
CLONE R=38812 match=2048 ok=1
CLONE R=38813 match=957 ok=0
CLONE R=38814 match=2048 ok=1
CLONE R=38815 match=2048 ok=1
CLONE R=38816 match=2048 ok=1
CLONE R=38817 match=2048 ok=1
CLONE R=38818 match=2048 ok=1
CLONE R=38819 match=2048 ok=1
CLONE R=38820 match=2048 ok=1
CLONE R=38821 match=2048 ok=1
CLONE R=38822 match=2048 ok=1
CLONE R=38823 match=2048 ok=1
CLONE R=38824 match=2048 ok=1
CLONE R=38825 match=2048 ok=1
CLONE R=38826 match=2048 ok=1
CLONE R=38827 match=2048 ok=1
CLONE R=38828 match=2048 ok=1
CLONE R=38829 match=2048 ok=1
CLONE R=38830 match=2048 ok=1
CLONE R=38831 match=2048 ok=1
CLONE R=38832 match=2048 ok=1
CLONE R=38833 match=2048 ok=1
CLONE R=38834 match=2048 ok=1
CLONE R=38835 match=2048 ok=1
CLONE R=38836 match=2048 ok=1
CLONE R=38837 match=2048 ok=1
CLONE R=38838 match=2048 ok=1
CLONE R=38839 match=2048 ok=1
CLONE R=38840 match=2048 ok=1
CLONE R=38841 match=2048 ok=1
CLONE R=38842 match=2048 ok=1
CLONE R=38843 match=2048 ok=1
CLONE R=38844 match=2048 ok=1
CLONE R=38845 match=2048 ok=1
CLONE R=38846 match=2048 ok=1
CLONE R=38847 match=2048 ok=1
CLONE R=38848 match=2048 ok=1
CLONE R=38849 match=1824 ok=0
CLONE R=38850 match=2048 ok=1
CLONE R=38851 match=1228 ok=0
CLONE R=38852 match=2048 ok=1
CLONE R=38853 match=1073 ok=0
CLONE R=38854 match=2048 ok=1
CLONE R=38855 match=2048 ok=1
CLONE R=38856 match=2048 ok=1
CLONE R=38857 match=2048 ok=1
CLONE R=38858 match=2048 ok=1
CLONE R=38859 match=2048 ok=1
CLONE R=38860 match=2048 ok=1
CLONE R=38861 match=2048 ok=1
CLONE R=38862 match=2048 ok=1
CLONE R=38863 match=2048 ok=1
CLONE R=38864 match=2048 ok=1
CLONE R=38865 match=1451 ok=0
CLONE R=38866 match=2048 ok=1
CLONE R=38867 match=959 ok=0
CLONE R=38868 match=2048 ok=1
CLONE R=38869 match=866 ok=0
CLONE R=38870 match=2048 ok=1
CLONE R=38871 match=2048 ok=1
CLONE R=38872 match=2048 ok=1
CLONE R=38873 match=1459 ok=0
CLONE R=38874 match=2048 ok=1
CLONE R=38875 match=983 ok=0
CLONE R=38876 match=2048 ok=1
CLONE R=38877 match=881 ok=0
CLONE R=38878 match=2048 ok=1
CLONE R=38879 match=2048 ok=1
CLONE R=38880 match=2048 ok=1
CLONE R=38881 match=1813 ok=0
CLONE R=38882 match=2048 ok=1
CLONE R=38883 match=1168 ok=0
CLONE R=38884 match=2048 ok=1
CLONE R=38885 match=1039 ok=0
CLONE R=38886 match=2048 ok=1
CLONE R=38887 match=2048 ok=1
CLONE R=38888 match=2048 ok=1
CLONE R=38889 match=2048 ok=1
CLONE R=38890 match=2048 ok=1
CLONE R=38891 match=2048 ok=1
CLONE R=38892 match=2048 ok=1
CLONE R=38893 match=2048 ok=1
CLONE R=38894 match=2048 ok=1
CLONE R=38895 match=2048 ok=1
CLONE R=38896 match=2048 ok=1
CLONE R=38897 match=1474 ok=0
CLONE R=38898 match=2048 ok=1
CLONE R=38899 match=915 ok=0
CLONE R=38900 match=2048 ok=1
CLONE R=38901 match=809 ok=0
CLONE R=38902 match=2048 ok=1
CLONE R=38903 match=2048 ok=1
CLONE R=38904 match=2048 ok=1
CLONE R=38905 match=1378 ok=0
CLONE R=38906 match=2048 ok=1
CLONE R=38907 match=922 ok=0
CLONE R=38908 match=2048 ok=1
CLONE R=38909 match=812 ok=0
CLONE R=38910 match=2048 ok=1
CLONE R=38911 match=2048 ok=1
CLONE R=38912 match=2048 ok=1
CLONE R=38913 match=1938 ok=0
CLONE R=38914 match=2048 ok=1
CLONE R=38915 match=1382 ok=0
CLONE R=38916 match=2048 ok=1
CLONE R=38917 match=1105 ok=0
CLONE R=38918 match=2048 ok=1
CLONE R=38919 match=2048 ok=1
CLONE R=38920 match=2048 ok=1
CLONE R=38921 match=2048 ok=1
CLONE R=38922 match=2048 ok=1
CLONE R=38923 match=2048 ok=1
CLONE R=38924 match=2048 ok=1
CLONE R=38925 match=2048 ok=1
CLONE R=38926 match=2048 ok=1
CLONE R=38927 match=2048 ok=1
CLONE R=38928 match=2048 ok=1
CLONE R=38929 match=1354 ok=0
CLONE R=38930 match=2048 ok=1
CLONE R=38931 match=633 ok=0
CLONE R=38932 match=2048 ok=1
CLONE R=38933 match=522 ok=0
CLONE R=38934 match=2048 ok=1
CLONE R=38935 match=2048 ok=1
CLONE R=38936 match=2048 ok=1
CLONE R=38937 match=1340 ok=0
CLONE R=38938 match=2048 ok=1
CLONE R=38939 match=642 ok=0
CLONE R=38940 match=2048 ok=1
CLONE R=38941 match=522 ok=0
CLONE R=38942 match=2048 ok=1
CLONE R=38943 match=2048 ok=1
CLONE R=38944 match=2048 ok=1
CLONE R=38945 match=2048 ok=1
CLONE R=38946 match=2048 ok=1
CLONE R=38947 match=2048 ok=1
CLONE R=38948 match=2048 ok=1
CLONE R=38949 match=2048 ok=1
CLONE R=38950 match=2048 ok=1
CLONE R=38951 match=2048 ok=1
CLONE R=38952 match=2048 ok=1
CLONE R=38953 match=2048 ok=1
CLONE R=38954 match=2048 ok=1
CLONE R=38955 match=2048 ok=1
CLONE R=38956 match=2048 ok=1
CLONE R=38957 match=2048 ok=1
CLONE R=38958 match=2048 ok=1
CLONE R=38959 match=2048 ok=1
CLONE R=38960 match=2048 ok=1
CLONE R=38961 match=2048 ok=1
CLONE R=38962 match=2048 ok=1
CLONE R=38963 match=2048 ok=1
CLONE R=38964 match=2048 ok=1
CLONE R=38965 match=2048 ok=1
CLONE R=38966 match=2048 ok=1
CLONE R=38967 match=2048 ok=1
CLONE R=38968 match=2048 ok=1
CLONE R=38969 match=2048 ok=1
CLONE R=38970 match=2048 ok=1
CLONE R=38971 match=2048 ok=1
CLONE R=38972 match=2048 ok=1
CLONE R=38973 match=2048 ok=1
CLONE R=38974 match=2048 ok=1
CLONE R=38975 match=2048 ok=1
CLONE R=38976 match=2048 ok=1
CLONE R=38977 match=1738 ok=0
CLONE R=38978 match=2048 ok=1
CLONE R=38979 match=964 ok=0
CLONE R=38980 match=2048 ok=1
CLONE R=38981 match=765 ok=0
CLONE R=38982 match=2048 ok=1
CLONE R=38983 match=2048 ok=1
CLONE R=38984 match=2048 ok=1
CLONE R=38985 match=2048 ok=1
CLONE R=38986 match=2048 ok=1
CLONE R=38987 match=2048 ok=1
CLONE R=38988 match=2048 ok=1
CLONE R=38989 match=2048 ok=1
CLONE R=38990 match=2048 ok=1
CLONE R=38991 match=2048 ok=1
CLONE R=38992 match=2048 ok=1
CLONE R=38993 match=1270 ok=0
CLONE R=38994 match=2048 ok=1
CLONE R=38995 match=665 ok=0
CLONE R=38996 match=2048 ok=1
CLONE R=38997 match=524 ok=0
CLONE R=38998 match=2048 ok=1
CLONE R=38999 match=2048 ok=1
CLONE R=39000 match=2048 ok=1
CLONE R=39001 match=1243 ok=0
CLONE R=39002 match=2048 ok=1
CLONE R=39003 match=617 ok=0
CLONE R=39004 match=2048 ok=1
CLONE R=39005 match=563 ok=0
CLONE R=39006 match=2048 ok=1
CLONE R=39007 match=2048 ok=1
CLONE R=39008 match=2048 ok=1
CLONE R=39009 match=1745 ok=0
CLONE R=39010 match=2048 ok=1
CLONE R=39011 match=774 ok=0
CLONE R=39012 match=2048 ok=1
CLONE R=39013 match=675 ok=0
CLONE R=39014 match=2048 ok=1
CLONE R=39015 match=2048 ok=1
CLONE R=39016 match=2048 ok=1
CLONE R=39017 match=2048 ok=1
CLONE R=39018 match=2048 ok=1
CLONE R=39019 match=2048 ok=1
CLONE R=39020 match=2048 ok=1
CLONE R=39021 match=2048 ok=1
CLONE R=39022 match=2048 ok=1
CLONE R=39023 match=2048 ok=1
CLONE R=39024 match=2048 ok=1
CLONE R=39025 match=1193 ok=0
CLONE R=39026 match=2048 ok=1
CLONE R=39027 match=553 ok=0
CLONE R=39028 match=2048 ok=1
CLONE R=39029 match=425 ok=0
CLONE R=39030 match=2048 ok=1
CLONE R=39031 match=2048 ok=1
CLONE R=39032 match=2048 ok=1
CLONE R=39033 match=1186 ok=0
CLONE R=39034 match=2048 ok=1
CLONE R=39035 match=536 ok=0
CLONE R=39036 match=2048 ok=1
CLONE R=39037 match=443 ok=0
CLONE R=39038 match=2048 ok=1
CLONE R=39039 match=2048 ok=1
# clone_check: ok=515 fail=109
