Opened /dev/xdma0_h2c_0 -> 3
Opened /dev/xdma0_c2h_0 -> 4
Successfully reset the FPGA!
# rw_screen: 0/624 rows with any pattern/antipattern miss
FAULT R=38401 -> T=38400  offset=-1  xor=0x00001  popcnt=1
FAULT R=38401 -> T=38425  offset=+24  xor=0x00018  popcnt=2
FAULT R=38402 -> T=38400  offset=-2  xor=0x00002  popcnt=1
FAULT R=38402 -> T=38426  offset=+24  xor=0x00018  popcnt=2
FAULT R=38403 -> T=38400  offset=-3  xor=0x00003  popcnt=2
FAULT R=38403 -> T=38401  offset=-2  xor=0x00002  popcnt=1
FAULT R=38403 -> T=38402  offset=-1  xor=0x00001  popcnt=1
FAULT R=38403 -> T=38425  offset=+22  xor=0x0001a  popcnt=3
FAULT R=38403 -> T=38426  offset=+23  xor=0x00019  popcnt=3
FAULT R=38403 -> T=38427  offset=+24  xor=0x00018  popcnt=2
FAULT R=38404 -> T=38400  offset=-4  xor=0x00004  popcnt=1
FAULT R=38405 -> T=38400  offset=-5  xor=0x00005  popcnt=2
FAULT R=38405 -> T=38401  offset=-4  xor=0x00004  popcnt=1
FAULT R=38405 -> T=38404  offset=-1  xor=0x00001  popcnt=1
FAULT R=38405 -> T=38425  offset=+20  xor=0x0001c  popcnt=3
FAULT R=38405 -> T=38429  offset=+24  xor=0x00018  popcnt=2
FAULT R=38406 -> T=38400  offset=-6  xor=0x00006  popcnt=2
FAULT R=38406 -> T=38430  offset=+24  xor=0x00018  popcnt=2
FAULT R=38407 -> T=38400  offset=-7  xor=0x00007  popcnt=3
FAULT R=38407 -> T=38401  offset=-6  xor=0x00006  popcnt=2
FAULT R=38407 -> T=38406  offset=-1  xor=0x00001  popcnt=1
FAULT R=38407 -> T=38425  offset=+18  xor=0x0001e  popcnt=4
FAULT R=38407 -> T=38430  offset=+23  xor=0x00019  popcnt=3
FAULT R=38407 -> T=38431  offset=+24  xor=0x00018  popcnt=2
FAULT R=38409 -> T=38425  offset=+16  xor=0x00010  popcnt=1
FAULT R=38410 -> T=38426  offset=+16  xor=0x00010  popcnt=1
FAULT R=38411 -> T=38409  offset=-2  xor=0x00002  popcnt=1
FAULT R=38411 -> T=38410  offset=-1  xor=0x00001  popcnt=1
FAULT R=38411 -> T=38425  offset=+14  xor=0x00012  popcnt=2
FAULT R=38411 -> T=38426  offset=+15  xor=0x00011  popcnt=2
FAULT R=38411 -> T=38427  offset=+16  xor=0x00010  popcnt=1
FAULT R=38413 -> T=38409  offset=-4  xor=0x00004  popcnt=1
FAULT R=38413 -> T=38425  offset=+12  xor=0x00014  popcnt=2
FAULT R=38413 -> T=38429  offset=+16  xor=0x00010  popcnt=1
FAULT R=38414 -> T=38430  offset=+16  xor=0x00010  popcnt=1
FAULT R=38415 -> T=38409  offset=-6  xor=0x00006  popcnt=2
FAULT R=38415 -> T=38414  offset=-1  xor=0x00001  popcnt=1
FAULT R=38415 -> T=38425  offset=+10  xor=0x00016  popcnt=3
FAULT R=38415 -> T=38430  offset=+15  xor=0x00011  popcnt=2
FAULT R=38415 -> T=38431  offset=+16  xor=0x00010  popcnt=1
FAULT R=38417 -> T=38416  offset=-1  xor=0x00001  popcnt=1
FAULT R=38417 -> T=38425  offset=+8  xor=0x00008  popcnt=1
FAULT R=38418 -> T=38416  offset=-2  xor=0x00002  popcnt=1
FAULT R=38418 -> T=38426  offset=+8  xor=0x00008  popcnt=1
FAULT R=38419 -> T=38416  offset=-3  xor=0x00003  popcnt=2
FAULT R=38419 -> T=38417  offset=-2  xor=0x00002  popcnt=1
FAULT R=38419 -> T=38418  offset=-1  xor=0x00001  popcnt=1
FAULT R=38419 -> T=38425  offset=+6  xor=0x0000a  popcnt=2
FAULT R=38419 -> T=38426  offset=+7  xor=0x00009  popcnt=2
FAULT R=38419 -> T=38427  offset=+8  xor=0x00008  popcnt=1
FAULT R=38420 -> T=38416  offset=-4  xor=0x00004  popcnt=1
FAULT R=38421 -> T=38416  offset=-5  xor=0x00005  popcnt=2
FAULT R=38421 -> T=38417  offset=-4  xor=0x00004  popcnt=1
FAULT R=38421 -> T=38420  offset=-1  xor=0x00001  popcnt=1
FAULT R=38421 -> T=38425  offset=+4  xor=0x0000c  popcnt=2
FAULT R=38421 -> T=38429  offset=+8  xor=0x00008  popcnt=1
FAULT R=38422 -> T=38416  offset=-6  xor=0x00006  popcnt=2
FAULT R=38422 -> T=38430  offset=+8  xor=0x00008  popcnt=1
FAULT R=38423 -> T=38416  offset=-7  xor=0x00007  popcnt=3
FAULT R=38423 -> T=38417  offset=-6  xor=0x00006  popcnt=2
FAULT R=38423 -> T=38422  offset=-1  xor=0x00001  popcnt=1
FAULT R=38423 -> T=38425  offset=+2  xor=0x0000e  popcnt=3
FAULT R=38423 -> T=38430  offset=+7  xor=0x00009  popcnt=2
FAULT R=38423 -> T=38431  offset=+8  xor=0x00008  popcnt=1
FAULT R=38427 -> T=38425  offset=-2  xor=0x00002  popcnt=1
FAULT R=38427 -> T=38426  offset=-1  xor=0x00001  popcnt=1
FAULT R=38429 -> T=38425  offset=-4  xor=0x00004  popcnt=1
FAULT R=38431 -> T=38425  offset=-6  xor=0x00006  popcnt=2
FAULT R=38431 -> T=38430  offset=-1  xor=0x00001  popcnt=1
FAULT R=38432 -> T=38400  offset=-32  xor=0x00020  popcnt=1
FAULT R=38432 -> T=38456  offset=+24  xor=0x00018  popcnt=2
FAULT R=38433 -> T=38400  offset=-33  xor=0x00021  popcnt=2
FAULT R=38433 -> T=38401  offset=-32  xor=0x00020  popcnt=1
FAULT R=38433 -> T=38425  offset=-8  xor=0x00038  popcnt=3
FAULT R=38433 -> T=38432  offset=-1  xor=0x00001  popcnt=1
FAULT R=38433 -> T=38456  offset=+23  xor=0x00019  popcnt=3
FAULT R=38433 -> T=38457  offset=+24  xor=0x00018  popcnt=2
FAULT R=38434 -> T=38400  offset=-34  xor=0x00022  popcnt=2
FAULT R=38434 -> T=38402  offset=-32  xor=0x00020  popcnt=1
FAULT R=38434 -> T=38426  offset=-8  xor=0x00038  popcnt=3
FAULT R=38434 -> T=38432  offset=-2  xor=0x00002  popcnt=1
FAULT R=38434 -> T=38456  offset=+22  xor=0x0001a  popcnt=3
FAULT R=38434 -> T=38458  offset=+24  xor=0x00018  popcnt=2
FAULT R=38435 -> T=38400  offset=-35  xor=0x00023  popcnt=3
FAULT R=38435 -> T=38401  offset=-34  xor=0x00022  popcnt=2
FAULT R=38435 -> T=38402  offset=-33  xor=0x00021  popcnt=2
FAULT R=38435 -> T=38403  offset=-32  xor=0x00020  popcnt=1
FAULT R=38435 -> T=38425  offset=-10  xor=0x0003a  popcnt=4
FAULT R=38435 -> T=38426  offset=-9  xor=0x00039  popcnt=4
FAULT R=38435 -> T=38427  offset=-8  xor=0x00038  popcnt=3
FAULT R=38435 -> T=38432  offset=-3  xor=0x00003  popcnt=2
FAULT R=38435 -> T=38433  offset=-2  xor=0x00002  popcnt=1
FAULT R=38435 -> T=38434  offset=-1  xor=0x00001  popcnt=1
FAULT R=38435 -> T=38456  offset=+21  xor=0x0001b  popcnt=4
FAULT R=38435 -> T=38457  offset=+22  xor=0x0001a  popcnt=3
FAULT R=38435 -> T=38458  offset=+23  xor=0x00019  popcnt=3
FAULT R=38435 -> T=38459  offset=+24  xor=0x00018  popcnt=2
FAULT R=38436 -> T=38400  offset=-36  xor=0x00024  popcnt=2
FAULT R=38436 -> T=38404  offset=-32  xor=0x00020  popcnt=1
FAULT R=38436 -> T=38432  offset=-4  xor=0x00004  popcnt=1
FAULT R=38436 -> T=38456  offset=+20  xor=0x0001c  popcnt=3
FAULT R=38436 -> T=38460  offset=+24  xor=0x00018  popcnt=2
FAULT R=38437 -> T=38400  offset=-37  xor=0x00025  popcnt=3
FAULT R=38437 -> T=38401  offset=-36  xor=0x00024  popcnt=2
FAULT R=38437 -> T=38404  offset=-33  xor=0x00021  popcnt=2
FAULT R=38437 -> T=38405  offset=-32  xor=0x00020  popcnt=1
FAULT R=38437 -> T=38425  offset=-12  xor=0x0003c  popcnt=4
FAULT R=38437 -> T=38429  offset=-8  xor=0x00038  popcnt=3
FAULT R=38437 -> T=38432  offset=-5  xor=0x00005  popcnt=2
FAULT R=38437 -> T=38433  offset=-4  xor=0x00004  popcnt=1
FAULT R=38437 -> T=38436  offset=-1  xor=0x00001  popcnt=1
FAULT R=38437 -> T=38456  offset=+19  xor=0x0001d  popcnt=4
FAULT R=38437 -> T=38457  offset=+20  xor=0x0001c  popcnt=3
FAULT R=38437 -> T=38460  offset=+23  xor=0x00019  popcnt=3
FAULT R=38437 -> T=38461  offset=+24  xor=0x00018  popcnt=2
FAULT R=38438 -> T=38400  offset=-38  xor=0x00026  popcnt=3
FAULT R=38438 -> T=38406  offset=-32  xor=0x00020  popcnt=1
FAULT R=38438 -> T=38430  offset=-8  xor=0x00038  popcnt=3
FAULT R=38438 -> T=38432  offset=-6  xor=0x00006  popcnt=2
FAULT R=38438 -> T=38456  offset=+18  xor=0x0001e  popcnt=4
FAULT R=38438 -> T=38462  offset=+24  xor=0x00018  popcnt=2
FAULT R=38439 -> T=38400  offset=-39  xor=0x00027  popcnt=4
FAULT R=38439 -> T=38401  offset=-38  xor=0x00026  popcnt=3
FAULT R=38439 -> T=38406  offset=-33  xor=0x00021  popcnt=2
FAULT R=38439 -> T=38407  offset=-32  xor=0x00020  popcnt=1
FAULT R=38439 -> T=38425  offset=-14  xor=0x0003e  popcnt=5
FAULT R=38439 -> T=38430  offset=-9  xor=0x00039  popcnt=4
FAULT R=38439 -> T=38431  offset=-8  xor=0x00038  popcnt=3
FAULT R=38439 -> T=38432  offset=-7  xor=0x00007  popcnt=3
FAULT R=38439 -> T=38433  offset=-6  xor=0x00006  popcnt=2
FAULT R=38439 -> T=38438  offset=-1  xor=0x00001  popcnt=1
FAULT R=38439 -> T=38456  offset=+17  xor=0x0001f  popcnt=5
FAULT R=38439 -> T=38457  offset=+18  xor=0x0001e  popcnt=4
FAULT R=38439 -> T=38462  offset=+23  xor=0x00019  popcnt=3
FAULT R=38439 -> T=38463  offset=+24  xor=0x00018  popcnt=2
FAULT R=38440 -> T=38456  offset=+16  xor=0x00010  popcnt=1
FAULT R=38441 -> T=38409  offset=-32  xor=0x00020  popcnt=1
FAULT R=38441 -> T=38425  offset=-16  xor=0x00030  popcnt=2
FAULT R=38441 -> T=38440  offset=-1  xor=0x00001  popcnt=1
FAULT R=38441 -> T=38456  offset=+15  xor=0x00011  popcnt=2
FAULT R=38441 -> T=38457  offset=+16  xor=0x00010  popcnt=1
FAULT R=38442 -> T=38410  offset=-32  xor=0x00020  popcnt=1
FAULT R=38442 -> T=38426  offset=-16  xor=0x00030  popcnt=2
FAULT R=38442 -> T=38440  offset=-2  xor=0x00002  popcnt=1
FAULT R=38442 -> T=38456  offset=+14  xor=0x00012  popcnt=2
FAULT R=38442 -> T=38458  offset=+16  xor=0x00010  popcnt=1
FAULT R=38443 -> T=38409  offset=-34  xor=0x00022  popcnt=2
FAULT R=38443 -> T=38410  offset=-33  xor=0x00021  popcnt=2
FAULT R=38443 -> T=38411  offset=-32  xor=0x00020  popcnt=1
FAULT R=38443 -> T=38425  offset=-18  xor=0x00032  popcnt=3
FAULT R=38443 -> T=38426  offset=-17  xor=0x00031  popcnt=3
FAULT R=38443 -> T=38427  offset=-16  xor=0x00030  popcnt=2
FAULT R=38443 -> T=38440  offset=-3  xor=0x00003  popcnt=2
FAULT R=38443 -> T=38441  offset=-2  xor=0x00002  popcnt=1
FAULT R=38443 -> T=38442  offset=-1  xor=0x00001  popcnt=1
FAULT R=38443 -> T=38456  offset=+13  xor=0x00013  popcnt=3
FAULT R=38443 -> T=38457  offset=+14  xor=0x00012  popcnt=2
FAULT R=38443 -> T=38458  offset=+15  xor=0x00011  popcnt=2
FAULT R=38443 -> T=38459  offset=+16  xor=0x00010  popcnt=1
FAULT R=38444 -> T=38440  offset=-4  xor=0x00004  popcnt=1
FAULT R=38444 -> T=38456  offset=+12  xor=0x00014  popcnt=2
FAULT R=38444 -> T=38460  offset=+16  xor=0x00010  popcnt=1
FAULT R=38445 -> T=38409  offset=-36  xor=0x00024  popcnt=2
FAULT R=38445 -> T=38413  offset=-32  xor=0x00020  popcnt=1
FAULT R=38445 -> T=38425  offset=-20  xor=0x00034  popcnt=3
FAULT R=38445 -> T=38429  offset=-16  xor=0x00030  popcnt=2
FAULT R=38445 -> T=38440  offset=-5  xor=0x00005  popcnt=2
FAULT R=38445 -> T=38441  offset=-4  xor=0x00004  popcnt=1
FAULT R=38445 -> T=38444  offset=-1  xor=0x00001  popcnt=1
FAULT R=38445 -> T=38456  offset=+11  xor=0x00015  popcnt=3
FAULT R=38445 -> T=38457  offset=+12  xor=0x00014  popcnt=2
FAULT R=38445 -> T=38460  offset=+15  xor=0x00011  popcnt=2
FAULT R=38445 -> T=38461  offset=+16  xor=0x00010  popcnt=1
FAULT R=38446 -> T=38414  offset=-32  xor=0x00020  popcnt=1
FAULT R=38446 -> T=38430  offset=-16  xor=0x00030  popcnt=2
FAULT R=38446 -> T=38440  offset=-6  xor=0x00006  popcnt=2
FAULT R=38446 -> T=38456  offset=+10  xor=0x00016  popcnt=3
FAULT R=38446 -> T=38462  offset=+16  xor=0x00010  popcnt=1
FAULT R=38447 -> T=38409  offset=-38  xor=0x00026  popcnt=3
FAULT R=38447 -> T=38414  offset=-33  xor=0x00021  popcnt=2
FAULT R=38447 -> T=38415  offset=-32  xor=0x00020  popcnt=1
FAULT R=38447 -> T=38425  offset=-22  xor=0x00036  popcnt=4
FAULT R=38447 -> T=38430  offset=-17  xor=0x00031  popcnt=3
FAULT R=38447 -> T=38431  offset=-16  xor=0x00030  popcnt=2
FAULT R=38447 -> T=38440  offset=-7  xor=0x00007  popcnt=3
FAULT R=38447 -> T=38441  offset=-6  xor=0x00006  popcnt=2
FAULT R=38447 -> T=38446  offset=-1  xor=0x00001  popcnt=1
FAULT R=38447 -> T=38456  offset=+9  xor=0x00017  popcnt=4
FAULT R=38447 -> T=38457  offset=+10  xor=0x00016  popcnt=3
FAULT R=38447 -> T=38462  offset=+15  xor=0x00011  popcnt=2
FAULT R=38447 -> T=38463  offset=+16  xor=0x00010  popcnt=1
FAULT R=38448 -> T=38416  offset=-32  xor=0x00020  popcnt=1
FAULT R=38448 -> T=38456  offset=+8  xor=0x00008  popcnt=1
FAULT R=38449 -> T=38416  offset=-33  xor=0x00021  popcnt=2
FAULT R=38449 -> T=38417  offset=-32  xor=0x00020  popcnt=1
FAULT R=38449 -> T=38425  offset=-24  xor=0x00028  popcnt=2
FAULT R=38449 -> T=38448  offset=-1  xor=0x00001  popcnt=1
FAULT R=38449 -> T=38456  offset=+7  xor=0x00009  popcnt=2
FAULT R=38449 -> T=38457  offset=+8  xor=0x00008  popcnt=1
FAULT R=38450 -> T=38416  offset=-34  xor=0x00022  popcnt=2
FAULT R=38450 -> T=38418  offset=-32  xor=0x00020  popcnt=1
FAULT R=38450 -> T=38426  offset=-24  xor=0x00028  popcnt=2
FAULT R=38450 -> T=38448  offset=-2  xor=0x00002  popcnt=1
FAULT R=38450 -> T=38456  offset=+6  xor=0x0000a  popcnt=2
FAULT R=38450 -> T=38458  offset=+8  xor=0x00008  popcnt=1
FAULT R=38451 -> T=38416  offset=-35  xor=0x00023  popcnt=3
FAULT R=38451 -> T=38417  offset=-34  xor=0x00022  popcnt=2
FAULT R=38451 -> T=38418  offset=-33  xor=0x00021  popcnt=2
FAULT R=38451 -> T=38419  offset=-32  xor=0x00020  popcnt=1
FAULT R=38451 -> T=38425  offset=-26  xor=0x0002a  popcnt=3
FAULT R=38451 -> T=38426  offset=-25  xor=0x00029  popcnt=3
FAULT R=38451 -> T=38427  offset=-24  xor=0x00028  popcnt=2
FAULT R=38451 -> T=38448  offset=-3  xor=0x00003  popcnt=2
FAULT R=38451 -> T=38449  offset=-2  xor=0x00002  popcnt=1
FAULT R=38451 -> T=38450  offset=-1  xor=0x00001  popcnt=1
FAULT R=38451 -> T=38456  offset=+5  xor=0x0000b  popcnt=3
FAULT R=38451 -> T=38457  offset=+6  xor=0x0000a  popcnt=2
FAULT R=38451 -> T=38458  offset=+7  xor=0x00009  popcnt=2
FAULT R=38451 -> T=38459  offset=+8  xor=0x00008  popcnt=1
FAULT R=38452 -> T=38416  offset=-36  xor=0x00024  popcnt=2
FAULT R=38452 -> T=38420  offset=-32  xor=0x00020  popcnt=1
FAULT R=38452 -> T=38448  offset=-4  xor=0x00004  popcnt=1
FAULT R=38452 -> T=38456  offset=+4  xor=0x0000c  popcnt=2
FAULT R=38452 -> T=38460  offset=+8  xor=0x00008  popcnt=1
FAULT R=38453 -> T=38416  offset=-37  xor=0x00025  popcnt=3
FAULT R=38453 -> T=38417  offset=-36  xor=0x00024  popcnt=2
FAULT R=38453 -> T=38420  offset=-33  xor=0x00021  popcnt=2
FAULT R=38453 -> T=38421  offset=-32  xor=0x00020  popcnt=1
FAULT R=38453 -> T=38425  offset=-28  xor=0x0002c  popcnt=3
FAULT R=38453 -> T=38429  offset=-24  xor=0x00028  popcnt=2
FAULT R=38453 -> T=38448  offset=-5  xor=0x00005  popcnt=2
FAULT R=38453 -> T=38449  offset=-4  xor=0x00004  popcnt=1
FAULT R=38453 -> T=38452  offset=-1  xor=0x00001  popcnt=1
FAULT R=38453 -> T=38456  offset=+3  xor=0x0000d  popcnt=3
FAULT R=38453 -> T=38457  offset=+4  xor=0x0000c  popcnt=2
FAULT R=38453 -> T=38460  offset=+7  xor=0x00009  popcnt=2
FAULT R=38453 -> T=38461  offset=+8  xor=0x00008  popcnt=1
FAULT R=38454 -> T=38416  offset=-38  xor=0x00026  popcnt=3
FAULT R=38454 -> T=38422  offset=-32  xor=0x00020  popcnt=1
FAULT R=38454 -> T=38430  offset=-24  xor=0x00028  popcnt=2
FAULT R=38454 -> T=38448  offset=-6  xor=0x00006  popcnt=2
FAULT R=38454 -> T=38456  offset=+2  xor=0x0000e  popcnt=3
FAULT R=38454 -> T=38462  offset=+8  xor=0x00008  popcnt=1
FAULT R=38455 -> T=38416  offset=-39  xor=0x00027  popcnt=4
FAULT R=38455 -> T=38417  offset=-38  xor=0x00026  popcnt=3
FAULT R=38455 -> T=38422  offset=-33  xor=0x00021  popcnt=2
FAULT R=38455 -> T=38423  offset=-32  xor=0x00020  popcnt=1
FAULT R=38455 -> T=38425  offset=-30  xor=0x0002e  popcnt=4
FAULT R=38455 -> T=38430  offset=-25  xor=0x00029  popcnt=3
FAULT R=38455 -> T=38431  offset=-24  xor=0x00028  popcnt=2
FAULT R=38455 -> T=38448  offset=-7  xor=0x00007  popcnt=3
FAULT R=38455 -> T=38449  offset=-6  xor=0x00006  popcnt=2
FAULT R=38455 -> T=38454  offset=-1  xor=0x00001  popcnt=1
FAULT R=38455 -> T=38456  offset=+1  xor=0x0000f  popcnt=4
FAULT R=38455 -> T=38457  offset=+2  xor=0x0000e  popcnt=3
FAULT R=38455 -> T=38462  offset=+7  xor=0x00009  popcnt=2
FAULT R=38455 -> T=38463  offset=+8  xor=0x00008  popcnt=1
FAULT R=38457 -> T=38425  offset=-32  xor=0x00020  popcnt=1
FAULT R=38457 -> T=38456  offset=-1  xor=0x00001  popcnt=1
FAULT R=38458 -> T=38426  offset=-32  xor=0x00020  popcnt=1
FAULT R=38458 -> T=38456  offset=-2  xor=0x00002  popcnt=1
FAULT R=38459 -> T=38425  offset=-34  xor=0x00022  popcnt=2
FAULT R=38459 -> T=38426  offset=-33  xor=0x00021  popcnt=2
FAULT R=38459 -> T=38427  offset=-32  xor=0x00020  popcnt=1
FAULT R=38459 -> T=38456  offset=-3  xor=0x00003  popcnt=2
FAULT R=38459 -> T=38457  offset=-2  xor=0x00002  popcnt=1
FAULT R=38459 -> T=38458  offset=-1  xor=0x00001  popcnt=1
FAULT R=38460 -> T=38456  offset=-4  xor=0x00004  popcnt=1
FAULT R=38461 -> T=38425  offset=-36  xor=0x00024  popcnt=2
FAULT R=38461 -> T=38429  offset=-32  xor=0x00020  popcnt=1
FAULT R=38461 -> T=38456  offset=-5  xor=0x00005  popcnt=2
FAULT R=38461 -> T=38457  offset=-4  xor=0x00004  popcnt=1
FAULT R=38461 -> T=38460  offset=-1  xor=0x00001  popcnt=1
FAULT R=38462 -> T=38430  offset=-32  xor=0x00020  popcnt=1
FAULT R=38462 -> T=38456  offset=-6  xor=0x00006  popcnt=2
FAULT R=38463 -> T=38425  offset=-38  xor=0x00026  popcnt=3
FAULT R=38463 -> T=38430  offset=-33  xor=0x00021  popcnt=2
FAULT R=38463 -> T=38431  offset=-32  xor=0x00020  popcnt=1
FAULT R=38463 -> T=38456  offset=-7  xor=0x00007  popcnt=3
FAULT R=38463 -> T=38457  offset=-6  xor=0x00006  popcnt=2
FAULT R=38463 -> T=38462  offset=-1  xor=0x00001  popcnt=1
FAULT R=38464 -> T=38400  offset=-64  xor=0x00040  popcnt=1
FAULT R=38465 -> T=38400  offset=-65  xor=0x00041  popcnt=2
FAULT R=38465 -> T=38401  offset=-64  xor=0x00040  popcnt=1
FAULT R=38465 -> T=38425  offset=-40  xor=0x00058  popcnt=3
FAULT R=38465 -> T=38464  offset=-1  xor=0x00001  popcnt=1
FAULT R=38465 -> T=38489  offset=+24  xor=0x00018  popcnt=2
FAULT R=38466 -> T=38400  offset=-66  xor=0x00042  popcnt=2
FAULT R=38466 -> T=38402  offset=-64  xor=0x00040  popcnt=1
FAULT R=38466 -> T=38426  offset=-40  xor=0x00058  popcnt=3
FAULT R=38466 -> T=38464  offset=-2  xor=0x00002  popcnt=1
FAULT R=38466 -> T=38490  offset=+24  xor=0x00018  popcnt=2
FAULT R=38467 -> T=38400  offset=-67  xor=0x00043  popcnt=3
FAULT R=38467 -> T=38401  offset=-66  xor=0x00042  popcnt=2
FAULT R=38467 -> T=38402  offset=-65  xor=0x00041  popcnt=2
FAULT R=38467 -> T=38403  offset=-64  xor=0x00040  popcnt=1
FAULT R=38467 -> T=38425  offset=-42  xor=0x0005a  popcnt=4
FAULT R=38467 -> T=38426  offset=-41  xor=0x00059  popcnt=4
FAULT R=38467 -> T=38427  offset=-40  xor=0x00058  popcnt=3
FAULT R=38467 -> T=38464  offset=-3  xor=0x00003  popcnt=2
FAULT R=38467 -> T=38465  offset=-2  xor=0x00002  popcnt=1
FAULT R=38467 -> T=38466  offset=-1  xor=0x00001  popcnt=1
FAULT R=38467 -> T=38489  offset=+22  xor=0x0001a  popcnt=3
FAULT R=38467 -> T=38490  offset=+23  xor=0x00019  popcnt=3
FAULT R=38467 -> T=38491  offset=+24  xor=0x00018  popcnt=2
FAULT R=38468 -> T=38400  offset=-68  xor=0x00044  popcnt=2
FAULT R=38468 -> T=38404  offset=-64  xor=0x00040  popcnt=1
FAULT R=38468 -> T=38464  offset=-4  xor=0x00004  popcnt=1
FAULT R=38469 -> T=38400  offset=-69  xor=0x00045  popcnt=3
FAULT R=38469 -> T=38401  offset=-68  xor=0x00044  popcnt=2
FAULT R=38469 -> T=38404  offset=-65  xor=0x00041  popcnt=2
FAULT R=38469 -> T=38405  offset=-64  xor=0x00040  popcnt=1
FAULT R=38469 -> T=38425  offset=-44  xor=0x0005c  popcnt=4
FAULT R=38469 -> T=38429  offset=-40  xor=0x00058  popcnt=3
FAULT R=38469 -> T=38464  offset=-5  xor=0x00005  popcnt=2
FAULT R=38469 -> T=38465  offset=-4  xor=0x00004  popcnt=1
FAULT R=38469 -> T=38468  offset=-1  xor=0x00001  popcnt=1
FAULT R=38469 -> T=38489  offset=+20  xor=0x0001c  popcnt=3
FAULT R=38469 -> T=38493  offset=+24  xor=0x00018  popcnt=2
FAULT R=38470 -> T=38400  offset=-70  xor=0x00046  popcnt=3
FAULT R=38470 -> T=38406  offset=-64  xor=0x00040  popcnt=1
FAULT R=38470 -> T=38430  offset=-40  xor=0x00058  popcnt=3
FAULT R=38470 -> T=38464  offset=-6  xor=0x00006  popcnt=2
FAULT R=38470 -> T=38494  offset=+24  xor=0x00018  popcnt=2
FAULT R=38471 -> T=38400  offset=-71  xor=0x00047  popcnt=4
FAULT R=38471 -> T=38401  offset=-70  xor=0x00046  popcnt=3
FAULT R=38471 -> T=38406  offset=-65  xor=0x00041  popcnt=2
FAULT R=38471 -> T=38407  offset=-64  xor=0x00040  popcnt=1
FAULT R=38471 -> T=38425  offset=-46  xor=0x0005e  popcnt=5
FAULT R=38471 -> T=38430  offset=-41  xor=0x00059  popcnt=4
FAULT R=38471 -> T=38431  offset=-40  xor=0x00058  popcnt=3
FAULT R=38471 -> T=38464  offset=-7  xor=0x00007  popcnt=3
FAULT R=38471 -> T=38465  offset=-6  xor=0x00006  popcnt=2
FAULT R=38471 -> T=38470  offset=-1  xor=0x00001  popcnt=1
FAULT R=38471 -> T=38489  offset=+18  xor=0x0001e  popcnt=4
FAULT R=38471 -> T=38494  offset=+23  xor=0x00019  popcnt=3
FAULT R=38471 -> T=38495  offset=+24  xor=0x00018  popcnt=2
FAULT R=38473 -> T=38409  offset=-64  xor=0x00040  popcnt=1
FAULT R=38473 -> T=38425  offset=-48  xor=0x00050  popcnt=2
FAULT R=38473 -> T=38489  offset=+16  xor=0x00010  popcnt=1
FAULT R=38474 -> T=38410  offset=-64  xor=0x00040  popcnt=1
FAULT R=38474 -> T=38426  offset=-48  xor=0x00050  popcnt=2
FAULT R=38474 -> T=38490  offset=+16  xor=0x00010  popcnt=1
FAULT R=38475 -> T=38409  offset=-66  xor=0x00042  popcnt=2
FAULT R=38475 -> T=38410  offset=-65  xor=0x00041  popcnt=2
FAULT R=38475 -> T=38411  offset=-64  xor=0x00040  popcnt=1
FAULT R=38475 -> T=38425  offset=-50  xor=0x00052  popcnt=3
FAULT R=38475 -> T=38426  offset=-49  xor=0x00051  popcnt=3
FAULT R=38475 -> T=38427  offset=-48  xor=0x00050  popcnt=2
FAULT R=38475 -> T=38473  offset=-2  xor=0x00002  popcnt=1
FAULT R=38475 -> T=38474  offset=-1  xor=0x00001  popcnt=1
FAULT R=38475 -> T=38489  offset=+14  xor=0x00012  popcnt=2
FAULT R=38475 -> T=38490  offset=+15  xor=0x00011  popcnt=2
FAULT R=38475 -> T=38491  offset=+16  xor=0x00010  popcnt=1
FAULT R=38477 -> T=38409  offset=-68  xor=0x00044  popcnt=2
FAULT R=38477 -> T=38413  offset=-64  xor=0x00040  popcnt=1
FAULT R=38477 -> T=38425  offset=-52  xor=0x00054  popcnt=3
FAULT R=38477 -> T=38429  offset=-48  xor=0x00050  popcnt=2
FAULT R=38477 -> T=38473  offset=-4  xor=0x00004  popcnt=1
FAULT R=38477 -> T=38489  offset=+12  xor=0x00014  popcnt=2
FAULT R=38477 -> T=38493  offset=+16  xor=0x00010  popcnt=1
FAULT R=38478 -> T=38414  offset=-64  xor=0x00040  popcnt=1
FAULT R=38478 -> T=38430  offset=-48  xor=0x00050  popcnt=2
FAULT R=38478 -> T=38494  offset=+16  xor=0x00010  popcnt=1
FAULT R=38479 -> T=38409  offset=-70  xor=0x00046  popcnt=3
FAULT R=38479 -> T=38414  offset=-65  xor=0x00041  popcnt=2
FAULT R=38479 -> T=38415  offset=-64  xor=0x00040  popcnt=1
FAULT R=38479 -> T=38425  offset=-54  xor=0x00056  popcnt=4
FAULT R=38479 -> T=38430  offset=-49  xor=0x00051  popcnt=3
FAULT R=38479 -> T=38431  offset=-48  xor=0x00050  popcnt=2
FAULT R=38479 -> T=38473  offset=-6  xor=0x00006  popcnt=2
FAULT R=38479 -> T=38478  offset=-1  xor=0x00001  popcnt=1
FAULT R=38479 -> T=38489  offset=+10  xor=0x00016  popcnt=3
FAULT R=38479 -> T=38494  offset=+15  xor=0x00011  popcnt=2
FAULT R=38479 -> T=38495  offset=+16  xor=0x00010  popcnt=1
FAULT R=38480 -> T=38416  offset=-64  xor=0x00040  popcnt=1
FAULT R=38481 -> T=38416  offset=-65  xor=0x00041  popcnt=2
FAULT R=38481 -> T=38417  offset=-64  xor=0x00040  popcnt=1
FAULT R=38481 -> T=38425  offset=-56  xor=0x00048  popcnt=2
FAULT R=38481 -> T=38480  offset=-1  xor=0x00001  popcnt=1
FAULT R=38481 -> T=38489  offset=+8  xor=0x00008  popcnt=1
FAULT R=38482 -> T=38416  offset=-66  xor=0x00042  popcnt=2
FAULT R=38482 -> T=38418  offset=-64  xor=0x00040  popcnt=1
FAULT R=38482 -> T=38426  offset=-56  xor=0x00048  popcnt=2
FAULT R=38482 -> T=38480  offset=-2  xor=0x00002  popcnt=1
FAULT R=38482 -> T=38490  offset=+8  xor=0x00008  popcnt=1
FAULT R=38483 -> T=38416  offset=-67  xor=0x00043  popcnt=3
FAULT R=38483 -> T=38417  offset=-66  xor=0x00042  popcnt=2
FAULT R=38483 -> T=38418  offset=-65  xor=0x00041  popcnt=2
FAULT R=38483 -> T=38419  offset=-64  xor=0x00040  popcnt=1
FAULT R=38483 -> T=38425  offset=-58  xor=0x0004a  popcnt=3
FAULT R=38483 -> T=38426  offset=-57  xor=0x00049  popcnt=3
FAULT R=38483 -> T=38427  offset=-56  xor=0x00048  popcnt=2
FAULT R=38483 -> T=38480  offset=-3  xor=0x00003  popcnt=2
FAULT R=38483 -> T=38481  offset=-2  xor=0x00002  popcnt=1
FAULT R=38483 -> T=38482  offset=-1  xor=0x00001  popcnt=1
FAULT R=38483 -> T=38489  offset=+6  xor=0x0000a  popcnt=2
FAULT R=38483 -> T=38490  offset=+7  xor=0x00009  popcnt=2
FAULT R=38483 -> T=38491  offset=+8  xor=0x00008  popcnt=1
FAULT R=38484 -> T=38416  offset=-68  xor=0x00044  popcnt=2
FAULT R=38484 -> T=38420  offset=-64  xor=0x00040  popcnt=1
FAULT R=38484 -> T=38480  offset=-4  xor=0x00004  popcnt=1
FAULT R=38485 -> T=38416  offset=-69  xor=0x00045  popcnt=3
FAULT R=38485 -> T=38417  offset=-68  xor=0x00044  popcnt=2
FAULT R=38485 -> T=38420  offset=-65  xor=0x00041  popcnt=2
FAULT R=38485 -> T=38421  offset=-64  xor=0x00040  popcnt=1
FAULT R=38485 -> T=38425  offset=-60  xor=0x0004c  popcnt=3
FAULT R=38485 -> T=38429  offset=-56  xor=0x00048  popcnt=2
FAULT R=38485 -> T=38480  offset=-5  xor=0x00005  popcnt=2
FAULT R=38485 -> T=38481  offset=-4  xor=0x00004  popcnt=1
FAULT R=38485 -> T=38484  offset=-1  xor=0x00001  popcnt=1
FAULT R=38485 -> T=38489  offset=+4  xor=0x0000c  popcnt=2
FAULT R=38485 -> T=38493  offset=+8  xor=0x00008  popcnt=1
FAULT R=38486 -> T=38416  offset=-70  xor=0x00046  popcnt=3
FAULT R=38486 -> T=38422  offset=-64  xor=0x00040  popcnt=1
FAULT R=38486 -> T=38430  offset=-56  xor=0x00048  popcnt=2
FAULT R=38486 -> T=38480  offset=-6  xor=0x00006  popcnt=2
FAULT R=38486 -> T=38494  offset=+8  xor=0x00008  popcnt=1
FAULT R=38487 -> T=38416  offset=-71  xor=0x00047  popcnt=4
FAULT R=38487 -> T=38417  offset=-70  xor=0x00046  popcnt=3
FAULT R=38487 -> T=38422  offset=-65  xor=0x00041  popcnt=2
FAULT R=38487 -> T=38423  offset=-64  xor=0x00040  popcnt=1
FAULT R=38487 -> T=38425  offset=-62  xor=0x0004e  popcnt=4
FAULT R=38487 -> T=38430  offset=-57  xor=0x00049  popcnt=3
FAULT R=38487 -> T=38431  offset=-56  xor=0x00048  popcnt=2
FAULT R=38487 -> T=38480  offset=-7  xor=0x00007  popcnt=3
FAULT R=38487 -> T=38481  offset=-6  xor=0x00006  popcnt=2
FAULT R=38487 -> T=38486  offset=-1  xor=0x00001  popcnt=1
FAULT R=38487 -> T=38489  offset=+2  xor=0x0000e  popcnt=3
FAULT R=38487 -> T=38494  offset=+7  xor=0x00009  popcnt=2
FAULT R=38487 -> T=38495  offset=+8  xor=0x00008  popcnt=1
FAULT R=38489 -> T=38425  offset=-64  xor=0x00040  popcnt=1
FAULT R=38490 -> T=38426  offset=-64  xor=0x00040  popcnt=1
FAULT R=38491 -> T=38425  offset=-66  xor=0x00042  popcnt=2
FAULT R=38491 -> T=38426  offset=-65  xor=0x00041  popcnt=2
FAULT R=38491 -> T=38427  offset=-64  xor=0x00040  popcnt=1
FAULT R=38491 -> T=38489  offset=-2  xor=0x00002  popcnt=1
FAULT R=38491 -> T=38490  offset=-1  xor=0x00001  popcnt=1
FAULT R=38493 -> T=38425  offset=-68  xor=0x00044  popcnt=2
FAULT R=38493 -> T=38429  offset=-64  xor=0x00040  popcnt=1
FAULT R=38493 -> T=38489  offset=-4  xor=0x00004  popcnt=1
FAULT R=38494 -> T=38430  offset=-64  xor=0x00040  popcnt=1
FAULT R=38495 -> T=38425  offset=-70  xor=0x00046  popcnt=3
FAULT R=38495 -> T=38430  offset=-65  xor=0x00041  popcnt=2
FAULT R=38495 -> T=38431  offset=-64  xor=0x00040  popcnt=1
FAULT R=38495 -> T=38489  offset=-6  xor=0x00006  popcnt=2
FAULT R=38495 -> T=38494  offset=-1  xor=0x00001  popcnt=1
FAULT R=38496 -> T=38400  offset=-96  xor=0x00060  popcnt=2
FAULT R=38496 -> T=38520  offset=+24  xor=0x00018  popcnt=2
FAULT R=38497 -> T=38400  offset=-97  xor=0x00061  popcnt=3
FAULT R=38497 -> T=38401  offset=-96  xor=0x00060  popcnt=2
FAULT R=38497 -> T=38425  offset=-72  xor=0x00078  popcnt=4
FAULT R=38497 -> T=38496  offset=-1  xor=0x00001  popcnt=1
FAULT R=38497 -> T=38520  offset=+23  xor=0x00019  popcnt=3
FAULT R=38497 -> T=38521  offset=+24  xor=0x00018  popcnt=2
FAULT R=38498 -> T=38400  offset=-98  xor=0x00062  popcnt=3
FAULT R=38498 -> T=38402  offset=-96  xor=0x00060  popcnt=2
FAULT R=38498 -> T=38426  offset=-72  xor=0x00078  popcnt=4
FAULT R=38498 -> T=38496  offset=-2  xor=0x00002  popcnt=1
FAULT R=38498 -> T=38520  offset=+22  xor=0x0001a  popcnt=3
FAULT R=38498 -> T=38522  offset=+24  xor=0x00018  popcnt=2
FAULT R=38499 -> T=38400  offset=-99  xor=0x00063  popcnt=4
FAULT R=38499 -> T=38401  offset=-98  xor=0x00062  popcnt=3
FAULT R=38499 -> T=38402  offset=-97  xor=0x00061  popcnt=3
FAULT R=38499 -> T=38403  offset=-96  xor=0x00060  popcnt=2
FAULT R=38499 -> T=38425  offset=-74  xor=0x0007a  popcnt=5
FAULT R=38499 -> T=38426  offset=-73  xor=0x00079  popcnt=5
FAULT R=38499 -> T=38427  offset=-72  xor=0x00078  popcnt=4
FAULT R=38499 -> T=38496  offset=-3  xor=0x00003  popcnt=2
FAULT R=38499 -> T=38497  offset=-2  xor=0x00002  popcnt=1
FAULT R=38499 -> T=38498  offset=-1  xor=0x00001  popcnt=1
FAULT R=38499 -> T=38520  offset=+21  xor=0x0001b  popcnt=4
FAULT R=38499 -> T=38521  offset=+22  xor=0x0001a  popcnt=3
FAULT R=38499 -> T=38522  offset=+23  xor=0x00019  popcnt=3
FAULT R=38499 -> T=38523  offset=+24  xor=0x00018  popcnt=2
FAULT R=38500 -> T=38400  offset=-100  xor=0x00064  popcnt=3
FAULT R=38500 -> T=38404  offset=-96  xor=0x00060  popcnt=2
FAULT R=38500 -> T=38496  offset=-4  xor=0x00004  popcnt=1
FAULT R=38500 -> T=38520  offset=+20  xor=0x0001c  popcnt=3
FAULT R=38500 -> T=38524  offset=+24  xor=0x00018  popcnt=2
FAULT R=38501 -> T=38400  offset=-101  xor=0x00065  popcnt=4
FAULT R=38501 -> T=38401  offset=-100  xor=0x00064  popcnt=3
FAULT R=38501 -> T=38404  offset=-97  xor=0x00061  popcnt=3
FAULT R=38501 -> T=38405  offset=-96  xor=0x00060  popcnt=2
FAULT R=38501 -> T=38425  offset=-76  xor=0x0007c  popcnt=5
FAULT R=38501 -> T=38429  offset=-72  xor=0x00078  popcnt=4
FAULT R=38501 -> T=38496  offset=-5  xor=0x00005  popcnt=2
FAULT R=38501 -> T=38497  offset=-4  xor=0x00004  popcnt=1
FAULT R=38501 -> T=38500  offset=-1  xor=0x00001  popcnt=1
FAULT R=38501 -> T=38520  offset=+19  xor=0x0001d  popcnt=4
FAULT R=38501 -> T=38521  offset=+20  xor=0x0001c  popcnt=3
FAULT R=38501 -> T=38524  offset=+23  xor=0x00019  popcnt=3
FAULT R=38501 -> T=38525  offset=+24  xor=0x00018  popcnt=2
FAULT R=38502 -> T=38400  offset=-102  xor=0x00066  popcnt=4
FAULT R=38502 -> T=38406  offset=-96  xor=0x00060  popcnt=2
FAULT R=38502 -> T=38430  offset=-72  xor=0x00078  popcnt=4
FAULT R=38502 -> T=38496  offset=-6  xor=0x00006  popcnt=2
FAULT R=38502 -> T=38520  offset=+18  xor=0x0001e  popcnt=4
FAULT R=38502 -> T=38526  offset=+24  xor=0x00018  popcnt=2
FAULT R=38503 -> T=38400  offset=-103  xor=0x00067  popcnt=5
FAULT R=38503 -> T=38401  offset=-102  xor=0x00066  popcnt=4
FAULT R=38503 -> T=38406  offset=-97  xor=0x00061  popcnt=3
FAULT R=38503 -> T=38407  offset=-96  xor=0x00060  popcnt=2
FAULT R=38503 -> T=38425  offset=-78  xor=0x0007e  popcnt=6
FAULT R=38503 -> T=38430  offset=-73  xor=0x00079  popcnt=5
FAULT R=38503 -> T=38431  offset=-72  xor=0x00078  popcnt=4
FAULT R=38503 -> T=38496  offset=-7  xor=0x00007  popcnt=3
FAULT R=38503 -> T=38497  offset=-6  xor=0x00006  popcnt=2
FAULT R=38503 -> T=38502  offset=-1  xor=0x00001  popcnt=1
FAULT R=38503 -> T=38520  offset=+17  xor=0x0001f  popcnt=5
FAULT R=38503 -> T=38521  offset=+18  xor=0x0001e  popcnt=4
FAULT R=38503 -> T=38526  offset=+23  xor=0x00019  popcnt=3
FAULT R=38503 -> T=38527  offset=+24  xor=0x00018  popcnt=2
FAULT R=38504 -> T=38520  offset=+16  xor=0x00010  popcnt=1
FAULT R=38505 -> T=38409  offset=-96  xor=0x00060  popcnt=2
FAULT R=38505 -> T=38425  offset=-80  xor=0x00070  popcnt=3
FAULT R=38505 -> T=38504  offset=-1  xor=0x00001  popcnt=1
FAULT R=38505 -> T=38520  offset=+15  xor=0x00011  popcnt=2
FAULT R=38505 -> T=38521  offset=+16  xor=0x00010  popcnt=1
FAULT R=38506 -> T=38410  offset=-96  xor=0x00060  popcnt=2
FAULT R=38506 -> T=38426  offset=-80  xor=0x00070  popcnt=3
FAULT R=38506 -> T=38504  offset=-2  xor=0x00002  popcnt=1
FAULT R=38506 -> T=38520  offset=+14  xor=0x00012  popcnt=2
FAULT R=38506 -> T=38522  offset=+16  xor=0x00010  popcnt=1
FAULT R=38507 -> T=38409  offset=-98  xor=0x00062  popcnt=3
FAULT R=38507 -> T=38410  offset=-97  xor=0x00061  popcnt=3
FAULT R=38507 -> T=38411  offset=-96  xor=0x00060  popcnt=2
FAULT R=38507 -> T=38425  offset=-82  xor=0x00072  popcnt=4
FAULT R=38507 -> T=38426  offset=-81  xor=0x00071  popcnt=4
FAULT R=38507 -> T=38427  offset=-80  xor=0x00070  popcnt=3
FAULT R=38507 -> T=38504  offset=-3  xor=0x00003  popcnt=2
FAULT R=38507 -> T=38505  offset=-2  xor=0x00002  popcnt=1
FAULT R=38507 -> T=38506  offset=-1  xor=0x00001  popcnt=1
FAULT R=38507 -> T=38520  offset=+13  xor=0x00013  popcnt=3
FAULT R=38507 -> T=38521  offset=+14  xor=0x00012  popcnt=2
FAULT R=38507 -> T=38522  offset=+15  xor=0x00011  popcnt=2
FAULT R=38507 -> T=38523  offset=+16  xor=0x00010  popcnt=1
FAULT R=38508 -> T=38504  offset=-4  xor=0x00004  popcnt=1
FAULT R=38508 -> T=38520  offset=+12  xor=0x00014  popcnt=2
FAULT R=38508 -> T=38524  offset=+16  xor=0x00010  popcnt=1
FAULT R=38509 -> T=38409  offset=-100  xor=0x00064  popcnt=3
FAULT R=38509 -> T=38413  offset=-96  xor=0x00060  popcnt=2
FAULT R=38509 -> T=38425  offset=-84  xor=0x00074  popcnt=4
FAULT R=38509 -> T=38429  offset=-80  xor=0x00070  popcnt=3
FAULT R=38509 -> T=38504  offset=-5  xor=0x00005  popcnt=2
FAULT R=38509 -> T=38505  offset=-4  xor=0x00004  popcnt=1
FAULT R=38509 -> T=38508  offset=-1  xor=0x00001  popcnt=1
FAULT R=38509 -> T=38520  offset=+11  xor=0x00015  popcnt=3
FAULT R=38509 -> T=38521  offset=+12  xor=0x00014  popcnt=2
FAULT R=38509 -> T=38524  offset=+15  xor=0x00011  popcnt=2
FAULT R=38509 -> T=38525  offset=+16  xor=0x00010  popcnt=1
FAULT R=38510 -> T=38414  offset=-96  xor=0x00060  popcnt=2
FAULT R=38510 -> T=38430  offset=-80  xor=0x00070  popcnt=3
FAULT R=38510 -> T=38504  offset=-6  xor=0x00006  popcnt=2
FAULT R=38510 -> T=38520  offset=+10  xor=0x00016  popcnt=3
FAULT R=38510 -> T=38526  offset=+16  xor=0x00010  popcnt=1
FAULT R=38511 -> T=38409  offset=-102  xor=0x00066  popcnt=4
FAULT R=38511 -> T=38414  offset=-97  xor=0x00061  popcnt=3
FAULT R=38511 -> T=38415  offset=-96  xor=0x00060  popcnt=2
FAULT R=38511 -> T=38425  offset=-86  xor=0x00076  popcnt=5
FAULT R=38511 -> T=38430  offset=-81  xor=0x00071  popcnt=4
FAULT R=38511 -> T=38431  offset=-80  xor=0x00070  popcnt=3
FAULT R=38511 -> T=38504  offset=-7  xor=0x00007  popcnt=3
FAULT R=38511 -> T=38505  offset=-6  xor=0x00006  popcnt=2
FAULT R=38511 -> T=38510  offset=-1  xor=0x00001  popcnt=1
FAULT R=38511 -> T=38520  offset=+9  xor=0x00017  popcnt=4
FAULT R=38511 -> T=38521  offset=+10  xor=0x00016  popcnt=3
FAULT R=38511 -> T=38526  offset=+15  xor=0x00011  popcnt=2
FAULT R=38511 -> T=38527  offset=+16  xor=0x00010  popcnt=1
FAULT R=38512 -> T=38416  offset=-96  xor=0x00060  popcnt=2
FAULT R=38512 -> T=38520  offset=+8  xor=0x00008  popcnt=1
FAULT R=38513 -> T=38416  offset=-97  xor=0x00061  popcnt=3
FAULT R=38513 -> T=38417  offset=-96  xor=0x00060  popcnt=2
FAULT R=38513 -> T=38425  offset=-88  xor=0x00068  popcnt=3
FAULT R=38513 -> T=38512  offset=-1  xor=0x00001  popcnt=1
FAULT R=38513 -> T=38520  offset=+7  xor=0x00009  popcnt=2
FAULT R=38513 -> T=38521  offset=+8  xor=0x00008  popcnt=1
FAULT R=38514 -> T=38416  offset=-98  xor=0x00062  popcnt=3
FAULT R=38514 -> T=38418  offset=-96  xor=0x00060  popcnt=2
FAULT R=38514 -> T=38426  offset=-88  xor=0x00068  popcnt=3
FAULT R=38514 -> T=38512  offset=-2  xor=0x00002  popcnt=1
FAULT R=38514 -> T=38520  offset=+6  xor=0x0000a  popcnt=2
FAULT R=38514 -> T=38522  offset=+8  xor=0x00008  popcnt=1
FAULT R=38515 -> T=38416  offset=-99  xor=0x00063  popcnt=4
FAULT R=38515 -> T=38417  offset=-98  xor=0x00062  popcnt=3
FAULT R=38515 -> T=38418  offset=-97  xor=0x00061  popcnt=3
FAULT R=38515 -> T=38419  offset=-96  xor=0x00060  popcnt=2
FAULT R=38515 -> T=38425  offset=-90  xor=0x0006a  popcnt=4
FAULT R=38515 -> T=38426  offset=-89  xor=0x00069  popcnt=4
FAULT R=38515 -> T=38427  offset=-88  xor=0x00068  popcnt=3
FAULT R=38515 -> T=38512  offset=-3  xor=0x00003  popcnt=2
FAULT R=38515 -> T=38513  offset=-2  xor=0x00002  popcnt=1
FAULT R=38515 -> T=38514  offset=-1  xor=0x00001  popcnt=1
FAULT R=38515 -> T=38520  offset=+5  xor=0x0000b  popcnt=3
FAULT R=38515 -> T=38521  offset=+6  xor=0x0000a  popcnt=2
FAULT R=38515 -> T=38522  offset=+7  xor=0x00009  popcnt=2
FAULT R=38515 -> T=38523  offset=+8  xor=0x00008  popcnt=1
FAULT R=38516 -> T=38416  offset=-100  xor=0x00064  popcnt=3
FAULT R=38516 -> T=38420  offset=-96  xor=0x00060  popcnt=2
FAULT R=38516 -> T=38512  offset=-4  xor=0x00004  popcnt=1
FAULT R=38516 -> T=38520  offset=+4  xor=0x0000c  popcnt=2
FAULT R=38516 -> T=38524  offset=+8  xor=0x00008  popcnt=1
FAULT R=38517 -> T=38416  offset=-101  xor=0x00065  popcnt=4
FAULT R=38517 -> T=38417  offset=-100  xor=0x00064  popcnt=3
FAULT R=38517 -> T=38420  offset=-97  xor=0x00061  popcnt=3
FAULT R=38517 -> T=38421  offset=-96  xor=0x00060  popcnt=2
FAULT R=38517 -> T=38425  offset=-92  xor=0x0006c  popcnt=4
FAULT R=38517 -> T=38429  offset=-88  xor=0x00068  popcnt=3
FAULT R=38517 -> T=38512  offset=-5  xor=0x00005  popcnt=2
FAULT R=38517 -> T=38513  offset=-4  xor=0x00004  popcnt=1
FAULT R=38517 -> T=38516  offset=-1  xor=0x00001  popcnt=1
FAULT R=38517 -> T=38520  offset=+3  xor=0x0000d  popcnt=3
FAULT R=38517 -> T=38521  offset=+4  xor=0x0000c  popcnt=2
FAULT R=38517 -> T=38524  offset=+7  xor=0x00009  popcnt=2
FAULT R=38517 -> T=38525  offset=+8  xor=0x00008  popcnt=1
FAULT R=38518 -> T=38416  offset=-102  xor=0x00066  popcnt=4
FAULT R=38518 -> T=38422  offset=-96  xor=0x00060  popcnt=2
FAULT R=38518 -> T=38430  offset=-88  xor=0x00068  popcnt=3
FAULT R=38518 -> T=38512  offset=-6  xor=0x00006  popcnt=2
FAULT R=38518 -> T=38520  offset=+2  xor=0x0000e  popcnt=3
FAULT R=38518 -> T=38526  offset=+8  xor=0x00008  popcnt=1
FAULT R=38519 -> T=38416  offset=-103  xor=0x00067  popcnt=5
FAULT R=38519 -> T=38417  offset=-102  xor=0x00066  popcnt=4
FAULT R=38519 -> T=38422  offset=-97  xor=0x00061  popcnt=3
FAULT R=38519 -> T=38423  offset=-96  xor=0x00060  popcnt=2
FAULT R=38519 -> T=38425  offset=-94  xor=0x0006e  popcnt=5
FAULT R=38519 -> T=38430  offset=-89  xor=0x00069  popcnt=4
FAULT R=38519 -> T=38431  offset=-88  xor=0x00068  popcnt=3
FAULT R=38519 -> T=38512  offset=-7  xor=0x00007  popcnt=3
FAULT R=38519 -> T=38513  offset=-6  xor=0x00006  popcnt=2
FAULT R=38519 -> T=38518  offset=-1  xor=0x00001  popcnt=1
FAULT R=38519 -> T=38520  offset=+1  xor=0x0000f  popcnt=4
FAULT R=38519 -> T=38521  offset=+2  xor=0x0000e  popcnt=3
FAULT R=38519 -> T=38526  offset=+7  xor=0x00009  popcnt=2
FAULT R=38519 -> T=38527  offset=+8  xor=0x00008  popcnt=1
FAULT R=38521 -> T=38425  offset=-96  xor=0x00060  popcnt=2
FAULT R=38521 -> T=38520  offset=-1  xor=0x00001  popcnt=1
FAULT R=38522 -> T=38426  offset=-96  xor=0x00060  popcnt=2
FAULT R=38522 -> T=38520  offset=-2  xor=0x00002  popcnt=1
FAULT R=38523 -> T=38425  offset=-98  xor=0x00062  popcnt=3
FAULT R=38523 -> T=38426  offset=-97  xor=0x00061  popcnt=3
FAULT R=38523 -> T=38427  offset=-96  xor=0x00060  popcnt=2
FAULT R=38523 -> T=38520  offset=-3  xor=0x00003  popcnt=2
FAULT R=38523 -> T=38521  offset=-2  xor=0x00002  popcnt=1
FAULT R=38523 -> T=38522  offset=-1  xor=0x00001  popcnt=1
FAULT R=38524 -> T=38520  offset=-4  xor=0x00004  popcnt=1
FAULT R=38525 -> T=38425  offset=-100  xor=0x00064  popcnt=3
FAULT R=38525 -> T=38429  offset=-96  xor=0x00060  popcnt=2
FAULT R=38525 -> T=38520  offset=-5  xor=0x00005  popcnt=2
FAULT R=38525 -> T=38521  offset=-4  xor=0x00004  popcnt=1
FAULT R=38525 -> T=38524  offset=-1  xor=0x00001  popcnt=1
FAULT R=38526 -> T=38430  offset=-96  xor=0x00060  popcnt=2
FAULT R=38526 -> T=38520  offset=-6  xor=0x00006  popcnt=2
FAULT R=38527 -> T=38425  offset=-102  xor=0x00066  popcnt=4
FAULT R=38527 -> T=38430  offset=-97  xor=0x00061  popcnt=3
FAULT R=38527 -> T=38431  offset=-96  xor=0x00060  popcnt=2
FAULT R=38527 -> T=38520  offset=-7  xor=0x00007  popcnt=3
FAULT R=38527 -> T=38521  offset=-6  xor=0x00006  popcnt=2
FAULT R=38527 -> T=38526  offset=-1  xor=0x00001  popcnt=1
FAULT R=38528 -> T=38400  offset=-128  xor=0x00080  popcnt=1
FAULT R=38528 -> T=38552  offset=+24  xor=0x00018  popcnt=2
FAULT R=38529 -> T=38400  offset=-129  xor=0x00081  popcnt=2
FAULT R=38529 -> T=38401  offset=-128  xor=0x00080  popcnt=1
FAULT R=38529 -> T=38425  offset=-104  xor=0x00098  popcnt=3
FAULT R=38529 -> T=38528  offset=-1  xor=0x00001  popcnt=1
FAULT R=38529 -> T=38552  offset=+23  xor=0x00019  popcnt=3
FAULT R=38529 -> T=38553  offset=+24  xor=0x00018  popcnt=2
FAULT R=38530 -> T=38400  offset=-130  xor=0x00082  popcnt=2
FAULT R=38530 -> T=38402  offset=-128  xor=0x00080  popcnt=1
FAULT R=38530 -> T=38426  offset=-104  xor=0x00098  popcnt=3
FAULT R=38530 -> T=38528  offset=-2  xor=0x00002  popcnt=1
FAULT R=38530 -> T=38552  offset=+22  xor=0x0001a  popcnt=3
FAULT R=38530 -> T=38554  offset=+24  xor=0x00018  popcnt=2
FAULT R=38531 -> T=38400  offset=-131  xor=0x00083  popcnt=3
FAULT R=38531 -> T=38401  offset=-130  xor=0x00082  popcnt=2
FAULT R=38531 -> T=38402  offset=-129  xor=0x00081  popcnt=2
FAULT R=38531 -> T=38403  offset=-128  xor=0x00080  popcnt=1
FAULT R=38531 -> T=38425  offset=-106  xor=0x0009a  popcnt=4
FAULT R=38531 -> T=38426  offset=-105  xor=0x00099  popcnt=4
FAULT R=38531 -> T=38427  offset=-104  xor=0x00098  popcnt=3
FAULT R=38531 -> T=38528  offset=-3  xor=0x00003  popcnt=2
FAULT R=38531 -> T=38529  offset=-2  xor=0x00002  popcnt=1
FAULT R=38531 -> T=38530  offset=-1  xor=0x00001  popcnt=1
FAULT R=38531 -> T=38552  offset=+21  xor=0x0001b  popcnt=4
FAULT R=38531 -> T=38553  offset=+22  xor=0x0001a  popcnt=3
FAULT R=38531 -> T=38554  offset=+23  xor=0x00019  popcnt=3
FAULT R=38531 -> T=38555  offset=+24  xor=0x00018  popcnt=2
FAULT R=38532 -> T=38400  offset=-132  xor=0x00084  popcnt=2
FAULT R=38532 -> T=38404  offset=-128  xor=0x00080  popcnt=1
FAULT R=38532 -> T=38528  offset=-4  xor=0x00004  popcnt=1
FAULT R=38532 -> T=38552  offset=+20  xor=0x0001c  popcnt=3
FAULT R=38532 -> T=38556  offset=+24  xor=0x00018  popcnt=2
FAULT R=38533 -> T=38400  offset=-133  xor=0x00085  popcnt=3
FAULT R=38533 -> T=38401  offset=-132  xor=0x00084  popcnt=2
FAULT R=38533 -> T=38404  offset=-129  xor=0x00081  popcnt=2
FAULT R=38533 -> T=38405  offset=-128  xor=0x00080  popcnt=1
FAULT R=38533 -> T=38425  offset=-108  xor=0x0009c  popcnt=4
FAULT R=38533 -> T=38429  offset=-104  xor=0x00098  popcnt=3
FAULT R=38533 -> T=38528  offset=-5  xor=0x00005  popcnt=2
FAULT R=38533 -> T=38529  offset=-4  xor=0x00004  popcnt=1
FAULT R=38533 -> T=38532  offset=-1  xor=0x00001  popcnt=1
FAULT R=38533 -> T=38552  offset=+19  xor=0x0001d  popcnt=4
FAULT R=38533 -> T=38553  offset=+20  xor=0x0001c  popcnt=3
FAULT R=38533 -> T=38556  offset=+23  xor=0x00019  popcnt=3
FAULT R=38533 -> T=38557  offset=+24  xor=0x00018  popcnt=2
FAULT R=38534 -> T=38400  offset=-134  xor=0x00086  popcnt=3
FAULT R=38534 -> T=38406  offset=-128  xor=0x00080  popcnt=1
FAULT R=38534 -> T=38430  offset=-104  xor=0x00098  popcnt=3
FAULT R=38534 -> T=38528  offset=-6  xor=0x00006  popcnt=2
FAULT R=38534 -> T=38552  offset=+18  xor=0x0001e  popcnt=4
FAULT R=38534 -> T=38558  offset=+24  xor=0x00018  popcnt=2
FAULT R=38535 -> T=38400  offset=-135  xor=0x00087  popcnt=4
FAULT R=38535 -> T=38401  offset=-134  xor=0x00086  popcnt=3
FAULT R=38535 -> T=38406  offset=-129  xor=0x00081  popcnt=2
FAULT R=38535 -> T=38407  offset=-128  xor=0x00080  popcnt=1
FAULT R=38535 -> T=38425  offset=-110  xor=0x0009e  popcnt=5
FAULT R=38535 -> T=38430  offset=-105  xor=0x00099  popcnt=4
FAULT R=38535 -> T=38431  offset=-104  xor=0x00098  popcnt=3
FAULT R=38535 -> T=38528  offset=-7  xor=0x00007  popcnt=3
FAULT R=38535 -> T=38529  offset=-6  xor=0x00006  popcnt=2
FAULT R=38535 -> T=38534  offset=-1  xor=0x00001  popcnt=1
FAULT R=38535 -> T=38552  offset=+17  xor=0x0001f  popcnt=5
FAULT R=38535 -> T=38553  offset=+18  xor=0x0001e  popcnt=4
FAULT R=38535 -> T=38558  offset=+23  xor=0x00019  popcnt=3
FAULT R=38535 -> T=38559  offset=+24  xor=0x00018  popcnt=2
FAULT R=38536 -> T=38552  offset=+16  xor=0x00010  popcnt=1
FAULT R=38537 -> T=38409  offset=-128  xor=0x00080  popcnt=1
FAULT R=38537 -> T=38425  offset=-112  xor=0x00090  popcnt=2
FAULT R=38537 -> T=38536  offset=-1  xor=0x00001  popcnt=1
FAULT R=38537 -> T=38552  offset=+15  xor=0x00011  popcnt=2
FAULT R=38537 -> T=38553  offset=+16  xor=0x00010  popcnt=1
FAULT R=38538 -> T=38410  offset=-128  xor=0x00080  popcnt=1
FAULT R=38538 -> T=38426  offset=-112  xor=0x00090  popcnt=2
FAULT R=38538 -> T=38536  offset=-2  xor=0x00002  popcnt=1
FAULT R=38538 -> T=38552  offset=+14  xor=0x00012  popcnt=2
FAULT R=38538 -> T=38554  offset=+16  xor=0x00010  popcnt=1
FAULT R=38539 -> T=38409  offset=-130  xor=0x00082  popcnt=2
FAULT R=38539 -> T=38410  offset=-129  xor=0x00081  popcnt=2
FAULT R=38539 -> T=38411  offset=-128  xor=0x00080  popcnt=1
FAULT R=38539 -> T=38425  offset=-114  xor=0x00092  popcnt=3
FAULT R=38539 -> T=38426  offset=-113  xor=0x00091  popcnt=3
FAULT R=38539 -> T=38427  offset=-112  xor=0x00090  popcnt=2
FAULT R=38539 -> T=38536  offset=-3  xor=0x00003  popcnt=2
FAULT R=38539 -> T=38537  offset=-2  xor=0x00002  popcnt=1
FAULT R=38539 -> T=38538  offset=-1  xor=0x00001  popcnt=1
FAULT R=38539 -> T=38552  offset=+13  xor=0x00013  popcnt=3
FAULT R=38539 -> T=38553  offset=+14  xor=0x00012  popcnt=2
FAULT R=38539 -> T=38554  offset=+15  xor=0x00011  popcnt=2
FAULT R=38539 -> T=38555  offset=+16  xor=0x00010  popcnt=1
FAULT R=38540 -> T=38536  offset=-4  xor=0x00004  popcnt=1
FAULT R=38540 -> T=38552  offset=+12  xor=0x00014  popcnt=2
FAULT R=38540 -> T=38556  offset=+16  xor=0x00010  popcnt=1
FAULT R=38541 -> T=38409  offset=-132  xor=0x00084  popcnt=2
FAULT R=38541 -> T=38413  offset=-128  xor=0x00080  popcnt=1
FAULT R=38541 -> T=38425  offset=-116  xor=0x00094  popcnt=3
FAULT R=38541 -> T=38429  offset=-112  xor=0x00090  popcnt=2
FAULT R=38541 -> T=38536  offset=-5  xor=0x00005  popcnt=2
FAULT R=38541 -> T=38537  offset=-4  xor=0x00004  popcnt=1
FAULT R=38541 -> T=38540  offset=-1  xor=0x00001  popcnt=1
FAULT R=38541 -> T=38552  offset=+11  xor=0x00015  popcnt=3
FAULT R=38541 -> T=38553  offset=+12  xor=0x00014  popcnt=2
FAULT R=38541 -> T=38556  offset=+15  xor=0x00011  popcnt=2
FAULT R=38541 -> T=38557  offset=+16  xor=0x00010  popcnt=1
FAULT R=38542 -> T=38414  offset=-128  xor=0x00080  popcnt=1
FAULT R=38542 -> T=38430  offset=-112  xor=0x00090  popcnt=2
FAULT R=38542 -> T=38536  offset=-6  xor=0x00006  popcnt=2
FAULT R=38542 -> T=38552  offset=+10  xor=0x00016  popcnt=3
FAULT R=38542 -> T=38558  offset=+16  xor=0x00010  popcnt=1
FAULT R=38543 -> T=38409  offset=-134  xor=0x00086  popcnt=3
FAULT R=38543 -> T=38414  offset=-129  xor=0x00081  popcnt=2
FAULT R=38543 -> T=38415  offset=-128  xor=0x00080  popcnt=1
FAULT R=38543 -> T=38425  offset=-118  xor=0x00096  popcnt=4
FAULT R=38543 -> T=38430  offset=-113  xor=0x00091  popcnt=3
FAULT R=38543 -> T=38431  offset=-112  xor=0x00090  popcnt=2
FAULT R=38543 -> T=38536  offset=-7  xor=0x00007  popcnt=3
FAULT R=38543 -> T=38537  offset=-6  xor=0x00006  popcnt=2
FAULT R=38543 -> T=38542  offset=-1  xor=0x00001  popcnt=1
FAULT R=38543 -> T=38552  offset=+9  xor=0x00017  popcnt=4
FAULT R=38543 -> T=38553  offset=+10  xor=0x00016  popcnt=3
FAULT R=38543 -> T=38558  offset=+15  xor=0x00011  popcnt=2
FAULT R=38543 -> T=38559  offset=+16  xor=0x00010  popcnt=1
FAULT R=38544 -> T=38416  offset=-128  xor=0x00080  popcnt=1
FAULT R=38544 -> T=38552  offset=+8  xor=0x00008  popcnt=1
FAULT R=38545 -> T=38416  offset=-129  xor=0x00081  popcnt=2
FAULT R=38545 -> T=38417  offset=-128  xor=0x00080  popcnt=1
FAULT R=38545 -> T=38425  offset=-120  xor=0x00088  popcnt=2
FAULT R=38545 -> T=38544  offset=-1  xor=0x00001  popcnt=1
FAULT R=38545 -> T=38552  offset=+7  xor=0x00009  popcnt=2
FAULT R=38545 -> T=38553  offset=+8  xor=0x00008  popcnt=1
FAULT R=38546 -> T=38416  offset=-130  xor=0x00082  popcnt=2
FAULT R=38546 -> T=38418  offset=-128  xor=0x00080  popcnt=1
FAULT R=38546 -> T=38426  offset=-120  xor=0x00088  popcnt=2
FAULT R=38546 -> T=38544  offset=-2  xor=0x00002  popcnt=1
FAULT R=38546 -> T=38552  offset=+6  xor=0x0000a  popcnt=2
FAULT R=38546 -> T=38554  offset=+8  xor=0x00008  popcnt=1
FAULT R=38547 -> T=38416  offset=-131  xor=0x00083  popcnt=3
FAULT R=38547 -> T=38417  offset=-130  xor=0x00082  popcnt=2
FAULT R=38547 -> T=38418  offset=-129  xor=0x00081  popcnt=2
FAULT R=38547 -> T=38419  offset=-128  xor=0x00080  popcnt=1
FAULT R=38547 -> T=38425  offset=-122  xor=0x0008a  popcnt=3
FAULT R=38547 -> T=38426  offset=-121  xor=0x00089  popcnt=3
FAULT R=38547 -> T=38427  offset=-120  xor=0x00088  popcnt=2
FAULT R=38547 -> T=38544  offset=-3  xor=0x00003  popcnt=2
FAULT R=38547 -> T=38545  offset=-2  xor=0x00002  popcnt=1
FAULT R=38547 -> T=38546  offset=-1  xor=0x00001  popcnt=1
FAULT R=38547 -> T=38552  offset=+5  xor=0x0000b  popcnt=3
FAULT R=38547 -> T=38553  offset=+6  xor=0x0000a  popcnt=2
FAULT R=38547 -> T=38554  offset=+7  xor=0x00009  popcnt=2
FAULT R=38547 -> T=38555  offset=+8  xor=0x00008  popcnt=1
FAULT R=38548 -> T=38416  offset=-132  xor=0x00084  popcnt=2
FAULT R=38548 -> T=38420  offset=-128  xor=0x00080  popcnt=1
FAULT R=38548 -> T=38544  offset=-4  xor=0x00004  popcnt=1
FAULT R=38548 -> T=38552  offset=+4  xor=0x0000c  popcnt=2
FAULT R=38548 -> T=38556  offset=+8  xor=0x00008  popcnt=1
FAULT R=38549 -> T=38416  offset=-133  xor=0x00085  popcnt=3
FAULT R=38549 -> T=38417  offset=-132  xor=0x00084  popcnt=2
FAULT R=38549 -> T=38420  offset=-129  xor=0x00081  popcnt=2
FAULT R=38549 -> T=38421  offset=-128  xor=0x00080  popcnt=1
FAULT R=38549 -> T=38425  offset=-124  xor=0x0008c  popcnt=3
FAULT R=38549 -> T=38429  offset=-120  xor=0x00088  popcnt=2
FAULT R=38549 -> T=38544  offset=-5  xor=0x00005  popcnt=2
FAULT R=38549 -> T=38545  offset=-4  xor=0x00004  popcnt=1
FAULT R=38549 -> T=38548  offset=-1  xor=0x00001  popcnt=1
FAULT R=38549 -> T=38552  offset=+3  xor=0x0000d  popcnt=3
FAULT R=38549 -> T=38553  offset=+4  xor=0x0000c  popcnt=2
FAULT R=38549 -> T=38556  offset=+7  xor=0x00009  popcnt=2
FAULT R=38549 -> T=38557  offset=+8  xor=0x00008  popcnt=1
FAULT R=38550 -> T=38416  offset=-134  xor=0x00086  popcnt=3
FAULT R=38550 -> T=38422  offset=-128  xor=0x00080  popcnt=1
FAULT R=38550 -> T=38430  offset=-120  xor=0x00088  popcnt=2
FAULT R=38550 -> T=38544  offset=-6  xor=0x00006  popcnt=2
FAULT R=38550 -> T=38552  offset=+2  xor=0x0000e  popcnt=3
FAULT R=38550 -> T=38558  offset=+8  xor=0x00008  popcnt=1
FAULT R=38551 -> T=38416  offset=-135  xor=0x00087  popcnt=4
FAULT R=38551 -> T=38417  offset=-134  xor=0x00086  popcnt=3
FAULT R=38551 -> T=38422  offset=-129  xor=0x00081  popcnt=2
FAULT R=38551 -> T=38423  offset=-128  xor=0x00080  popcnt=1
FAULT R=38551 -> T=38425  offset=-126  xor=0x0008e  popcnt=4
FAULT R=38551 -> T=38430  offset=-121  xor=0x00089  popcnt=3
FAULT R=38551 -> T=38431  offset=-120  xor=0x00088  popcnt=2
FAULT R=38551 -> T=38544  offset=-7  xor=0x00007  popcnt=3
FAULT R=38551 -> T=38545  offset=-6  xor=0x00006  popcnt=2
FAULT R=38551 -> T=38550  offset=-1  xor=0x00001  popcnt=1
FAULT R=38551 -> T=38552  offset=+1  xor=0x0000f  popcnt=4
FAULT R=38551 -> T=38553  offset=+2  xor=0x0000e  popcnt=3
FAULT R=38551 -> T=38558  offset=+7  xor=0x00009  popcnt=2
FAULT R=38551 -> T=38559  offset=+8  xor=0x00008  popcnt=1
FAULT R=38553 -> T=38425  offset=-128  xor=0x00080  popcnt=1
FAULT R=38553 -> T=38552  offset=-1  xor=0x00001  popcnt=1
FAULT R=38554 -> T=38426  offset=-128  xor=0x00080  popcnt=1
FAULT R=38554 -> T=38552  offset=-2  xor=0x00002  popcnt=1
FAULT R=38555 -> T=38425  offset=-130  xor=0x00082  popcnt=2
FAULT R=38555 -> T=38426  offset=-129  xor=0x00081  popcnt=2
FAULT R=38555 -> T=38427  offset=-128  xor=0x00080  popcnt=1
FAULT R=38555 -> T=38552  offset=-3  xor=0x00003  popcnt=2
FAULT R=38555 -> T=38553  offset=-2  xor=0x00002  popcnt=1
FAULT R=38555 -> T=38554  offset=-1  xor=0x00001  popcnt=1
FAULT R=38556 -> T=38552  offset=-4  xor=0x00004  popcnt=1
FAULT R=38557 -> T=38425  offset=-132  xor=0x00084  popcnt=2
FAULT R=38557 -> T=38429  offset=-128  xor=0x00080  popcnt=1
FAULT R=38557 -> T=38552  offset=-5  xor=0x00005  popcnt=2
FAULT R=38557 -> T=38553  offset=-4  xor=0x00004  popcnt=1
FAULT R=38557 -> T=38556  offset=-1  xor=0x00001  popcnt=1
FAULT R=38558 -> T=38430  offset=-128  xor=0x00080  popcnt=1
FAULT R=38558 -> T=38552  offset=-6  xor=0x00006  popcnt=2
FAULT R=38559 -> T=38425  offset=-134  xor=0x00086  popcnt=3
FAULT R=38559 -> T=38430  offset=-129  xor=0x00081  popcnt=2
FAULT R=38559 -> T=38431  offset=-128  xor=0x00080  popcnt=1
FAULT R=38559 -> T=38552  offset=-7  xor=0x00007  popcnt=3
FAULT R=38559 -> T=38553  offset=-6  xor=0x00006  popcnt=2
FAULT R=38559 -> T=38558  offset=-1  xor=0x00001  popcnt=1
FAULT R=38560 -> T=38400  offset=-160  xor=0x000a0  popcnt=2
FAULT R=38560 -> T=38432  offset=-128  xor=0x00080  popcnt=1
FAULT R=38560 -> T=38456  offset=-104  xor=0x00098  popcnt=3
FAULT R=38560 -> T=38528  offset=-32  xor=0x00020  popcnt=1
FAULT R=38560 -> T=38552  offset=-8  xor=0x00038  popcnt=3
FAULT R=38560 -> T=38584  offset=+24  xor=0x00018  popcnt=2
FAULT R=38561 -> T=38400  offset=-161  xor=0x000a1  popcnt=3
FAULT R=38561 -> T=38401  offset=-160  xor=0x000a0  popcnt=2
FAULT R=38561 -> T=38425  offset=-136  xor=0x000b8  popcnt=4
FAULT R=38561 -> T=38432  offset=-129  xor=0x00081  popcnt=2
FAULT R=38561 -> T=38433  offset=-128  xor=0x00080  popcnt=1
FAULT R=38561 -> T=38456  offset=-105  xor=0x00099  popcnt=4
FAULT R=38561 -> T=38457  offset=-104  xor=0x00098  popcnt=3
FAULT R=38561 -> T=38528  offset=-33  xor=0x00021  popcnt=2
FAULT R=38561 -> T=38529  offset=-32  xor=0x00020  popcnt=1
FAULT R=38561 -> T=38552  offset=-9  xor=0x00039  popcnt=4
FAULT R=38561 -> T=38553  offset=-8  xor=0x00038  popcnt=3
FAULT R=38561 -> T=38560  offset=-1  xor=0x00001  popcnt=1
FAULT R=38561 -> T=38584  offset=+23  xor=0x00019  popcnt=3
FAULT R=38561 -> T=38585  offset=+24  xor=0x00018  popcnt=2
FAULT R=38562 -> T=38400  offset=-162  xor=0x000a2  popcnt=3
FAULT R=38562 -> T=38402  offset=-160  xor=0x000a0  popcnt=2
FAULT R=38562 -> T=38426  offset=-136  xor=0x000b8  popcnt=4
FAULT R=38562 -> T=38432  offset=-130  xor=0x00082  popcnt=2
FAULT R=38562 -> T=38434  offset=-128  xor=0x00080  popcnt=1
FAULT R=38562 -> T=38456  offset=-106  xor=0x0009a  popcnt=4
FAULT R=38562 -> T=38458  offset=-104  xor=0x00098  popcnt=3
FAULT R=38562 -> T=38528  offset=-34  xor=0x00022  popcnt=2
FAULT R=38562 -> T=38530  offset=-32  xor=0x00020  popcnt=1
FAULT R=38562 -> T=38552  offset=-10  xor=0x0003a  popcnt=4
FAULT R=38562 -> T=38554  offset=-8  xor=0x00038  popcnt=3
FAULT R=38562 -> T=38560  offset=-2  xor=0x00002  popcnt=1
FAULT R=38562 -> T=38584  offset=+22  xor=0x0001a  popcnt=3
FAULT R=38562 -> T=38586  offset=+24  xor=0x00018  popcnt=2
FAULT R=38564 -> T=38400  offset=-164  xor=0x000a4  popcnt=3
FAULT R=38564 -> T=38404  offset=-160  xor=0x000a0  popcnt=2
FAULT R=38564 -> T=38432  offset=-132  xor=0x00084  popcnt=2
FAULT R=38564 -> T=38436  offset=-128  xor=0x00080  popcnt=1
FAULT R=38564 -> T=38456  offset=-108  xor=0x0009c  popcnt=4
FAULT R=38564 -> T=38460  offset=-104  xor=0x00098  popcnt=3
FAULT R=38564 -> T=38528  offset=-36  xor=0x00024  popcnt=2
FAULT R=38564 -> T=38532  offset=-32  xor=0x00020  popcnt=1
FAULT R=38564 -> T=38552  offset=-12  xor=0x0003c  popcnt=4
FAULT R=38564 -> T=38556  offset=-8  xor=0x00038  popcnt=3
FAULT R=38564 -> T=38560  offset=-4  xor=0x00004  popcnt=1
FAULT R=38564 -> T=38584  offset=+20  xor=0x0001c  popcnt=3
FAULT R=38564 -> T=38588  offset=+24  xor=0x00018  popcnt=2
FAULT R=38566 -> T=38400  offset=-166  xor=0x000a6  popcnt=4
FAULT R=38566 -> T=38406  offset=-160  xor=0x000a0  popcnt=2
FAULT R=38566 -> T=38430  offset=-136  xor=0x000b8  popcnt=4
FAULT R=38566 -> T=38432  offset=-134  xor=0x00086  popcnt=3
FAULT R=38566 -> T=38438  offset=-128  xor=0x00080  popcnt=1
FAULT R=38566 -> T=38456  offset=-110  xor=0x0009e  popcnt=5
FAULT R=38566 -> T=38462  offset=-104  xor=0x00098  popcnt=3
FAULT R=38566 -> T=38528  offset=-38  xor=0x00026  popcnt=3
FAULT R=38566 -> T=38534  offset=-32  xor=0x00020  popcnt=1
FAULT R=38566 -> T=38552  offset=-14  xor=0x0003e  popcnt=5
FAULT R=38566 -> T=38558  offset=-8  xor=0x00038  popcnt=3
FAULT R=38566 -> T=38560  offset=-6  xor=0x00006  popcnt=2
FAULT R=38566 -> T=38584  offset=+18  xor=0x0001e  popcnt=4
FAULT R=38566 -> T=38590  offset=+24  xor=0x00018  popcnt=2
FAULT R=38568 -> T=38440  offset=-128  xor=0x00080  popcnt=1
FAULT R=38568 -> T=38456  offset=-112  xor=0x00090  popcnt=2
FAULT R=38568 -> T=38536  offset=-32  xor=0x00020  popcnt=1
FAULT R=38568 -> T=38552  offset=-16  xor=0x00030  popcnt=2
FAULT R=38568 -> T=38584  offset=+16  xor=0x00010  popcnt=1
FAULT R=38569 -> T=38409  offset=-160  xor=0x000a0  popcnt=2
FAULT R=38569 -> T=38425  offset=-144  xor=0x000b0  popcnt=3
FAULT R=38569 -> T=38440  offset=-129  xor=0x00081  popcnt=2
FAULT R=38569 -> T=38441  offset=-128  xor=0x00080  popcnt=1
FAULT R=38569 -> T=38456  offset=-113  xor=0x00091  popcnt=3
FAULT R=38569 -> T=38457  offset=-112  xor=0x00090  popcnt=2
FAULT R=38569 -> T=38536  offset=-33  xor=0x00021  popcnt=2
FAULT R=38569 -> T=38537  offset=-32  xor=0x00020  popcnt=1
FAULT R=38569 -> T=38552  offset=-17  xor=0x00031  popcnt=3
FAULT R=38569 -> T=38553  offset=-16  xor=0x00030  popcnt=2
FAULT R=38569 -> T=38568  offset=-1  xor=0x00001  popcnt=1
FAULT R=38569 -> T=38584  offset=+15  xor=0x00011  popcnt=2
FAULT R=38569 -> T=38585  offset=+16  xor=0x00010  popcnt=1
FAULT R=38570 -> T=38410  offset=-160  xor=0x000a0  popcnt=2
FAULT R=38570 -> T=38426  offset=-144  xor=0x000b0  popcnt=3
FAULT R=38570 -> T=38440  offset=-130  xor=0x00082  popcnt=2
FAULT R=38570 -> T=38442  offset=-128  xor=0x00080  popcnt=1
FAULT R=38570 -> T=38456  offset=-114  xor=0x00092  popcnt=3
FAULT R=38570 -> T=38458  offset=-112  xor=0x00090  popcnt=2
FAULT R=38570 -> T=38536  offset=-34  xor=0x00022  popcnt=2
FAULT R=38570 -> T=38538  offset=-32  xor=0x00020  popcnt=1
FAULT R=38570 -> T=38552  offset=-18  xor=0x00032  popcnt=3
FAULT R=38570 -> T=38554  offset=-16  xor=0x00030  popcnt=2
FAULT R=38570 -> T=38568  offset=-2  xor=0x00002  popcnt=1
FAULT R=38570 -> T=38584  offset=+14  xor=0x00012  popcnt=2
FAULT R=38570 -> T=38586  offset=+16  xor=0x00010  popcnt=1
FAULT R=38572 -> T=38440  offset=-132  xor=0x00084  popcnt=2
FAULT R=38572 -> T=38444  offset=-128  xor=0x00080  popcnt=1
FAULT R=38572 -> T=38456  offset=-116  xor=0x00094  popcnt=3
FAULT R=38572 -> T=38460  offset=-112  xor=0x00090  popcnt=2
FAULT R=38572 -> T=38536  offset=-36  xor=0x00024  popcnt=2
FAULT R=38572 -> T=38540  offset=-32  xor=0x00020  popcnt=1
FAULT R=38572 -> T=38552  offset=-20  xor=0x00034  popcnt=3
FAULT R=38572 -> T=38556  offset=-16  xor=0x00030  popcnt=2
FAULT R=38572 -> T=38568  offset=-4  xor=0x00004  popcnt=1
FAULT R=38572 -> T=38584  offset=+12  xor=0x00014  popcnt=2
FAULT R=38572 -> T=38588  offset=+16  xor=0x00010  popcnt=1
FAULT R=38574 -> T=38414  offset=-160  xor=0x000a0  popcnt=2
FAULT R=38574 -> T=38430  offset=-144  xor=0x000b0  popcnt=3
FAULT R=38574 -> T=38440  offset=-134  xor=0x00086  popcnt=3
FAULT R=38574 -> T=38446  offset=-128  xor=0x00080  popcnt=1
FAULT R=38574 -> T=38456  offset=-118  xor=0x00096  popcnt=4
FAULT R=38574 -> T=38462  offset=-112  xor=0x00090  popcnt=2
FAULT R=38574 -> T=38536  offset=-38  xor=0x00026  popcnt=3
FAULT R=38574 -> T=38542  offset=-32  xor=0x00020  popcnt=1
FAULT R=38574 -> T=38552  offset=-22  xor=0x00036  popcnt=4
FAULT R=38574 -> T=38558  offset=-16  xor=0x00030  popcnt=2
FAULT R=38574 -> T=38568  offset=-6  xor=0x00006  popcnt=2
FAULT R=38574 -> T=38584  offset=+10  xor=0x00016  popcnt=3
FAULT R=38574 -> T=38590  offset=+16  xor=0x00010  popcnt=1
FAULT R=38576 -> T=38416  offset=-160  xor=0x000a0  popcnt=2
FAULT R=38576 -> T=38448  offset=-128  xor=0x00080  popcnt=1
FAULT R=38576 -> T=38456  offset=-120  xor=0x00088  popcnt=2
FAULT R=38576 -> T=38544  offset=-32  xor=0x00020  popcnt=1
FAULT R=38576 -> T=38552  offset=-24  xor=0x00028  popcnt=2
FAULT R=38576 -> T=38584  offset=+8  xor=0x00008  popcnt=1
FAULT R=38577 -> T=38416  offset=-161  xor=0x000a1  popcnt=3
FAULT R=38577 -> T=38417  offset=-160  xor=0x000a0  popcnt=2
FAULT R=38577 -> T=38425  offset=-152  xor=0x000a8  popcnt=3
FAULT R=38577 -> T=38448  offset=-129  xor=0x00081  popcnt=2
FAULT R=38577 -> T=38449  offset=-128  xor=0x00080  popcnt=1
FAULT R=38577 -> T=38456  offset=-121  xor=0x00089  popcnt=3
FAULT R=38577 -> T=38457  offset=-120  xor=0x00088  popcnt=2
FAULT R=38577 -> T=38544  offset=-33  xor=0x00021  popcnt=2
FAULT R=38577 -> T=38545  offset=-32  xor=0x00020  popcnt=1
FAULT R=38577 -> T=38552  offset=-25  xor=0x00029  popcnt=3
FAULT R=38577 -> T=38553  offset=-24  xor=0x00028  popcnt=2
FAULT R=38577 -> T=38576  offset=-1  xor=0x00001  popcnt=1
FAULT R=38577 -> T=38584  offset=+7  xor=0x00009  popcnt=2
FAULT R=38577 -> T=38585  offset=+8  xor=0x00008  popcnt=1
FAULT R=38578 -> T=38416  offset=-162  xor=0x000a2  popcnt=3
FAULT R=38578 -> T=38418  offset=-160  xor=0x000a0  popcnt=2
FAULT R=38578 -> T=38426  offset=-152  xor=0x000a8  popcnt=3
FAULT R=38578 -> T=38448  offset=-130  xor=0x00082  popcnt=2
FAULT R=38578 -> T=38450  offset=-128  xor=0x00080  popcnt=1
FAULT R=38578 -> T=38456  offset=-122  xor=0x0008a  popcnt=3
FAULT R=38578 -> T=38458  offset=-120  xor=0x00088  popcnt=2
FAULT R=38578 -> T=38544  offset=-34  xor=0x00022  popcnt=2
FAULT R=38578 -> T=38546  offset=-32  xor=0x00020  popcnt=1
FAULT R=38578 -> T=38552  offset=-26  xor=0x0002a  popcnt=3
FAULT R=38578 -> T=38554  offset=-24  xor=0x00028  popcnt=2
FAULT R=38578 -> T=38576  offset=-2  xor=0x00002  popcnt=1
FAULT R=38578 -> T=38584  offset=+6  xor=0x0000a  popcnt=2
FAULT R=38578 -> T=38586  offset=+8  xor=0x00008  popcnt=1
FAULT R=38580 -> T=38416  offset=-164  xor=0x000a4  popcnt=3
FAULT R=38580 -> T=38420  offset=-160  xor=0x000a0  popcnt=2
FAULT R=38580 -> T=38448  offset=-132  xor=0x00084  popcnt=2
FAULT R=38580 -> T=38452  offset=-128  xor=0x00080  popcnt=1
FAULT R=38580 -> T=38456  offset=-124  xor=0x0008c  popcnt=3
FAULT R=38580 -> T=38460  offset=-120  xor=0x00088  popcnt=2
FAULT R=38580 -> T=38544  offset=-36  xor=0x00024  popcnt=2
FAULT R=38580 -> T=38548  offset=-32  xor=0x00020  popcnt=1
FAULT R=38580 -> T=38552  offset=-28  xor=0x0002c  popcnt=3
FAULT R=38580 -> T=38556  offset=-24  xor=0x00028  popcnt=2
FAULT R=38580 -> T=38576  offset=-4  xor=0x00004  popcnt=1
FAULT R=38580 -> T=38584  offset=+4  xor=0x0000c  popcnt=2
FAULT R=38580 -> T=38588  offset=+8  xor=0x00008  popcnt=1
FAULT R=38582 -> T=38416  offset=-166  xor=0x000a6  popcnt=4
FAULT R=38582 -> T=38422  offset=-160  xor=0x000a0  popcnt=2
FAULT R=38582 -> T=38430  offset=-152  xor=0x000a8  popcnt=3
FAULT R=38582 -> T=38448  offset=-134  xor=0x00086  popcnt=3
FAULT R=38582 -> T=38454  offset=-128  xor=0x00080  popcnt=1
FAULT R=38582 -> T=38456  offset=-126  xor=0x0008e  popcnt=4
FAULT R=38582 -> T=38462  offset=-120  xor=0x00088  popcnt=2
FAULT R=38582 -> T=38544  offset=-38  xor=0x00026  popcnt=3
FAULT R=38582 -> T=38550  offset=-32  xor=0x00020  popcnt=1
FAULT R=38582 -> T=38552  offset=-30  xor=0x0002e  popcnt=4
FAULT R=38582 -> T=38558  offset=-24  xor=0x00028  popcnt=2
FAULT R=38582 -> T=38576  offset=-6  xor=0x00006  popcnt=2
FAULT R=38582 -> T=38584  offset=+2  xor=0x0000e  popcnt=3
FAULT R=38582 -> T=38590  offset=+8  xor=0x00008  popcnt=1
FAULT R=38584 -> T=38456  offset=-128  xor=0x00080  popcnt=1
FAULT R=38584 -> T=38552  offset=-32  xor=0x00020  popcnt=1
FAULT R=38585 -> T=38425  offset=-160  xor=0x000a0  popcnt=2
FAULT R=38585 -> T=38456  offset=-129  xor=0x00081  popcnt=2
FAULT R=38585 -> T=38457  offset=-128  xor=0x00080  popcnt=1
FAULT R=38585 -> T=38552  offset=-33  xor=0x00021  popcnt=2
FAULT R=38585 -> T=38553  offset=-32  xor=0x00020  popcnt=1
FAULT R=38585 -> T=38584  offset=-1  xor=0x00001  popcnt=1
FAULT R=38586 -> T=38426  offset=-160  xor=0x000a0  popcnt=2
FAULT R=38586 -> T=38456  offset=-130  xor=0x00082  popcnt=2
FAULT R=38586 -> T=38458  offset=-128  xor=0x00080  popcnt=1
FAULT R=38586 -> T=38552  offset=-34  xor=0x00022  popcnt=2
FAULT R=38586 -> T=38554  offset=-32  xor=0x00020  popcnt=1
FAULT R=38586 -> T=38584  offset=-2  xor=0x00002  popcnt=1
FAULT R=38587 -> T=38425  offset=-162  xor=0x000a2  popcnt=3
FAULT R=38587 -> T=38426  offset=-161  xor=0x000a1  popcnt=3
FAULT R=38587 -> T=38427  offset=-160  xor=0x000a0  popcnt=2
FAULT R=38587 -> T=38456  offset=-131  xor=0x00083  popcnt=3
FAULT R=38587 -> T=38457  offset=-130  xor=0x00082  popcnt=2
FAULT R=38587 -> T=38458  offset=-129  xor=0x00081  popcnt=2
FAULT R=38587 -> T=38459  offset=-128  xor=0x00080  popcnt=1
FAULT R=38587 -> T=38552  offset=-35  xor=0x00023  popcnt=3
FAULT R=38587 -> T=38553  offset=-34  xor=0x00022  popcnt=2
FAULT R=38587 -> T=38554  offset=-33  xor=0x00021  popcnt=2
FAULT R=38587 -> T=38555  offset=-32  xor=0x00020  popcnt=1
FAULT R=38587 -> T=38584  offset=-3  xor=0x00003  popcnt=2
FAULT R=38587 -> T=38585  offset=-2  xor=0x00002  popcnt=1
FAULT R=38587 -> T=38586  offset=-1  xor=0x00001  popcnt=1
FAULT R=38588 -> T=38456  offset=-132  xor=0x00084  popcnt=2
FAULT R=38588 -> T=38460  offset=-128  xor=0x00080  popcnt=1
FAULT R=38588 -> T=38552  offset=-36  xor=0x00024  popcnt=2
FAULT R=38588 -> T=38556  offset=-32  xor=0x00020  popcnt=1
FAULT R=38588 -> T=38584  offset=-4  xor=0x00004  popcnt=1
FAULT R=38589 -> T=38425  offset=-164  xor=0x000a4  popcnt=3
FAULT R=38589 -> T=38429  offset=-160  xor=0x000a0  popcnt=2
FAULT R=38589 -> T=38456  offset=-133  xor=0x00085  popcnt=3
FAULT R=38589 -> T=38457  offset=-132  xor=0x00084  popcnt=2
FAULT R=38589 -> T=38460  offset=-129  xor=0x00081  popcnt=2
FAULT R=38589 -> T=38461  offset=-128  xor=0x00080  popcnt=1
FAULT R=38589 -> T=38552  offset=-37  xor=0x00025  popcnt=3
FAULT R=38589 -> T=38553  offset=-36  xor=0x00024  popcnt=2
FAULT R=38589 -> T=38556  offset=-33  xor=0x00021  popcnt=2
FAULT R=38589 -> T=38557  offset=-32  xor=0x00020  popcnt=1
FAULT R=38589 -> T=38584  offset=-5  xor=0x00005  popcnt=2
FAULT R=38589 -> T=38585  offset=-4  xor=0x00004  popcnt=1
FAULT R=38589 -> T=38588  offset=-1  xor=0x00001  popcnt=1
FAULT R=38590 -> T=38430  offset=-160  xor=0x000a0  popcnt=2
FAULT R=38590 -> T=38456  offset=-134  xor=0x00086  popcnt=3
FAULT R=38590 -> T=38462  offset=-128  xor=0x00080  popcnt=1
FAULT R=38590 -> T=38552  offset=-38  xor=0x00026  popcnt=3
FAULT R=38590 -> T=38558  offset=-32  xor=0x00020  popcnt=1
FAULT R=38590 -> T=38584  offset=-6  xor=0x00006  popcnt=2
FAULT R=38591 -> T=38425  offset=-166  xor=0x000a6  popcnt=4
FAULT R=38591 -> T=38430  offset=-161  xor=0x000a1  popcnt=3
FAULT R=38591 -> T=38431  offset=-160  xor=0x000a0  popcnt=2
FAULT R=38591 -> T=38456  offset=-135  xor=0x00087  popcnt=4
FAULT R=38591 -> T=38457  offset=-134  xor=0x00086  popcnt=3
FAULT R=38591 -> T=38462  offset=-129  xor=0x00081  popcnt=2
FAULT R=38591 -> T=38463  offset=-128  xor=0x00080  popcnt=1
FAULT R=38591 -> T=38552  offset=-39  xor=0x00027  popcnt=4
FAULT R=38591 -> T=38553  offset=-38  xor=0x00026  popcnt=3
FAULT R=38591 -> T=38558  offset=-33  xor=0x00021  popcnt=2
FAULT R=38591 -> T=38559  offset=-32  xor=0x00020  popcnt=1
FAULT R=38591 -> T=38584  offset=-7  xor=0x00007  popcnt=3
FAULT R=38591 -> T=38585  offset=-6  xor=0x00006  popcnt=2
FAULT R=38591 -> T=38590  offset=-1  xor=0x00001  popcnt=1
FAULT R=38592 -> T=38400  offset=-192  xor=0x000c0  popcnt=2
FAULT R=38592 -> T=38464  offset=-128  xor=0x00080  popcnt=1
FAULT R=38592 -> T=38528  offset=-64  xor=0x00040  popcnt=1
FAULT R=38592 -> T=38552  offset=-40  xor=0x00058  popcnt=3
FAULT R=38592 -> T=38616  offset=+24  xor=0x00018  popcnt=2
FAULT R=38593 -> T=38400  offset=-193  xor=0x000c1  popcnt=3
FAULT R=38593 -> T=38401  offset=-192  xor=0x000c0  popcnt=2
FAULT R=38593 -> T=38425  offset=-168  xor=0x000d8  popcnt=4
FAULT R=38593 -> T=38464  offset=-129  xor=0x00081  popcnt=2
FAULT R=38593 -> T=38465  offset=-128  xor=0x00080  popcnt=1
FAULT R=38593 -> T=38489  offset=-104  xor=0x00098  popcnt=3
FAULT R=38593 -> T=38528  offset=-65  xor=0x00041  popcnt=2
FAULT R=38593 -> T=38529  offset=-64  xor=0x00040  popcnt=1
FAULT R=38593 -> T=38552  offset=-41  xor=0x00059  popcnt=4
FAULT R=38593 -> T=38553  offset=-40  xor=0x00058  popcnt=3
FAULT R=38593 -> T=38592  offset=-1  xor=0x00001  popcnt=1
FAULT R=38593 -> T=38616  offset=+23  xor=0x00019  popcnt=3
FAULT R=38593 -> T=38617  offset=+24  xor=0x00018  popcnt=2
FAULT R=38594 -> T=38400  offset=-194  xor=0x000c2  popcnt=3
FAULT R=38594 -> T=38402  offset=-192  xor=0x000c0  popcnt=2
FAULT R=38594 -> T=38426  offset=-168  xor=0x000d8  popcnt=4
FAULT R=38594 -> T=38464  offset=-130  xor=0x00082  popcnt=2
FAULT R=38594 -> T=38466  offset=-128  xor=0x00080  popcnt=1
FAULT R=38594 -> T=38490  offset=-104  xor=0x00098  popcnt=3
FAULT R=38594 -> T=38528  offset=-66  xor=0x00042  popcnt=2
FAULT R=38594 -> T=38530  offset=-64  xor=0x00040  popcnt=1
FAULT R=38594 -> T=38552  offset=-42  xor=0x0005a  popcnt=4
FAULT R=38594 -> T=38554  offset=-40  xor=0x00058  popcnt=3
FAULT R=38594 -> T=38592  offset=-2  xor=0x00002  popcnt=1
FAULT R=38594 -> T=38616  offset=+22  xor=0x0001a  popcnt=3
FAULT R=38594 -> T=38618  offset=+24  xor=0x00018  popcnt=2
FAULT R=38596 -> T=38400  offset=-196  xor=0x000c4  popcnt=3
FAULT R=38596 -> T=38404  offset=-192  xor=0x000c0  popcnt=2
FAULT R=38596 -> T=38464  offset=-132  xor=0x00084  popcnt=2
FAULT R=38596 -> T=38468  offset=-128  xor=0x00080  popcnt=1
FAULT R=38596 -> T=38528  offset=-68  xor=0x00044  popcnt=2
FAULT R=38596 -> T=38532  offset=-64  xor=0x00040  popcnt=1
FAULT R=38596 -> T=38552  offset=-44  xor=0x0005c  popcnt=4
FAULT R=38596 -> T=38556  offset=-40  xor=0x00058  popcnt=3
FAULT R=38596 -> T=38592  offset=-4  xor=0x00004  popcnt=1
FAULT R=38596 -> T=38616  offset=+20  xor=0x0001c  popcnt=3
FAULT R=38596 -> T=38620  offset=+24  xor=0x00018  popcnt=2
FAULT R=38598 -> T=38400  offset=-198  xor=0x000c6  popcnt=4
FAULT R=38598 -> T=38406  offset=-192  xor=0x000c0  popcnt=2
FAULT R=38598 -> T=38430  offset=-168  xor=0x000d8  popcnt=4
FAULT R=38598 -> T=38464  offset=-134  xor=0x00086  popcnt=3
FAULT R=38598 -> T=38470  offset=-128  xor=0x00080  popcnt=1
FAULT R=38598 -> T=38494  offset=-104  xor=0x00098  popcnt=3
FAULT R=38598 -> T=38528  offset=-70  xor=0x00046  popcnt=3
FAULT R=38598 -> T=38534  offset=-64  xor=0x00040  popcnt=1
FAULT R=38598 -> T=38552  offset=-46  xor=0x0005e  popcnt=5
FAULT R=38598 -> T=38558  offset=-40  xor=0x00058  popcnt=3
FAULT R=38598 -> T=38592  offset=-6  xor=0x00006  popcnt=2
FAULT R=38598 -> T=38616  offset=+18  xor=0x0001e  popcnt=4
FAULT R=38598 -> T=38622  offset=+24  xor=0x00018  popcnt=2
FAULT R=38600 -> T=38536  offset=-64  xor=0x00040  popcnt=1
FAULT R=38600 -> T=38552  offset=-48  xor=0x00050  popcnt=2
FAULT R=38600 -> T=38616  offset=+16  xor=0x00010  popcnt=1
FAULT R=38601 -> T=38409  offset=-192  xor=0x000c0  popcnt=2
FAULT R=38601 -> T=38425  offset=-176  xor=0x000d0  popcnt=3
FAULT R=38601 -> T=38473  offset=-128  xor=0x00080  popcnt=1
FAULT R=38601 -> T=38489  offset=-112  xor=0x00090  popcnt=2
FAULT R=38601 -> T=38536  offset=-65  xor=0x00041  popcnt=2
FAULT R=38601 -> T=38537  offset=-64  xor=0x00040  popcnt=1
FAULT R=38601 -> T=38552  offset=-49  xor=0x00051  popcnt=3
FAULT R=38601 -> T=38553  offset=-48  xor=0x00050  popcnt=2
FAULT R=38601 -> T=38600  offset=-1  xor=0x00001  popcnt=1
FAULT R=38601 -> T=38616  offset=+15  xor=0x00011  popcnt=2
FAULT R=38601 -> T=38617  offset=+16  xor=0x00010  popcnt=1
FAULT R=38602 -> T=38410  offset=-192  xor=0x000c0  popcnt=2
FAULT R=38602 -> T=38426  offset=-176  xor=0x000d0  popcnt=3
FAULT R=38602 -> T=38474  offset=-128  xor=0x00080  popcnt=1
FAULT R=38602 -> T=38490  offset=-112  xor=0x00090  popcnt=2
FAULT R=38602 -> T=38536  offset=-66  xor=0x00042  popcnt=2
FAULT R=38602 -> T=38538  offset=-64  xor=0x00040  popcnt=1
FAULT R=38602 -> T=38552  offset=-50  xor=0x00052  popcnt=3
FAULT R=38602 -> T=38554  offset=-48  xor=0x00050  popcnt=2
FAULT R=38602 -> T=38600  offset=-2  xor=0x00002  popcnt=1
FAULT R=38602 -> T=38616  offset=+14  xor=0x00012  popcnt=2
FAULT R=38602 -> T=38618  offset=+16  xor=0x00010  popcnt=1
FAULT R=38604 -> T=38536  offset=-68  xor=0x00044  popcnt=2
FAULT R=38604 -> T=38540  offset=-64  xor=0x00040  popcnt=1
FAULT R=38604 -> T=38552  offset=-52  xor=0x00054  popcnt=3
FAULT R=38604 -> T=38556  offset=-48  xor=0x00050  popcnt=2
FAULT R=38604 -> T=38600  offset=-4  xor=0x00004  popcnt=1
FAULT R=38604 -> T=38616  offset=+12  xor=0x00014  popcnt=2
FAULT R=38604 -> T=38620  offset=+16  xor=0x00010  popcnt=1
FAULT R=38606 -> T=38414  offset=-192  xor=0x000c0  popcnt=2
FAULT R=38606 -> T=38430  offset=-176  xor=0x000d0  popcnt=3
FAULT R=38606 -> T=38478  offset=-128  xor=0x00080  popcnt=1
FAULT R=38606 -> T=38494  offset=-112  xor=0x00090  popcnt=2
FAULT R=38606 -> T=38536  offset=-70  xor=0x00046  popcnt=3
FAULT R=38606 -> T=38542  offset=-64  xor=0x00040  popcnt=1
FAULT R=38606 -> T=38552  offset=-54  xor=0x00056  popcnt=4
FAULT R=38606 -> T=38558  offset=-48  xor=0x00050  popcnt=2
FAULT R=38606 -> T=38600  offset=-6  xor=0x00006  popcnt=2
FAULT R=38606 -> T=38616  offset=+10  xor=0x00016  popcnt=3
FAULT R=38606 -> T=38622  offset=+16  xor=0x00010  popcnt=1
FAULT R=38608 -> T=38416  offset=-192  xor=0x000c0  popcnt=2
FAULT R=38608 -> T=38480  offset=-128  xor=0x00080  popcnt=1
FAULT R=38608 -> T=38544  offset=-64  xor=0x00040  popcnt=1
FAULT R=38608 -> T=38552  offset=-56  xor=0x00048  popcnt=2
FAULT R=38608 -> T=38616  offset=+8  xor=0x00008  popcnt=1
FAULT R=38609 -> T=38416  offset=-193  xor=0x000c1  popcnt=3
FAULT R=38609 -> T=38417  offset=-192  xor=0x000c0  popcnt=2
FAULT R=38609 -> T=38425  offset=-184  xor=0x000c8  popcnt=3
FAULT R=38609 -> T=38480  offset=-129  xor=0x00081  popcnt=2
FAULT R=38609 -> T=38481  offset=-128  xor=0x00080  popcnt=1
FAULT R=38609 -> T=38489  offset=-120  xor=0x00088  popcnt=2
FAULT R=38609 -> T=38544  offset=-65  xor=0x00041  popcnt=2
FAULT R=38609 -> T=38545  offset=-64  xor=0x00040  popcnt=1
FAULT R=38609 -> T=38552  offset=-57  xor=0x00049  popcnt=3
FAULT R=38609 -> T=38553  offset=-56  xor=0x00048  popcnt=2
FAULT R=38609 -> T=38608  offset=-1  xor=0x00001  popcnt=1
FAULT R=38609 -> T=38616  offset=+7  xor=0x00009  popcnt=2
FAULT R=38609 -> T=38617  offset=+8  xor=0x00008  popcnt=1
FAULT R=38610 -> T=38416  offset=-194  xor=0x000c2  popcnt=3
FAULT R=38610 -> T=38418  offset=-192  xor=0x000c0  popcnt=2
FAULT R=38610 -> T=38426  offset=-184  xor=0x000c8  popcnt=3
FAULT R=38610 -> T=38480  offset=-130  xor=0x00082  popcnt=2
FAULT R=38610 -> T=38482  offset=-128  xor=0x00080  popcnt=1
FAULT R=38610 -> T=38490  offset=-120  xor=0x00088  popcnt=2
FAULT R=38610 -> T=38544  offset=-66  xor=0x00042  popcnt=2
FAULT R=38610 -> T=38546  offset=-64  xor=0x00040  popcnt=1
FAULT R=38610 -> T=38552  offset=-58  xor=0x0004a  popcnt=3
FAULT R=38610 -> T=38554  offset=-56  xor=0x00048  popcnt=2
FAULT R=38610 -> T=38608  offset=-2  xor=0x00002  popcnt=1
FAULT R=38610 -> T=38616  offset=+6  xor=0x0000a  popcnt=2
FAULT R=38610 -> T=38618  offset=+8  xor=0x00008  popcnt=1
FAULT R=38612 -> T=38416  offset=-196  xor=0x000c4  popcnt=3
FAULT R=38612 -> T=38420  offset=-192  xor=0x000c0  popcnt=2
FAULT R=38612 -> T=38480  offset=-132  xor=0x00084  popcnt=2
FAULT R=38612 -> T=38484  offset=-128  xor=0x00080  popcnt=1
FAULT R=38612 -> T=38544  offset=-68  xor=0x00044  popcnt=2
FAULT R=38612 -> T=38548  offset=-64  xor=0x00040  popcnt=1
FAULT R=38612 -> T=38552  offset=-60  xor=0x0004c  popcnt=3
FAULT R=38612 -> T=38556  offset=-56  xor=0x00048  popcnt=2
FAULT R=38612 -> T=38608  offset=-4  xor=0x00004  popcnt=1
FAULT R=38612 -> T=38616  offset=+4  xor=0x0000c  popcnt=2
FAULT R=38612 -> T=38620  offset=+8  xor=0x00008  popcnt=1
FAULT R=38614 -> T=38416  offset=-198  xor=0x000c6  popcnt=4
FAULT R=38614 -> T=38422  offset=-192  xor=0x000c0  popcnt=2
FAULT R=38614 -> T=38430  offset=-184  xor=0x000c8  popcnt=3
FAULT R=38614 -> T=38480  offset=-134  xor=0x00086  popcnt=3
FAULT R=38614 -> T=38486  offset=-128  xor=0x00080  popcnt=1
FAULT R=38614 -> T=38494  offset=-120  xor=0x00088  popcnt=2
FAULT R=38614 -> T=38544  offset=-70  xor=0x00046  popcnt=3
FAULT R=38614 -> T=38550  offset=-64  xor=0x00040  popcnt=1
FAULT R=38614 -> T=38552  offset=-62  xor=0x0004e  popcnt=4
FAULT R=38614 -> T=38558  offset=-56  xor=0x00048  popcnt=2
FAULT R=38614 -> T=38608  offset=-6  xor=0x00006  popcnt=2
FAULT R=38614 -> T=38616  offset=+2  xor=0x0000e  popcnt=3
FAULT R=38614 -> T=38622  offset=+8  xor=0x00008  popcnt=1
FAULT R=38616 -> T=38552  offset=-64  xor=0x00040  popcnt=1
FAULT R=38617 -> T=38425  offset=-192  xor=0x000c0  popcnt=2
FAULT R=38617 -> T=38489  offset=-128  xor=0x00080  popcnt=1
FAULT R=38617 -> T=38552  offset=-65  xor=0x00041  popcnt=2
FAULT R=38617 -> T=38553  offset=-64  xor=0x00040  popcnt=1
FAULT R=38617 -> T=38616  offset=-1  xor=0x00001  popcnt=1
FAULT R=38618 -> T=38426  offset=-192  xor=0x000c0  popcnt=2
FAULT R=38618 -> T=38490  offset=-128  xor=0x00080  popcnt=1
FAULT R=38618 -> T=38552  offset=-66  xor=0x00042  popcnt=2
FAULT R=38618 -> T=38554  offset=-64  xor=0x00040  popcnt=1
FAULT R=38618 -> T=38616  offset=-2  xor=0x00002  popcnt=1
FAULT R=38619 -> T=38425  offset=-194  xor=0x000c2  popcnt=3
FAULT R=38619 -> T=38426  offset=-193  xor=0x000c1  popcnt=3
FAULT R=38619 -> T=38427  offset=-192  xor=0x000c0  popcnt=2
FAULT R=38619 -> T=38489  offset=-130  xor=0x00082  popcnt=2
FAULT R=38619 -> T=38490  offset=-129  xor=0x00081  popcnt=2
FAULT R=38619 -> T=38491  offset=-128  xor=0x00080  popcnt=1
FAULT R=38619 -> T=38552  offset=-67  xor=0x00043  popcnt=3
FAULT R=38619 -> T=38553  offset=-66  xor=0x00042  popcnt=2
FAULT R=38619 -> T=38554  offset=-65  xor=0x00041  popcnt=2
FAULT R=38619 -> T=38555  offset=-64  xor=0x00040  popcnt=1
FAULT R=38619 -> T=38616  offset=-3  xor=0x00003  popcnt=2
FAULT R=38619 -> T=38617  offset=-2  xor=0x00002  popcnt=1
FAULT R=38619 -> T=38618  offset=-1  xor=0x00001  popcnt=1
FAULT R=38620 -> T=38552  offset=-68  xor=0x00044  popcnt=2
FAULT R=38620 -> T=38556  offset=-64  xor=0x00040  popcnt=1
FAULT R=38620 -> T=38616  offset=-4  xor=0x00004  popcnt=1
FAULT R=38621 -> T=38425  offset=-196  xor=0x000c4  popcnt=3
FAULT R=38621 -> T=38429  offset=-192  xor=0x000c0  popcnt=2
FAULT R=38621 -> T=38489  offset=-132  xor=0x00084  popcnt=2
FAULT R=38621 -> T=38493  offset=-128  xor=0x00080  popcnt=1
FAULT R=38621 -> T=38552  offset=-69  xor=0x00045  popcnt=3
FAULT R=38621 -> T=38553  offset=-68  xor=0x00044  popcnt=2
FAULT R=38621 -> T=38556  offset=-65  xor=0x00041  popcnt=2
FAULT R=38621 -> T=38557  offset=-64  xor=0x00040  popcnt=1
FAULT R=38621 -> T=38616  offset=-5  xor=0x00005  popcnt=2
FAULT R=38621 -> T=38617  offset=-4  xor=0x00004  popcnt=1
FAULT R=38621 -> T=38620  offset=-1  xor=0x00001  popcnt=1
FAULT R=38622 -> T=38430  offset=-192  xor=0x000c0  popcnt=2
FAULT R=38622 -> T=38494  offset=-128  xor=0x00080  popcnt=1
FAULT R=38622 -> T=38552  offset=-70  xor=0x00046  popcnt=3
FAULT R=38622 -> T=38558  offset=-64  xor=0x00040  popcnt=1
FAULT R=38622 -> T=38616  offset=-6  xor=0x00006  popcnt=2
FAULT R=38623 -> T=38425  offset=-198  xor=0x000c6  popcnt=4
FAULT R=38623 -> T=38430  offset=-193  xor=0x000c1  popcnt=3
FAULT R=38623 -> T=38431  offset=-192  xor=0x000c0  popcnt=2
FAULT R=38623 -> T=38489  offset=-134  xor=0x00086  popcnt=3
FAULT R=38623 -> T=38494  offset=-129  xor=0x00081  popcnt=2
FAULT R=38623 -> T=38495  offset=-128  xor=0x00080  popcnt=1
FAULT R=38623 -> T=38552  offset=-71  xor=0x00047  popcnt=4
FAULT R=38623 -> T=38553  offset=-70  xor=0x00046  popcnt=3
FAULT R=38623 -> T=38558  offset=-65  xor=0x00041  popcnt=2
FAULT R=38623 -> T=38559  offset=-64  xor=0x00040  popcnt=1
FAULT R=38623 -> T=38616  offset=-7  xor=0x00007  popcnt=3
FAULT R=38623 -> T=38617  offset=-6  xor=0x00006  popcnt=2
FAULT R=38623 -> T=38622  offset=-1  xor=0x00001  popcnt=1
FAULT R=38624 -> T=38400  offset=-224  xor=0x000e0  popcnt=3
FAULT R=38624 -> T=38496  offset=-128  xor=0x00080  popcnt=1
FAULT R=38624 -> T=38520  offset=-104  xor=0x00098  popcnt=3
FAULT R=38624 -> T=38528  offset=-96  xor=0x00060  popcnt=2
FAULT R=38624 -> T=38552  offset=-72  xor=0x00078  popcnt=4
FAULT R=38624 -> T=38648  offset=+24  xor=0x00018  popcnt=2
FAULT R=38625 -> T=38400  offset=-225  xor=0x000e1  popcnt=4
FAULT R=38625 -> T=38401  offset=-224  xor=0x000e0  popcnt=3
FAULT R=38625 -> T=38425  offset=-200  xor=0x000f8  popcnt=5
FAULT R=38625 -> T=38496  offset=-129  xor=0x00081  popcnt=2
FAULT R=38625 -> T=38497  offset=-128  xor=0x00080  popcnt=1
FAULT R=38625 -> T=38520  offset=-105  xor=0x00099  popcnt=4
FAULT R=38625 -> T=38521  offset=-104  xor=0x00098  popcnt=3
FAULT R=38625 -> T=38528  offset=-97  xor=0x00061  popcnt=3
FAULT R=38625 -> T=38529  offset=-96  xor=0x00060  popcnt=2
FAULT R=38625 -> T=38552  offset=-73  xor=0x00079  popcnt=5
FAULT R=38625 -> T=38553  offset=-72  xor=0x00078  popcnt=4
FAULT R=38625 -> T=38624  offset=-1  xor=0x00001  popcnt=1
FAULT R=38625 -> T=38648  offset=+23  xor=0x00019  popcnt=3
FAULT R=38625 -> T=38649  offset=+24  xor=0x00018  popcnt=2
FAULT R=38626 -> T=38400  offset=-226  xor=0x000e2  popcnt=4
FAULT R=38626 -> T=38402  offset=-224  xor=0x000e0  popcnt=3
FAULT R=38626 -> T=38426  offset=-200  xor=0x000f8  popcnt=5
FAULT R=38626 -> T=38496  offset=-130  xor=0x00082  popcnt=2
FAULT R=38626 -> T=38498  offset=-128  xor=0x00080  popcnt=1
FAULT R=38626 -> T=38520  offset=-106  xor=0x0009a  popcnt=4
FAULT R=38626 -> T=38522  offset=-104  xor=0x00098  popcnt=3
FAULT R=38626 -> T=38528  offset=-98  xor=0x00062  popcnt=3
FAULT R=38626 -> T=38530  offset=-96  xor=0x00060  popcnt=2
FAULT R=38626 -> T=38552  offset=-74  xor=0x0007a  popcnt=5
FAULT R=38626 -> T=38554  offset=-72  xor=0x00078  popcnt=4
FAULT R=38626 -> T=38624  offset=-2  xor=0x00002  popcnt=1
FAULT R=38626 -> T=38648  offset=+22  xor=0x0001a  popcnt=3
FAULT R=38626 -> T=38650  offset=+24  xor=0x00018  popcnt=2
FAULT R=38628 -> T=38400  offset=-228  xor=0x000e4  popcnt=4
FAULT R=38628 -> T=38404  offset=-224  xor=0x000e0  popcnt=3
FAULT R=38628 -> T=38496  offset=-132  xor=0x00084  popcnt=2
FAULT R=38628 -> T=38500  offset=-128  xor=0x00080  popcnt=1
FAULT R=38628 -> T=38520  offset=-108  xor=0x0009c  popcnt=4
FAULT R=38628 -> T=38524  offset=-104  xor=0x00098  popcnt=3
FAULT R=38628 -> T=38528  offset=-100  xor=0x00064  popcnt=3
FAULT R=38628 -> T=38532  offset=-96  xor=0x00060  popcnt=2
FAULT R=38628 -> T=38552  offset=-76  xor=0x0007c  popcnt=5
FAULT R=38628 -> T=38556  offset=-72  xor=0x00078  popcnt=4
FAULT R=38628 -> T=38624  offset=-4  xor=0x00004  popcnt=1
FAULT R=38628 -> T=38648  offset=+20  xor=0x0001c  popcnt=3
FAULT R=38628 -> T=38652  offset=+24  xor=0x00018  popcnt=2
FAULT R=38630 -> T=38400  offset=-230  xor=0x000e6  popcnt=5
FAULT R=38630 -> T=38406  offset=-224  xor=0x000e0  popcnt=3
FAULT R=38630 -> T=38430  offset=-200  xor=0x000f8  popcnt=5
FAULT R=38630 -> T=38496  offset=-134  xor=0x00086  popcnt=3
FAULT R=38630 -> T=38502  offset=-128  xor=0x00080  popcnt=1
FAULT R=38630 -> T=38520  offset=-110  xor=0x0009e  popcnt=5
FAULT R=38630 -> T=38526  offset=-104  xor=0x00098  popcnt=3
FAULT R=38630 -> T=38528  offset=-102  xor=0x00066  popcnt=4
FAULT R=38630 -> T=38534  offset=-96  xor=0x00060  popcnt=2
FAULT R=38630 -> T=38552  offset=-78  xor=0x0007e  popcnt=6
FAULT R=38630 -> T=38558  offset=-72  xor=0x00078  popcnt=4
FAULT R=38630 -> T=38624  offset=-6  xor=0x00006  popcnt=2
FAULT R=38630 -> T=38648  offset=+18  xor=0x0001e  popcnt=4
FAULT R=38630 -> T=38654  offset=+24  xor=0x00018  popcnt=2
FAULT R=38632 -> T=38504  offset=-128  xor=0x00080  popcnt=1
FAULT R=38632 -> T=38520  offset=-112  xor=0x00090  popcnt=2
FAULT R=38632 -> T=38536  offset=-96  xor=0x00060  popcnt=2
FAULT R=38632 -> T=38552  offset=-80  xor=0x00070  popcnt=3
FAULT R=38632 -> T=38648  offset=+16  xor=0x00010  popcnt=1
FAULT R=38633 -> T=38409  offset=-224  xor=0x000e0  popcnt=3
FAULT R=38633 -> T=38425  offset=-208  xor=0x000f0  popcnt=4
FAULT R=38633 -> T=38504  offset=-129  xor=0x00081  popcnt=2
FAULT R=38633 -> T=38505  offset=-128  xor=0x00080  popcnt=1
FAULT R=38633 -> T=38520  offset=-113  xor=0x00091  popcnt=3
FAULT R=38633 -> T=38521  offset=-112  xor=0x00090  popcnt=2
FAULT R=38633 -> T=38536  offset=-97  xor=0x00061  popcnt=3
FAULT R=38633 -> T=38537  offset=-96  xor=0x00060  popcnt=2
FAULT R=38633 -> T=38552  offset=-81  xor=0x00071  popcnt=4
FAULT R=38633 -> T=38553  offset=-80  xor=0x00070  popcnt=3
FAULT R=38633 -> T=38632  offset=-1  xor=0x00001  popcnt=1
FAULT R=38633 -> T=38648  offset=+15  xor=0x00011  popcnt=2
FAULT R=38633 -> T=38649  offset=+16  xor=0x00010  popcnt=1
FAULT R=38634 -> T=38410  offset=-224  xor=0x000e0  popcnt=3
FAULT R=38634 -> T=38426  offset=-208  xor=0x000f0  popcnt=4
FAULT R=38634 -> T=38504  offset=-130  xor=0x00082  popcnt=2
FAULT R=38634 -> T=38506  offset=-128  xor=0x00080  popcnt=1
FAULT R=38634 -> T=38520  offset=-114  xor=0x00092  popcnt=3
FAULT R=38634 -> T=38522  offset=-112  xor=0x00090  popcnt=2
FAULT R=38634 -> T=38536  offset=-98  xor=0x00062  popcnt=3
FAULT R=38634 -> T=38538  offset=-96  xor=0x00060  popcnt=2
FAULT R=38634 -> T=38552  offset=-82  xor=0x00072  popcnt=4
FAULT R=38634 -> T=38554  offset=-80  xor=0x00070  popcnt=3
FAULT R=38634 -> T=38632  offset=-2  xor=0x00002  popcnt=1
FAULT R=38634 -> T=38648  offset=+14  xor=0x00012  popcnt=2
FAULT R=38634 -> T=38650  offset=+16  xor=0x00010  popcnt=1
FAULT R=38636 -> T=38504  offset=-132  xor=0x00084  popcnt=2
FAULT R=38636 -> T=38508  offset=-128  xor=0x00080  popcnt=1
FAULT R=38636 -> T=38520  offset=-116  xor=0x00094  popcnt=3
FAULT R=38636 -> T=38524  offset=-112  xor=0x00090  popcnt=2
FAULT R=38636 -> T=38536  offset=-100  xor=0x00064  popcnt=3
FAULT R=38636 -> T=38540  offset=-96  xor=0x00060  popcnt=2
FAULT R=38636 -> T=38552  offset=-84  xor=0x00074  popcnt=4
FAULT R=38636 -> T=38556  offset=-80  xor=0x00070  popcnt=3
FAULT R=38636 -> T=38632  offset=-4  xor=0x00004  popcnt=1
FAULT R=38636 -> T=38648  offset=+12  xor=0x00014  popcnt=2
FAULT R=38636 -> T=38652  offset=+16  xor=0x00010  popcnt=1
FAULT R=38638 -> T=38414  offset=-224  xor=0x000e0  popcnt=3
FAULT R=38638 -> T=38430  offset=-208  xor=0x000f0  popcnt=4
FAULT R=38638 -> T=38504  offset=-134  xor=0x00086  popcnt=3
FAULT R=38638 -> T=38510  offset=-128  xor=0x00080  popcnt=1
FAULT R=38638 -> T=38520  offset=-118  xor=0x00096  popcnt=4
FAULT R=38638 -> T=38526  offset=-112  xor=0x00090  popcnt=2
FAULT R=38638 -> T=38536  offset=-102  xor=0x00066  popcnt=4
FAULT R=38638 -> T=38542  offset=-96  xor=0x00060  popcnt=2
FAULT R=38638 -> T=38552  offset=-86  xor=0x00076  popcnt=5
FAULT R=38638 -> T=38558  offset=-80  xor=0x00070  popcnt=3
FAULT R=38638 -> T=38632  offset=-6  xor=0x00006  popcnt=2
FAULT R=38638 -> T=38648  offset=+10  xor=0x00016  popcnt=3
FAULT R=38638 -> T=38654  offset=+16  xor=0x00010  popcnt=1
FAULT R=38640 -> T=38416  offset=-224  xor=0x000e0  popcnt=3
FAULT R=38640 -> T=38512  offset=-128  xor=0x00080  popcnt=1
FAULT R=38640 -> T=38520  offset=-120  xor=0x00088  popcnt=2
FAULT R=38640 -> T=38544  offset=-96  xor=0x00060  popcnt=2
FAULT R=38640 -> T=38552  offset=-88  xor=0x00068  popcnt=3
FAULT R=38640 -> T=38648  offset=+8  xor=0x00008  popcnt=1
FAULT R=38641 -> T=38416  offset=-225  xor=0x000e1  popcnt=4
FAULT R=38641 -> T=38417  offset=-224  xor=0x000e0  popcnt=3
FAULT R=38641 -> T=38425  offset=-216  xor=0x000e8  popcnt=4
FAULT R=38641 -> T=38512  offset=-129  xor=0x00081  popcnt=2
FAULT R=38641 -> T=38513  offset=-128  xor=0x00080  popcnt=1
FAULT R=38641 -> T=38520  offset=-121  xor=0x00089  popcnt=3
FAULT R=38641 -> T=38521  offset=-120  xor=0x00088  popcnt=2
FAULT R=38641 -> T=38544  offset=-97  xor=0x00061  popcnt=3
FAULT R=38641 -> T=38545  offset=-96  xor=0x00060  popcnt=2
FAULT R=38641 -> T=38552  offset=-89  xor=0x00069  popcnt=4
FAULT R=38641 -> T=38553  offset=-88  xor=0x00068  popcnt=3
FAULT R=38641 -> T=38640  offset=-1  xor=0x00001  popcnt=1
FAULT R=38641 -> T=38648  offset=+7  xor=0x00009  popcnt=2
FAULT R=38641 -> T=38649  offset=+8  xor=0x00008  popcnt=1
FAULT R=38642 -> T=38416  offset=-226  xor=0x000e2  popcnt=4
FAULT R=38642 -> T=38418  offset=-224  xor=0x000e0  popcnt=3
FAULT R=38642 -> T=38426  offset=-216  xor=0x000e8  popcnt=4
FAULT R=38642 -> T=38512  offset=-130  xor=0x00082  popcnt=2
FAULT R=38642 -> T=38514  offset=-128  xor=0x00080  popcnt=1
FAULT R=38642 -> T=38520  offset=-122  xor=0x0008a  popcnt=3
FAULT R=38642 -> T=38522  offset=-120  xor=0x00088  popcnt=2
FAULT R=38642 -> T=38544  offset=-98  xor=0x00062  popcnt=3
FAULT R=38642 -> T=38546  offset=-96  xor=0x00060  popcnt=2
FAULT R=38642 -> T=38552  offset=-90  xor=0x0006a  popcnt=4
FAULT R=38642 -> T=38554  offset=-88  xor=0x00068  popcnt=3
FAULT R=38642 -> T=38640  offset=-2  xor=0x00002  popcnt=1
FAULT R=38642 -> T=38648  offset=+6  xor=0x0000a  popcnt=2
FAULT R=38642 -> T=38650  offset=+8  xor=0x00008  popcnt=1
FAULT R=38644 -> T=38416  offset=-228  xor=0x000e4  popcnt=4
FAULT R=38644 -> T=38420  offset=-224  xor=0x000e0  popcnt=3
FAULT R=38644 -> T=38512  offset=-132  xor=0x00084  popcnt=2
FAULT R=38644 -> T=38516  offset=-128  xor=0x00080  popcnt=1
FAULT R=38644 -> T=38520  offset=-124  xor=0x0008c  popcnt=3
FAULT R=38644 -> T=38524  offset=-120  xor=0x00088  popcnt=2
FAULT R=38644 -> T=38544  offset=-100  xor=0x00064  popcnt=3
FAULT R=38644 -> T=38548  offset=-96  xor=0x00060  popcnt=2
FAULT R=38644 -> T=38552  offset=-92  xor=0x0006c  popcnt=4
FAULT R=38644 -> T=38556  offset=-88  xor=0x00068  popcnt=3
FAULT R=38644 -> T=38640  offset=-4  xor=0x00004  popcnt=1
FAULT R=38644 -> T=38648  offset=+4  xor=0x0000c  popcnt=2
FAULT R=38644 -> T=38652  offset=+8  xor=0x00008  popcnt=1
FAULT R=38646 -> T=38416  offset=-230  xor=0x000e6  popcnt=5
FAULT R=38646 -> T=38422  offset=-224  xor=0x000e0  popcnt=3
FAULT R=38646 -> T=38430  offset=-216  xor=0x000e8  popcnt=4
FAULT R=38646 -> T=38512  offset=-134  xor=0x00086  popcnt=3
FAULT R=38646 -> T=38518  offset=-128  xor=0x00080  popcnt=1
FAULT R=38646 -> T=38520  offset=-126  xor=0x0008e  popcnt=4
FAULT R=38646 -> T=38526  offset=-120  xor=0x00088  popcnt=2
FAULT R=38646 -> T=38544  offset=-102  xor=0x00066  popcnt=4
FAULT R=38646 -> T=38550  offset=-96  xor=0x00060  popcnt=2
FAULT R=38646 -> T=38552  offset=-94  xor=0x0006e  popcnt=5
FAULT R=38646 -> T=38558  offset=-88  xor=0x00068  popcnt=3
FAULT R=38646 -> T=38640  offset=-6  xor=0x00006  popcnt=2
FAULT R=38646 -> T=38648  offset=+2  xor=0x0000e  popcnt=3
FAULT R=38646 -> T=38654  offset=+8  xor=0x00008  popcnt=1
FAULT R=38648 -> T=38520  offset=-128  xor=0x00080  popcnt=1
FAULT R=38648 -> T=38552  offset=-96  xor=0x00060  popcnt=2
FAULT R=38649 -> T=38425  offset=-224  xor=0x000e0  popcnt=3
FAULT R=38649 -> T=38520  offset=-129  xor=0x00081  popcnt=2
FAULT R=38649 -> T=38521  offset=-128  xor=0x00080  popcnt=1
FAULT R=38649 -> T=38552  offset=-97  xor=0x00061  popcnt=3
FAULT R=38649 -> T=38553  offset=-96  xor=0x00060  popcnt=2
FAULT R=38649 -> T=38648  offset=-1  xor=0x00001  popcnt=1
FAULT R=38650 -> T=38426  offset=-224  xor=0x000e0  popcnt=3
FAULT R=38650 -> T=38520  offset=-130  xor=0x00082  popcnt=2
FAULT R=38650 -> T=38522  offset=-128  xor=0x00080  popcnt=1
FAULT R=38650 -> T=38552  offset=-98  xor=0x00062  popcnt=3
FAULT R=38650 -> T=38554  offset=-96  xor=0x00060  popcnt=2
FAULT R=38650 -> T=38648  offset=-2  xor=0x00002  popcnt=1
FAULT R=38651 -> T=38425  offset=-226  xor=0x000e2  popcnt=4
FAULT R=38651 -> T=38426  offset=-225  xor=0x000e1  popcnt=4
FAULT R=38651 -> T=38427  offset=-224  xor=0x000e0  popcnt=3
FAULT R=38651 -> T=38520  offset=-131  xor=0x00083  popcnt=3
FAULT R=38651 -> T=38521  offset=-130  xor=0x00082  popcnt=2
FAULT R=38651 -> T=38522  offset=-129  xor=0x00081  popcnt=2
FAULT R=38651 -> T=38523  offset=-128  xor=0x00080  popcnt=1
FAULT R=38651 -> T=38552  offset=-99  xor=0x00063  popcnt=4
FAULT R=38651 -> T=38553  offset=-98  xor=0x00062  popcnt=3
FAULT R=38651 -> T=38554  offset=-97  xor=0x00061  popcnt=3
FAULT R=38651 -> T=38555  offset=-96  xor=0x00060  popcnt=2
FAULT R=38651 -> T=38648  offset=-3  xor=0x00003  popcnt=2
FAULT R=38651 -> T=38649  offset=-2  xor=0x00002  popcnt=1
FAULT R=38651 -> T=38650  offset=-1  xor=0x00001  popcnt=1
FAULT R=38652 -> T=38520  offset=-132  xor=0x00084  popcnt=2
FAULT R=38652 -> T=38524  offset=-128  xor=0x00080  popcnt=1
FAULT R=38652 -> T=38552  offset=-100  xor=0x00064  popcnt=3
FAULT R=38652 -> T=38556  offset=-96  xor=0x00060  popcnt=2
FAULT R=38652 -> T=38648  offset=-4  xor=0x00004  popcnt=1
FAULT R=38653 -> T=38425  offset=-228  xor=0x000e4  popcnt=4
FAULT R=38653 -> T=38429  offset=-224  xor=0x000e0  popcnt=3
FAULT R=38653 -> T=38520  offset=-133  xor=0x00085  popcnt=3
FAULT R=38653 -> T=38521  offset=-132  xor=0x00084  popcnt=2
FAULT R=38653 -> T=38524  offset=-129  xor=0x00081  popcnt=2
FAULT R=38653 -> T=38525  offset=-128  xor=0x00080  popcnt=1
FAULT R=38653 -> T=38552  offset=-101  xor=0x00065  popcnt=4
FAULT R=38653 -> T=38553  offset=-100  xor=0x00064  popcnt=3
FAULT R=38653 -> T=38556  offset=-97  xor=0x00061  popcnt=3
FAULT R=38653 -> T=38557  offset=-96  xor=0x00060  popcnt=2
FAULT R=38653 -> T=38648  offset=-5  xor=0x00005  popcnt=2
FAULT R=38653 -> T=38649  offset=-4  xor=0x00004  popcnt=1
FAULT R=38653 -> T=38652  offset=-1  xor=0x00001  popcnt=1
FAULT R=38654 -> T=38430  offset=-224  xor=0x000e0  popcnt=3
FAULT R=38654 -> T=38520  offset=-134  xor=0x00086  popcnt=3
FAULT R=38654 -> T=38526  offset=-128  xor=0x00080  popcnt=1
FAULT R=38654 -> T=38552  offset=-102  xor=0x00066  popcnt=4
FAULT R=38654 -> T=38558  offset=-96  xor=0x00060  popcnt=2
FAULT R=38654 -> T=38648  offset=-6  xor=0x00006  popcnt=2
FAULT R=38655 -> T=38425  offset=-230  xor=0x000e6  popcnt=5
FAULT R=38655 -> T=38430  offset=-225  xor=0x000e1  popcnt=4
FAULT R=38655 -> T=38431  offset=-224  xor=0x000e0  popcnt=3
FAULT R=38655 -> T=38520  offset=-135  xor=0x00087  popcnt=4
FAULT R=38655 -> T=38521  offset=-134  xor=0x00086  popcnt=3
FAULT R=38655 -> T=38526  offset=-129  xor=0x00081  popcnt=2
FAULT R=38655 -> T=38527  offset=-128  xor=0x00080  popcnt=1
FAULT R=38655 -> T=38552  offset=-103  xor=0x00067  popcnt=5
FAULT R=38655 -> T=38553  offset=-102  xor=0x00066  popcnt=4
FAULT R=38655 -> T=38558  offset=-97  xor=0x00061  popcnt=3
FAULT R=38655 -> T=38559  offset=-96  xor=0x00060  popcnt=2
FAULT R=38655 -> T=38648  offset=-7  xor=0x00007  popcnt=3
FAULT R=38655 -> T=38649  offset=-6  xor=0x00006  popcnt=2
FAULT R=38655 -> T=38654  offset=-1  xor=0x00001  popcnt=1
FAULT R=38656 -> T=38400  offset=-256  xor=0x00100  popcnt=1
FAULT R=38656 -> T=38680  offset=+24  xor=0x00018  popcnt=2
FAULT R=38657 -> T=38400  offset=-257  xor=0x00101  popcnt=2
FAULT R=38657 -> T=38401  offset=-256  xor=0x00100  popcnt=1
FAULT R=38657 -> T=38425  offset=-232  xor=0x00118  popcnt=3
FAULT R=38657 -> T=38656  offset=-1  xor=0x00001  popcnt=1
FAULT R=38657 -> T=38680  offset=+23  xor=0x00019  popcnt=3
FAULT R=38657 -> T=38681  offset=+24  xor=0x00018  popcnt=2
FAULT R=38658 -> T=38400  offset=-258  xor=0x00102  popcnt=2
FAULT R=38658 -> T=38402  offset=-256  xor=0x00100  popcnt=1
FAULT R=38658 -> T=38426  offset=-232  xor=0x00118  popcnt=3
FAULT R=38658 -> T=38656  offset=-2  xor=0x00002  popcnt=1
FAULT R=38658 -> T=38680  offset=+22  xor=0x0001a  popcnt=3
FAULT R=38658 -> T=38682  offset=+24  xor=0x00018  popcnt=2
FAULT R=38659 -> T=38400  offset=-259  xor=0x00103  popcnt=3
FAULT R=38659 -> T=38401  offset=-258  xor=0x00102  popcnt=2
FAULT R=38659 -> T=38402  offset=-257  xor=0x00101  popcnt=2
FAULT R=38659 -> T=38403  offset=-256  xor=0x00100  popcnt=1
FAULT R=38659 -> T=38425  offset=-234  xor=0x0011a  popcnt=4
FAULT R=38659 -> T=38426  offset=-233  xor=0x00119  popcnt=4
FAULT R=38659 -> T=38427  offset=-232  xor=0x00118  popcnt=3
FAULT R=38659 -> T=38656  offset=-3  xor=0x00003  popcnt=2
FAULT R=38659 -> T=38657  offset=-2  xor=0x00002  popcnt=1
FAULT R=38659 -> T=38658  offset=-1  xor=0x00001  popcnt=1
FAULT R=38659 -> T=38680  offset=+21  xor=0x0001b  popcnt=4
FAULT R=38659 -> T=38681  offset=+22  xor=0x0001a  popcnt=3
FAULT R=38659 -> T=38682  offset=+23  xor=0x00019  popcnt=3
FAULT R=38659 -> T=38683  offset=+24  xor=0x00018  popcnt=2
FAULT R=38660 -> T=38400  offset=-260  xor=0x00104  popcnt=2
FAULT R=38660 -> T=38404  offset=-256  xor=0x00100  popcnt=1
FAULT R=38660 -> T=38656  offset=-4  xor=0x00004  popcnt=1
FAULT R=38660 -> T=38680  offset=+20  xor=0x0001c  popcnt=3
FAULT R=38660 -> T=38684  offset=+24  xor=0x00018  popcnt=2
FAULT R=38661 -> T=38400  offset=-261  xor=0x00105  popcnt=3
FAULT R=38661 -> T=38401  offset=-260  xor=0x00104  popcnt=2
FAULT R=38661 -> T=38404  offset=-257  xor=0x00101  popcnt=2
FAULT R=38661 -> T=38405  offset=-256  xor=0x00100  popcnt=1
FAULT R=38661 -> T=38425  offset=-236  xor=0x0011c  popcnt=4
FAULT R=38661 -> T=38429  offset=-232  xor=0x00118  popcnt=3
FAULT R=38661 -> T=38656  offset=-5  xor=0x00005  popcnt=2
FAULT R=38661 -> T=38657  offset=-4  xor=0x00004  popcnt=1
FAULT R=38661 -> T=38660  offset=-1  xor=0x00001  popcnt=1
FAULT R=38661 -> T=38680  offset=+19  xor=0x0001d  popcnt=4
FAULT R=38661 -> T=38681  offset=+20  xor=0x0001c  popcnt=3
FAULT R=38661 -> T=38684  offset=+23  xor=0x00019  popcnt=3
FAULT R=38661 -> T=38685  offset=+24  xor=0x00018  popcnt=2
FAULT R=38662 -> T=38400  offset=-262  xor=0x00106  popcnt=3
FAULT R=38662 -> T=38406  offset=-256  xor=0x00100  popcnt=1
FAULT R=38662 -> T=38430  offset=-232  xor=0x00118  popcnt=3
FAULT R=38662 -> T=38656  offset=-6  xor=0x00006  popcnt=2
FAULT R=38662 -> T=38680  offset=+18  xor=0x0001e  popcnt=4
FAULT R=38662 -> T=38686  offset=+24  xor=0x00018  popcnt=2
FAULT R=38663 -> T=38400  offset=-263  xor=0x00107  popcnt=4
FAULT R=38663 -> T=38401  offset=-262  xor=0x00106  popcnt=3
FAULT R=38663 -> T=38406  offset=-257  xor=0x00101  popcnt=2
FAULT R=38663 -> T=38407  offset=-256  xor=0x00100  popcnt=1
FAULT R=38663 -> T=38425  offset=-238  xor=0x0011e  popcnt=5
FAULT R=38663 -> T=38430  offset=-233  xor=0x00119  popcnt=4
FAULT R=38663 -> T=38431  offset=-232  xor=0x00118  popcnt=3
FAULT R=38663 -> T=38656  offset=-7  xor=0x00007  popcnt=3
FAULT R=38663 -> T=38657  offset=-6  xor=0x00006  popcnt=2
FAULT R=38663 -> T=38662  offset=-1  xor=0x00001  popcnt=1
FAULT R=38663 -> T=38680  offset=+17  xor=0x0001f  popcnt=5
FAULT R=38663 -> T=38681  offset=+18  xor=0x0001e  popcnt=4
FAULT R=38663 -> T=38686  offset=+23  xor=0x00019  popcnt=3
FAULT R=38663 -> T=38687  offset=+24  xor=0x00018  popcnt=2
FAULT R=38664 -> T=38680  offset=+16  xor=0x00010  popcnt=1
FAULT R=38665 -> T=38409  offset=-256  xor=0x00100  popcnt=1
FAULT R=38665 -> T=38425  offset=-240  xor=0x00110  popcnt=2
FAULT R=38665 -> T=38664  offset=-1  xor=0x00001  popcnt=1
FAULT R=38665 -> T=38680  offset=+15  xor=0x00011  popcnt=2
FAULT R=38665 -> T=38681  offset=+16  xor=0x00010  popcnt=1
FAULT R=38666 -> T=38410  offset=-256  xor=0x00100  popcnt=1
FAULT R=38666 -> T=38426  offset=-240  xor=0x00110  popcnt=2
FAULT R=38666 -> T=38664  offset=-2  xor=0x00002  popcnt=1
FAULT R=38666 -> T=38680  offset=+14  xor=0x00012  popcnt=2
FAULT R=38666 -> T=38682  offset=+16  xor=0x00010  popcnt=1
FAULT R=38667 -> T=38409  offset=-258  xor=0x00102  popcnt=2
FAULT R=38667 -> T=38410  offset=-257  xor=0x00101  popcnt=2
FAULT R=38667 -> T=38411  offset=-256  xor=0x00100  popcnt=1
FAULT R=38667 -> T=38425  offset=-242  xor=0x00112  popcnt=3
FAULT R=38667 -> T=38426  offset=-241  xor=0x00111  popcnt=3
FAULT R=38667 -> T=38427  offset=-240  xor=0x00110  popcnt=2
FAULT R=38667 -> T=38664  offset=-3  xor=0x00003  popcnt=2
FAULT R=38667 -> T=38665  offset=-2  xor=0x00002  popcnt=1
FAULT R=38667 -> T=38666  offset=-1  xor=0x00001  popcnt=1
FAULT R=38667 -> T=38680  offset=+13  xor=0x00013  popcnt=3
FAULT R=38667 -> T=38681  offset=+14  xor=0x00012  popcnt=2
FAULT R=38667 -> T=38682  offset=+15  xor=0x00011  popcnt=2
FAULT R=38667 -> T=38683  offset=+16  xor=0x00010  popcnt=1
FAULT R=38668 -> T=38664  offset=-4  xor=0x00004  popcnt=1
FAULT R=38668 -> T=38680  offset=+12  xor=0x00014  popcnt=2
FAULT R=38668 -> T=38684  offset=+16  xor=0x00010  popcnt=1
FAULT R=38669 -> T=38409  offset=-260  xor=0x00104  popcnt=2
FAULT R=38669 -> T=38413  offset=-256  xor=0x00100  popcnt=1
FAULT R=38669 -> T=38425  offset=-244  xor=0x00114  popcnt=3
FAULT R=38669 -> T=38429  offset=-240  xor=0x00110  popcnt=2
FAULT R=38669 -> T=38664  offset=-5  xor=0x00005  popcnt=2
FAULT R=38669 -> T=38665  offset=-4  xor=0x00004  popcnt=1
FAULT R=38669 -> T=38668  offset=-1  xor=0x00001  popcnt=1
FAULT R=38669 -> T=38680  offset=+11  xor=0x00015  popcnt=3
FAULT R=38669 -> T=38681  offset=+12  xor=0x00014  popcnt=2
FAULT R=38669 -> T=38684  offset=+15  xor=0x00011  popcnt=2
FAULT R=38669 -> T=38685  offset=+16  xor=0x00010  popcnt=1
FAULT R=38670 -> T=38414  offset=-256  xor=0x00100  popcnt=1
FAULT R=38670 -> T=38430  offset=-240  xor=0x00110  popcnt=2
FAULT R=38670 -> T=38664  offset=-6  xor=0x00006  popcnt=2
FAULT R=38670 -> T=38680  offset=+10  xor=0x00016  popcnt=3
FAULT R=38670 -> T=38686  offset=+16  xor=0x00010  popcnt=1
FAULT R=38671 -> T=38409  offset=-262  xor=0x00106  popcnt=3
FAULT R=38671 -> T=38414  offset=-257  xor=0x00101  popcnt=2
FAULT R=38671 -> T=38415  offset=-256  xor=0x00100  popcnt=1
FAULT R=38671 -> T=38425  offset=-246  xor=0x00116  popcnt=4
FAULT R=38671 -> T=38430  offset=-241  xor=0x00111  popcnt=3
FAULT R=38671 -> T=38431  offset=-240  xor=0x00110  popcnt=2
FAULT R=38671 -> T=38664  offset=-7  xor=0x00007  popcnt=3
FAULT R=38671 -> T=38665  offset=-6  xor=0x00006  popcnt=2
FAULT R=38671 -> T=38670  offset=-1  xor=0x00001  popcnt=1
FAULT R=38671 -> T=38680  offset=+9  xor=0x00017  popcnt=4
FAULT R=38671 -> T=38681  offset=+10  xor=0x00016  popcnt=3
FAULT R=38671 -> T=38686  offset=+15  xor=0x00011  popcnt=2
FAULT R=38671 -> T=38687  offset=+16  xor=0x00010  popcnt=1
FAULT R=38672 -> T=38416  offset=-256  xor=0x00100  popcnt=1
FAULT R=38672 -> T=38680  offset=+8  xor=0x00008  popcnt=1
FAULT R=38673 -> T=38416  offset=-257  xor=0x00101  popcnt=2
FAULT R=38673 -> T=38417  offset=-256  xor=0x00100  popcnt=1
FAULT R=38673 -> T=38425  offset=-248  xor=0x00108  popcnt=2
FAULT R=38673 -> T=38672  offset=-1  xor=0x00001  popcnt=1
FAULT R=38673 -> T=38680  offset=+7  xor=0x00009  popcnt=2
FAULT R=38673 -> T=38681  offset=+8  xor=0x00008  popcnt=1
FAULT R=38674 -> T=38416  offset=-258  xor=0x00102  popcnt=2
FAULT R=38674 -> T=38418  offset=-256  xor=0x00100  popcnt=1
FAULT R=38674 -> T=38426  offset=-248  xor=0x00108  popcnt=2
FAULT R=38674 -> T=38672  offset=-2  xor=0x00002  popcnt=1
FAULT R=38674 -> T=38680  offset=+6  xor=0x0000a  popcnt=2
FAULT R=38674 -> T=38682  offset=+8  xor=0x00008  popcnt=1
FAULT R=38675 -> T=38416  offset=-259  xor=0x00103  popcnt=3
FAULT R=38675 -> T=38417  offset=-258  xor=0x00102  popcnt=2
FAULT R=38675 -> T=38418  offset=-257  xor=0x00101  popcnt=2
FAULT R=38675 -> T=38419  offset=-256  xor=0x00100  popcnt=1
FAULT R=38675 -> T=38425  offset=-250  xor=0x0010a  popcnt=3
FAULT R=38675 -> T=38426  offset=-249  xor=0x00109  popcnt=3
FAULT R=38675 -> T=38427  offset=-248  xor=0x00108  popcnt=2
FAULT R=38675 -> T=38672  offset=-3  xor=0x00003  popcnt=2
FAULT R=38675 -> T=38673  offset=-2  xor=0x00002  popcnt=1
FAULT R=38675 -> T=38674  offset=-1  xor=0x00001  popcnt=1
FAULT R=38675 -> T=38680  offset=+5  xor=0x0000b  popcnt=3
FAULT R=38675 -> T=38681  offset=+6  xor=0x0000a  popcnt=2
FAULT R=38675 -> T=38682  offset=+7  xor=0x00009  popcnt=2
FAULT R=38675 -> T=38683  offset=+8  xor=0x00008  popcnt=1
FAULT R=38676 -> T=38416  offset=-260  xor=0x00104  popcnt=2
FAULT R=38676 -> T=38420  offset=-256  xor=0x00100  popcnt=1
FAULT R=38676 -> T=38672  offset=-4  xor=0x00004  popcnt=1
FAULT R=38676 -> T=38680  offset=+4  xor=0x0000c  popcnt=2
FAULT R=38676 -> T=38684  offset=+8  xor=0x00008  popcnt=1
FAULT R=38677 -> T=38416  offset=-261  xor=0x00105  popcnt=3
FAULT R=38677 -> T=38417  offset=-260  xor=0x00104  popcnt=2
FAULT R=38677 -> T=38420  offset=-257  xor=0x00101  popcnt=2
FAULT R=38677 -> T=38421  offset=-256  xor=0x00100  popcnt=1
FAULT R=38677 -> T=38425  offset=-252  xor=0x0010c  popcnt=3
FAULT R=38677 -> T=38429  offset=-248  xor=0x00108  popcnt=2
FAULT R=38677 -> T=38672  offset=-5  xor=0x00005  popcnt=2
FAULT R=38677 -> T=38673  offset=-4  xor=0x00004  popcnt=1
FAULT R=38677 -> T=38676  offset=-1  xor=0x00001  popcnt=1
FAULT R=38677 -> T=38680  offset=+3  xor=0x0000d  popcnt=3
FAULT R=38677 -> T=38681  offset=+4  xor=0x0000c  popcnt=2
FAULT R=38677 -> T=38684  offset=+7  xor=0x00009  popcnt=2
FAULT R=38677 -> T=38685  offset=+8  xor=0x00008  popcnt=1
FAULT R=38678 -> T=38416  offset=-262  xor=0x00106  popcnt=3
FAULT R=38678 -> T=38422  offset=-256  xor=0x00100  popcnt=1
FAULT R=38678 -> T=38430  offset=-248  xor=0x00108  popcnt=2
FAULT R=38678 -> T=38672  offset=-6  xor=0x00006  popcnt=2
FAULT R=38678 -> T=38680  offset=+2  xor=0x0000e  popcnt=3
FAULT R=38678 -> T=38686  offset=+8  xor=0x00008  popcnt=1
FAULT R=38679 -> T=38416  offset=-263  xor=0x00107  popcnt=4
FAULT R=38679 -> T=38417  offset=-262  xor=0x00106  popcnt=3
FAULT R=38679 -> T=38422  offset=-257  xor=0x00101  popcnt=2
FAULT R=38679 -> T=38423  offset=-256  xor=0x00100  popcnt=1
FAULT R=38679 -> T=38425  offset=-254  xor=0x0010e  popcnt=4
FAULT R=38679 -> T=38430  offset=-249  xor=0x00109  popcnt=3
FAULT R=38679 -> T=38431  offset=-248  xor=0x00108  popcnt=2
FAULT R=38679 -> T=38672  offset=-7  xor=0x00007  popcnt=3
FAULT R=38679 -> T=38673  offset=-6  xor=0x00006  popcnt=2
FAULT R=38679 -> T=38678  offset=-1  xor=0x00001  popcnt=1
FAULT R=38679 -> T=38680  offset=+1  xor=0x0000f  popcnt=4
FAULT R=38679 -> T=38681  offset=+2  xor=0x0000e  popcnt=3
FAULT R=38679 -> T=38686  offset=+7  xor=0x00009  popcnt=2
FAULT R=38679 -> T=38687  offset=+8  xor=0x00008  popcnt=1
FAULT R=38681 -> T=38425  offset=-256  xor=0x00100  popcnt=1
FAULT R=38681 -> T=38680  offset=-1  xor=0x00001  popcnt=1
FAULT R=38682 -> T=38426  offset=-256  xor=0x00100  popcnt=1
FAULT R=38682 -> T=38680  offset=-2  xor=0x00002  popcnt=1
FAULT R=38683 -> T=38425  offset=-258  xor=0x00102  popcnt=2
FAULT R=38683 -> T=38426  offset=-257  xor=0x00101  popcnt=2
FAULT R=38683 -> T=38427  offset=-256  xor=0x00100  popcnt=1
FAULT R=38683 -> T=38680  offset=-3  xor=0x00003  popcnt=2
FAULT R=38683 -> T=38681  offset=-2  xor=0x00002  popcnt=1
FAULT R=38683 -> T=38682  offset=-1  xor=0x00001  popcnt=1
FAULT R=38684 -> T=38680  offset=-4  xor=0x00004  popcnt=1
FAULT R=38685 -> T=38425  offset=-260  xor=0x00104  popcnt=2
FAULT R=38685 -> T=38429  offset=-256  xor=0x00100  popcnt=1
FAULT R=38685 -> T=38680  offset=-5  xor=0x00005  popcnt=2
FAULT R=38685 -> T=38681  offset=-4  xor=0x00004  popcnt=1
FAULT R=38685 -> T=38684  offset=-1  xor=0x00001  popcnt=1
FAULT R=38686 -> T=38430  offset=-256  xor=0x00100  popcnt=1
FAULT R=38686 -> T=38680  offset=-6  xor=0x00006  popcnt=2
FAULT R=38687 -> T=38425  offset=-262  xor=0x00106  popcnt=3
FAULT R=38687 -> T=38430  offset=-257  xor=0x00101  popcnt=2
FAULT R=38687 -> T=38431  offset=-256  xor=0x00100  popcnt=1
FAULT R=38687 -> T=38680  offset=-7  xor=0x00007  popcnt=3
FAULT R=38687 -> T=38681  offset=-6  xor=0x00006  popcnt=2
FAULT R=38687 -> T=38686  offset=-1  xor=0x00001  popcnt=1
FAULT R=38688 -> T=38400  offset=-288  xor=0x00120  popcnt=2
FAULT R=38688 -> T=38432  offset=-256  xor=0x00100  popcnt=1
FAULT R=38688 -> T=38456  offset=-232  xor=0x00118  popcnt=3
FAULT R=38688 -> T=38656  offset=-32  xor=0x00020  popcnt=1
FAULT R=38688 -> T=38680  offset=-8  xor=0x00038  popcnt=3
FAULT R=38688 -> T=38712  offset=+24  xor=0x00018  popcnt=2
FAULT R=38689 -> T=38400  offset=-289  xor=0x00121  popcnt=3
FAULT R=38689 -> T=38401  offset=-288  xor=0x00120  popcnt=2
FAULT R=38689 -> T=38425  offset=-264  xor=0x00138  popcnt=4
FAULT R=38689 -> T=38432  offset=-257  xor=0x00101  popcnt=2
FAULT R=38689 -> T=38433  offset=-256  xor=0x00100  popcnt=1
FAULT R=38689 -> T=38456  offset=-233  xor=0x00119  popcnt=4
FAULT R=38689 -> T=38457  offset=-232  xor=0x00118  popcnt=3
FAULT R=38689 -> T=38656  offset=-33  xor=0x00021  popcnt=2
FAULT R=38689 -> T=38657  offset=-32  xor=0x00020  popcnt=1
FAULT R=38689 -> T=38680  offset=-9  xor=0x00039  popcnt=4
FAULT R=38689 -> T=38681  offset=-8  xor=0x00038  popcnt=3
FAULT R=38689 -> T=38688  offset=-1  xor=0x00001  popcnt=1
FAULT R=38689 -> T=38712  offset=+23  xor=0x00019  popcnt=3
FAULT R=38689 -> T=38713  offset=+24  xor=0x00018  popcnt=2
FAULT R=38690 -> T=38400  offset=-290  xor=0x00122  popcnt=3
FAULT R=38690 -> T=38402  offset=-288  xor=0x00120  popcnt=2
FAULT R=38690 -> T=38426  offset=-264  xor=0x00138  popcnt=4
FAULT R=38690 -> T=38432  offset=-258  xor=0x00102  popcnt=2
FAULT R=38690 -> T=38434  offset=-256  xor=0x00100  popcnt=1
FAULT R=38690 -> T=38456  offset=-234  xor=0x0011a  popcnt=4
FAULT R=38690 -> T=38458  offset=-232  xor=0x00118  popcnt=3
FAULT R=38690 -> T=38656  offset=-34  xor=0x00022  popcnt=2
FAULT R=38690 -> T=38658  offset=-32  xor=0x00020  popcnt=1
FAULT R=38690 -> T=38680  offset=-10  xor=0x0003a  popcnt=4
FAULT R=38690 -> T=38682  offset=-8  xor=0x00038  popcnt=3
FAULT R=38690 -> T=38688  offset=-2  xor=0x00002  popcnt=1
FAULT R=38690 -> T=38712  offset=+22  xor=0x0001a  popcnt=3
FAULT R=38690 -> T=38714  offset=+24  xor=0x00018  popcnt=2
FAULT R=38692 -> T=38400  offset=-292  xor=0x00124  popcnt=3
FAULT R=38692 -> T=38404  offset=-288  xor=0x00120  popcnt=2
FAULT R=38692 -> T=38432  offset=-260  xor=0x00104  popcnt=2
FAULT R=38692 -> T=38436  offset=-256  xor=0x00100  popcnt=1
FAULT R=38692 -> T=38456  offset=-236  xor=0x0011c  popcnt=4
FAULT R=38692 -> T=38460  offset=-232  xor=0x00118  popcnt=3
FAULT R=38692 -> T=38656  offset=-36  xor=0x00024  popcnt=2
FAULT R=38692 -> T=38660  offset=-32  xor=0x00020  popcnt=1
FAULT R=38692 -> T=38680  offset=-12  xor=0x0003c  popcnt=4
FAULT R=38692 -> T=38684  offset=-8  xor=0x00038  popcnt=3
FAULT R=38692 -> T=38688  offset=-4  xor=0x00004  popcnt=1
FAULT R=38692 -> T=38712  offset=+20  xor=0x0001c  popcnt=3
FAULT R=38692 -> T=38716  offset=+24  xor=0x00018  popcnt=2
FAULT R=38694 -> T=38400  offset=-294  xor=0x00126  popcnt=4
FAULT R=38694 -> T=38406  offset=-288  xor=0x00120  popcnt=2
FAULT R=38694 -> T=38430  offset=-264  xor=0x00138  popcnt=4
FAULT R=38694 -> T=38432  offset=-262  xor=0x00106  popcnt=3
FAULT R=38694 -> T=38438  offset=-256  xor=0x00100  popcnt=1
FAULT R=38694 -> T=38456  offset=-238  xor=0x0011e  popcnt=5
FAULT R=38694 -> T=38462  offset=-232  xor=0x00118  popcnt=3
FAULT R=38694 -> T=38656  offset=-38  xor=0x00026  popcnt=3
FAULT R=38694 -> T=38662  offset=-32  xor=0x00020  popcnt=1
FAULT R=38694 -> T=38680  offset=-14  xor=0x0003e  popcnt=5
FAULT R=38694 -> T=38686  offset=-8  xor=0x00038  popcnt=3
FAULT R=38694 -> T=38688  offset=-6  xor=0x00006  popcnt=2
FAULT R=38694 -> T=38712  offset=+18  xor=0x0001e  popcnt=4
FAULT R=38694 -> T=38718  offset=+24  xor=0x00018  popcnt=2
FAULT R=38696 -> T=38440  offset=-256  xor=0x00100  popcnt=1
FAULT R=38696 -> T=38456  offset=-240  xor=0x00110  popcnt=2
FAULT R=38696 -> T=38664  offset=-32  xor=0x00020  popcnt=1
FAULT R=38696 -> T=38680  offset=-16  xor=0x00030  popcnt=2
FAULT R=38696 -> T=38712  offset=+16  xor=0x00010  popcnt=1
FAULT R=38697 -> T=38409  offset=-288  xor=0x00120  popcnt=2
FAULT R=38697 -> T=38425  offset=-272  xor=0x00130  popcnt=3
FAULT R=38697 -> T=38440  offset=-257  xor=0x00101  popcnt=2
FAULT R=38697 -> T=38441  offset=-256  xor=0x00100  popcnt=1
FAULT R=38697 -> T=38456  offset=-241  xor=0x00111  popcnt=3
FAULT R=38697 -> T=38457  offset=-240  xor=0x00110  popcnt=2
FAULT R=38697 -> T=38664  offset=-33  xor=0x00021  popcnt=2
FAULT R=38697 -> T=38665  offset=-32  xor=0x00020  popcnt=1
FAULT R=38697 -> T=38680  offset=-17  xor=0x00031  popcnt=3
FAULT R=38697 -> T=38681  offset=-16  xor=0x00030  popcnt=2
FAULT R=38697 -> T=38696  offset=-1  xor=0x00001  popcnt=1
FAULT R=38697 -> T=38712  offset=+15  xor=0x00011  popcnt=2
FAULT R=38697 -> T=38713  offset=+16  xor=0x00010  popcnt=1
FAULT R=38698 -> T=38410  offset=-288  xor=0x00120  popcnt=2
FAULT R=38698 -> T=38426  offset=-272  xor=0x00130  popcnt=3
FAULT R=38698 -> T=38440  offset=-258  xor=0x00102  popcnt=2
FAULT R=38698 -> T=38442  offset=-256  xor=0x00100  popcnt=1
FAULT R=38698 -> T=38456  offset=-242  xor=0x00112  popcnt=3
FAULT R=38698 -> T=38458  offset=-240  xor=0x00110  popcnt=2
FAULT R=38698 -> T=38664  offset=-34  xor=0x00022  popcnt=2
FAULT R=38698 -> T=38666  offset=-32  xor=0x00020  popcnt=1
FAULT R=38698 -> T=38680  offset=-18  xor=0x00032  popcnt=3
FAULT R=38698 -> T=38682  offset=-16  xor=0x00030  popcnt=2
FAULT R=38698 -> T=38696  offset=-2  xor=0x00002  popcnt=1
FAULT R=38698 -> T=38712  offset=+14  xor=0x00012  popcnt=2
FAULT R=38698 -> T=38714  offset=+16  xor=0x00010  popcnt=1
FAULT R=38700 -> T=38440  offset=-260  xor=0x00104  popcnt=2
FAULT R=38700 -> T=38444  offset=-256  xor=0x00100  popcnt=1
FAULT R=38700 -> T=38456  offset=-244  xor=0x00114  popcnt=3
FAULT R=38700 -> T=38460  offset=-240  xor=0x00110  popcnt=2
FAULT R=38700 -> T=38664  offset=-36  xor=0x00024  popcnt=2
FAULT R=38700 -> T=38668  offset=-32  xor=0x00020  popcnt=1
FAULT R=38700 -> T=38680  offset=-20  xor=0x00034  popcnt=3
FAULT R=38700 -> T=38684  offset=-16  xor=0x00030  popcnt=2
FAULT R=38700 -> T=38696  offset=-4  xor=0x00004  popcnt=1
FAULT R=38700 -> T=38712  offset=+12  xor=0x00014  popcnt=2
FAULT R=38700 -> T=38716  offset=+16  xor=0x00010  popcnt=1
FAULT R=38702 -> T=38414  offset=-288  xor=0x00120  popcnt=2
FAULT R=38702 -> T=38430  offset=-272  xor=0x00130  popcnt=3
FAULT R=38702 -> T=38440  offset=-262  xor=0x00106  popcnt=3
FAULT R=38702 -> T=38446  offset=-256  xor=0x00100  popcnt=1
FAULT R=38702 -> T=38456  offset=-246  xor=0x00116  popcnt=4
FAULT R=38702 -> T=38462  offset=-240  xor=0x00110  popcnt=2
FAULT R=38702 -> T=38664  offset=-38  xor=0x00026  popcnt=3
FAULT R=38702 -> T=38670  offset=-32  xor=0x00020  popcnt=1
FAULT R=38702 -> T=38680  offset=-22  xor=0x00036  popcnt=4
FAULT R=38702 -> T=38686  offset=-16  xor=0x00030  popcnt=2
FAULT R=38702 -> T=38696  offset=-6  xor=0x00006  popcnt=2
FAULT R=38702 -> T=38712  offset=+10  xor=0x00016  popcnt=3
FAULT R=38702 -> T=38718  offset=+16  xor=0x00010  popcnt=1
FAULT R=38704 -> T=38416  offset=-288  xor=0x00120  popcnt=2
FAULT R=38704 -> T=38448  offset=-256  xor=0x00100  popcnt=1
FAULT R=38704 -> T=38456  offset=-248  xor=0x00108  popcnt=2
FAULT R=38704 -> T=38672  offset=-32  xor=0x00020  popcnt=1
FAULT R=38704 -> T=38680  offset=-24  xor=0x00028  popcnt=2
FAULT R=38704 -> T=38712  offset=+8  xor=0x00008  popcnt=1
FAULT R=38705 -> T=38416  offset=-289  xor=0x00121  popcnt=3
FAULT R=38705 -> T=38417  offset=-288  xor=0x00120  popcnt=2
FAULT R=38705 -> T=38425  offset=-280  xor=0x00128  popcnt=3
FAULT R=38705 -> T=38448  offset=-257  xor=0x00101  popcnt=2
FAULT R=38705 -> T=38449  offset=-256  xor=0x00100  popcnt=1
FAULT R=38705 -> T=38456  offset=-249  xor=0x00109  popcnt=3
FAULT R=38705 -> T=38457  offset=-248  xor=0x00108  popcnt=2
FAULT R=38705 -> T=38672  offset=-33  xor=0x00021  popcnt=2
FAULT R=38705 -> T=38673  offset=-32  xor=0x00020  popcnt=1
FAULT R=38705 -> T=38680  offset=-25  xor=0x00029  popcnt=3
FAULT R=38705 -> T=38681  offset=-24  xor=0x00028  popcnt=2
FAULT R=38705 -> T=38704  offset=-1  xor=0x00001  popcnt=1
FAULT R=38705 -> T=38712  offset=+7  xor=0x00009  popcnt=2
FAULT R=38705 -> T=38713  offset=+8  xor=0x00008  popcnt=1
FAULT R=38706 -> T=38416  offset=-290  xor=0x00122  popcnt=3
FAULT R=38706 -> T=38418  offset=-288  xor=0x00120  popcnt=2
FAULT R=38706 -> T=38426  offset=-280  xor=0x00128  popcnt=3
FAULT R=38706 -> T=38448  offset=-258  xor=0x00102  popcnt=2
FAULT R=38706 -> T=38450  offset=-256  xor=0x00100  popcnt=1
FAULT R=38706 -> T=38456  offset=-250  xor=0x0010a  popcnt=3
FAULT R=38706 -> T=38458  offset=-248  xor=0x00108  popcnt=2
FAULT R=38706 -> T=38672  offset=-34  xor=0x00022  popcnt=2
FAULT R=38706 -> T=38674  offset=-32  xor=0x00020  popcnt=1
FAULT R=38706 -> T=38680  offset=-26  xor=0x0002a  popcnt=3
FAULT R=38706 -> T=38682  offset=-24  xor=0x00028  popcnt=2
FAULT R=38706 -> T=38704  offset=-2  xor=0x00002  popcnt=1
FAULT R=38706 -> T=38712  offset=+6  xor=0x0000a  popcnt=2
FAULT R=38706 -> T=38714  offset=+8  xor=0x00008  popcnt=1
FAULT R=38708 -> T=38416  offset=-292  xor=0x00124  popcnt=3
FAULT R=38708 -> T=38420  offset=-288  xor=0x00120  popcnt=2
FAULT R=38708 -> T=38448  offset=-260  xor=0x00104  popcnt=2
FAULT R=38708 -> T=38452  offset=-256  xor=0x00100  popcnt=1
FAULT R=38708 -> T=38456  offset=-252  xor=0x0010c  popcnt=3
FAULT R=38708 -> T=38460  offset=-248  xor=0x00108  popcnt=2
FAULT R=38708 -> T=38672  offset=-36  xor=0x00024  popcnt=2
FAULT R=38708 -> T=38676  offset=-32  xor=0x00020  popcnt=1
FAULT R=38708 -> T=38680  offset=-28  xor=0x0002c  popcnt=3
FAULT R=38708 -> T=38684  offset=-24  xor=0x00028  popcnt=2
FAULT R=38708 -> T=38704  offset=-4  xor=0x00004  popcnt=1
FAULT R=38708 -> T=38712  offset=+4  xor=0x0000c  popcnt=2
FAULT R=38708 -> T=38716  offset=+8  xor=0x00008  popcnt=1
FAULT R=38710 -> T=38416  offset=-294  xor=0x00126  popcnt=4
FAULT R=38710 -> T=38422  offset=-288  xor=0x00120  popcnt=2
FAULT R=38710 -> T=38430  offset=-280  xor=0x00128  popcnt=3
FAULT R=38710 -> T=38448  offset=-262  xor=0x00106  popcnt=3
FAULT R=38710 -> T=38454  offset=-256  xor=0x00100  popcnt=1
FAULT R=38710 -> T=38456  offset=-254  xor=0x0010e  popcnt=4
FAULT R=38710 -> T=38462  offset=-248  xor=0x00108  popcnt=2
FAULT R=38710 -> T=38672  offset=-38  xor=0x00026  popcnt=3
FAULT R=38710 -> T=38678  offset=-32  xor=0x00020  popcnt=1
FAULT R=38710 -> T=38680  offset=-30  xor=0x0002e  popcnt=4
FAULT R=38710 -> T=38686  offset=-24  xor=0x00028  popcnt=2
FAULT R=38710 -> T=38704  offset=-6  xor=0x00006  popcnt=2
FAULT R=38710 -> T=38712  offset=+2  xor=0x0000e  popcnt=3
FAULT R=38710 -> T=38718  offset=+8  xor=0x00008  popcnt=1
FAULT R=38712 -> T=38456  offset=-256  xor=0x00100  popcnt=1
FAULT R=38712 -> T=38680  offset=-32  xor=0x00020  popcnt=1
FAULT R=38713 -> T=38425  offset=-288  xor=0x00120  popcnt=2
FAULT R=38713 -> T=38456  offset=-257  xor=0x00101  popcnt=2
FAULT R=38713 -> T=38457  offset=-256  xor=0x00100  popcnt=1
FAULT R=38713 -> T=38680  offset=-33  xor=0x00021  popcnt=2
FAULT R=38713 -> T=38681  offset=-32  xor=0x00020  popcnt=1
FAULT R=38713 -> T=38712  offset=-1  xor=0x00001  popcnt=1
FAULT R=38714 -> T=38426  offset=-288  xor=0x00120  popcnt=2
FAULT R=38714 -> T=38456  offset=-258  xor=0x00102  popcnt=2
FAULT R=38714 -> T=38458  offset=-256  xor=0x00100  popcnt=1
FAULT R=38714 -> T=38680  offset=-34  xor=0x00022  popcnt=2
FAULT R=38714 -> T=38682  offset=-32  xor=0x00020  popcnt=1
FAULT R=38714 -> T=38712  offset=-2  xor=0x00002  popcnt=1
FAULT R=38715 -> T=38425  offset=-290  xor=0x00122  popcnt=3
FAULT R=38715 -> T=38426  offset=-289  xor=0x00121  popcnt=3
FAULT R=38715 -> T=38427  offset=-288  xor=0x00120  popcnt=2
FAULT R=38715 -> T=38456  offset=-259  xor=0x00103  popcnt=3
FAULT R=38715 -> T=38457  offset=-258  xor=0x00102  popcnt=2
FAULT R=38715 -> T=38458  offset=-257  xor=0x00101  popcnt=2
FAULT R=38715 -> T=38459  offset=-256  xor=0x00100  popcnt=1
FAULT R=38715 -> T=38680  offset=-35  xor=0x00023  popcnt=3
FAULT R=38715 -> T=38681  offset=-34  xor=0x00022  popcnt=2
FAULT R=38715 -> T=38682  offset=-33  xor=0x00021  popcnt=2
FAULT R=38715 -> T=38683  offset=-32  xor=0x00020  popcnt=1
FAULT R=38715 -> T=38712  offset=-3  xor=0x00003  popcnt=2
FAULT R=38715 -> T=38713  offset=-2  xor=0x00002  popcnt=1
FAULT R=38715 -> T=38714  offset=-1  xor=0x00001  popcnt=1
FAULT R=38716 -> T=38456  offset=-260  xor=0x00104  popcnt=2
FAULT R=38716 -> T=38460  offset=-256  xor=0x00100  popcnt=1
FAULT R=38716 -> T=38680  offset=-36  xor=0x00024  popcnt=2
FAULT R=38716 -> T=38684  offset=-32  xor=0x00020  popcnt=1
FAULT R=38716 -> T=38712  offset=-4  xor=0x00004  popcnt=1
FAULT R=38717 -> T=38425  offset=-292  xor=0x00124  popcnt=3
FAULT R=38717 -> T=38429  offset=-288  xor=0x00120  popcnt=2
FAULT R=38717 -> T=38456  offset=-261  xor=0x00105  popcnt=3
FAULT R=38717 -> T=38457  offset=-260  xor=0x00104  popcnt=2
FAULT R=38717 -> T=38460  offset=-257  xor=0x00101  popcnt=2
FAULT R=38717 -> T=38461  offset=-256  xor=0x00100  popcnt=1
FAULT R=38717 -> T=38680  offset=-37  xor=0x00025  popcnt=3
FAULT R=38717 -> T=38681  offset=-36  xor=0x00024  popcnt=2
FAULT R=38717 -> T=38684  offset=-33  xor=0x00021  popcnt=2
FAULT R=38717 -> T=38685  offset=-32  xor=0x00020  popcnt=1
FAULT R=38717 -> T=38712  offset=-5  xor=0x00005  popcnt=2
FAULT R=38717 -> T=38713  offset=-4  xor=0x00004  popcnt=1
FAULT R=38717 -> T=38716  offset=-1  xor=0x00001  popcnt=1
FAULT R=38718 -> T=38430  offset=-288  xor=0x00120  popcnt=2
FAULT R=38718 -> T=38456  offset=-262  xor=0x00106  popcnt=3
FAULT R=38718 -> T=38462  offset=-256  xor=0x00100  popcnt=1
FAULT R=38718 -> T=38680  offset=-38  xor=0x00026  popcnt=3
FAULT R=38718 -> T=38686  offset=-32  xor=0x00020  popcnt=1
FAULT R=38718 -> T=38712  offset=-6  xor=0x00006  popcnt=2
FAULT R=38719 -> T=38425  offset=-294  xor=0x00126  popcnt=4
FAULT R=38719 -> T=38430  offset=-289  xor=0x00121  popcnt=3
FAULT R=38719 -> T=38431  offset=-288  xor=0x00120  popcnt=2
FAULT R=38719 -> T=38456  offset=-263  xor=0x00107  popcnt=4
FAULT R=38719 -> T=38457  offset=-262  xor=0x00106  popcnt=3
FAULT R=38719 -> T=38462  offset=-257  xor=0x00101  popcnt=2
FAULT R=38719 -> T=38463  offset=-256  xor=0x00100  popcnt=1
FAULT R=38719 -> T=38680  offset=-39  xor=0x00027  popcnt=4
FAULT R=38719 -> T=38681  offset=-38  xor=0x00026  popcnt=3
FAULT R=38719 -> T=38686  offset=-33  xor=0x00021  popcnt=2
FAULT R=38719 -> T=38687  offset=-32  xor=0x00020  popcnt=1
FAULT R=38719 -> T=38712  offset=-7  xor=0x00007  popcnt=3
FAULT R=38719 -> T=38713  offset=-6  xor=0x00006  popcnt=2
FAULT R=38719 -> T=38718  offset=-1  xor=0x00001  popcnt=1
FAULT R=38720 -> T=38400  offset=-320  xor=0x00140  popcnt=2
FAULT R=38720 -> T=38464  offset=-256  xor=0x00100  popcnt=1
FAULT R=38720 -> T=38656  offset=-64  xor=0x00040  popcnt=1
FAULT R=38720 -> T=38680  offset=-40  xor=0x00058  popcnt=3
FAULT R=38720 -> T=38744  offset=+24  xor=0x00018  popcnt=2
FAULT R=38721 -> T=38400  offset=-321  xor=0x00141  popcnt=3
FAULT R=38721 -> T=38401  offset=-320  xor=0x00140  popcnt=2
FAULT R=38721 -> T=38425  offset=-296  xor=0x00158  popcnt=4
FAULT R=38721 -> T=38464  offset=-257  xor=0x00101  popcnt=2
FAULT R=38721 -> T=38465  offset=-256  xor=0x00100  popcnt=1
FAULT R=38721 -> T=38489  offset=-232  xor=0x00118  popcnt=3
FAULT R=38721 -> T=38656  offset=-65  xor=0x00041  popcnt=2
FAULT R=38721 -> T=38657  offset=-64  xor=0x00040  popcnt=1
FAULT R=38721 -> T=38680  offset=-41  xor=0x00059  popcnt=4
FAULT R=38721 -> T=38681  offset=-40  xor=0x00058  popcnt=3
FAULT R=38721 -> T=38720  offset=-1  xor=0x00001  popcnt=1
FAULT R=38721 -> T=38744  offset=+23  xor=0x00019  popcnt=3
FAULT R=38721 -> T=38745  offset=+24  xor=0x00018  popcnt=2
FAULT R=38722 -> T=38400  offset=-322  xor=0x00142  popcnt=3
FAULT R=38722 -> T=38402  offset=-320  xor=0x00140  popcnt=2
FAULT R=38722 -> T=38426  offset=-296  xor=0x00158  popcnt=4
FAULT R=38722 -> T=38464  offset=-258  xor=0x00102  popcnt=2
FAULT R=38722 -> T=38466  offset=-256  xor=0x00100  popcnt=1
FAULT R=38722 -> T=38490  offset=-232  xor=0x00118  popcnt=3
FAULT R=38722 -> T=38656  offset=-66  xor=0x00042  popcnt=2
FAULT R=38722 -> T=38658  offset=-64  xor=0x00040  popcnt=1
FAULT R=38722 -> T=38680  offset=-42  xor=0x0005a  popcnt=4
FAULT R=38722 -> T=38682  offset=-40  xor=0x00058  popcnt=3
FAULT R=38722 -> T=38720  offset=-2  xor=0x00002  popcnt=1
FAULT R=38722 -> T=38744  offset=+22  xor=0x0001a  popcnt=3
FAULT R=38722 -> T=38746  offset=+24  xor=0x00018  popcnt=2
FAULT R=38724 -> T=38400  offset=-324  xor=0x00144  popcnt=3
FAULT R=38724 -> T=38404  offset=-320  xor=0x00140  popcnt=2
FAULT R=38724 -> T=38464  offset=-260  xor=0x00104  popcnt=2
FAULT R=38724 -> T=38468  offset=-256  xor=0x00100  popcnt=1
FAULT R=38724 -> T=38656  offset=-68  xor=0x00044  popcnt=2
FAULT R=38724 -> T=38660  offset=-64  xor=0x00040  popcnt=1
FAULT R=38724 -> T=38680  offset=-44  xor=0x0005c  popcnt=4
FAULT R=38724 -> T=38684  offset=-40  xor=0x00058  popcnt=3
FAULT R=38724 -> T=38720  offset=-4  xor=0x00004  popcnt=1
FAULT R=38724 -> T=38744  offset=+20  xor=0x0001c  popcnt=3
FAULT R=38724 -> T=38748  offset=+24  xor=0x00018  popcnt=2
FAULT R=38726 -> T=38400  offset=-326  xor=0x00146  popcnt=4
FAULT R=38726 -> T=38406  offset=-320  xor=0x00140  popcnt=2
FAULT R=38726 -> T=38430  offset=-296  xor=0x00158  popcnt=4
FAULT R=38726 -> T=38464  offset=-262  xor=0x00106  popcnt=3
FAULT R=38726 -> T=38470  offset=-256  xor=0x00100  popcnt=1
FAULT R=38726 -> T=38494  offset=-232  xor=0x00118  popcnt=3
FAULT R=38726 -> T=38656  offset=-70  xor=0x00046  popcnt=3
FAULT R=38726 -> T=38662  offset=-64  xor=0x00040  popcnt=1
FAULT R=38726 -> T=38680  offset=-46  xor=0x0005e  popcnt=5
FAULT R=38726 -> T=38686  offset=-40  xor=0x00058  popcnt=3
FAULT R=38726 -> T=38720  offset=-6  xor=0x00006  popcnt=2
FAULT R=38726 -> T=38744  offset=+18  xor=0x0001e  popcnt=4
FAULT R=38726 -> T=38750  offset=+24  xor=0x00018  popcnt=2
FAULT R=38728 -> T=38664  offset=-64  xor=0x00040  popcnt=1
FAULT R=38728 -> T=38680  offset=-48  xor=0x00050  popcnt=2
FAULT R=38728 -> T=38744  offset=+16  xor=0x00010  popcnt=1
FAULT R=38729 -> T=38409  offset=-320  xor=0x00140  popcnt=2
FAULT R=38729 -> T=38425  offset=-304  xor=0x00150  popcnt=3
FAULT R=38729 -> T=38473  offset=-256  xor=0x00100  popcnt=1
FAULT R=38729 -> T=38489  offset=-240  xor=0x00110  popcnt=2
FAULT R=38729 -> T=38664  offset=-65  xor=0x00041  popcnt=2
FAULT R=38729 -> T=38665  offset=-64  xor=0x00040  popcnt=1
FAULT R=38729 -> T=38680  offset=-49  xor=0x00051  popcnt=3
FAULT R=38729 -> T=38681  offset=-48  xor=0x00050  popcnt=2
FAULT R=38729 -> T=38728  offset=-1  xor=0x00001  popcnt=1
FAULT R=38729 -> T=38744  offset=+15  xor=0x00011  popcnt=2
FAULT R=38729 -> T=38745  offset=+16  xor=0x00010  popcnt=1
FAULT R=38730 -> T=38410  offset=-320  xor=0x00140  popcnt=2
FAULT R=38730 -> T=38426  offset=-304  xor=0x00150  popcnt=3
FAULT R=38730 -> T=38474  offset=-256  xor=0x00100  popcnt=1
FAULT R=38730 -> T=38490  offset=-240  xor=0x00110  popcnt=2
FAULT R=38730 -> T=38664  offset=-66  xor=0x00042  popcnt=2
FAULT R=38730 -> T=38666  offset=-64  xor=0x00040  popcnt=1
FAULT R=38730 -> T=38680  offset=-50  xor=0x00052  popcnt=3
FAULT R=38730 -> T=38682  offset=-48  xor=0x00050  popcnt=2
FAULT R=38730 -> T=38728  offset=-2  xor=0x00002  popcnt=1
FAULT R=38730 -> T=38744  offset=+14  xor=0x00012  popcnt=2
FAULT R=38730 -> T=38746  offset=+16  xor=0x00010  popcnt=1
FAULT R=38732 -> T=38664  offset=-68  xor=0x00044  popcnt=2
FAULT R=38732 -> T=38668  offset=-64  xor=0x00040  popcnt=1
FAULT R=38732 -> T=38680  offset=-52  xor=0x00054  popcnt=3
FAULT R=38732 -> T=38684  offset=-48  xor=0x00050  popcnt=2
FAULT R=38732 -> T=38728  offset=-4  xor=0x00004  popcnt=1
FAULT R=38732 -> T=38744  offset=+12  xor=0x00014  popcnt=2
FAULT R=38732 -> T=38748  offset=+16  xor=0x00010  popcnt=1
FAULT R=38734 -> T=38414  offset=-320  xor=0x00140  popcnt=2
FAULT R=38734 -> T=38430  offset=-304  xor=0x00150  popcnt=3
FAULT R=38734 -> T=38478  offset=-256  xor=0x00100  popcnt=1
FAULT R=38734 -> T=38494  offset=-240  xor=0x00110  popcnt=2
FAULT R=38734 -> T=38664  offset=-70  xor=0x00046  popcnt=3
FAULT R=38734 -> T=38670  offset=-64  xor=0x00040  popcnt=1
FAULT R=38734 -> T=38680  offset=-54  xor=0x00056  popcnt=4
FAULT R=38734 -> T=38686  offset=-48  xor=0x00050  popcnt=2
FAULT R=38734 -> T=38728  offset=-6  xor=0x00006  popcnt=2
FAULT R=38734 -> T=38744  offset=+10  xor=0x00016  popcnt=3
FAULT R=38734 -> T=38750  offset=+16  xor=0x00010  popcnt=1
FAULT R=38736 -> T=38416  offset=-320  xor=0x00140  popcnt=2
FAULT R=38736 -> T=38480  offset=-256  xor=0x00100  popcnt=1
FAULT R=38736 -> T=38672  offset=-64  xor=0x00040  popcnt=1
FAULT R=38736 -> T=38680  offset=-56  xor=0x00048  popcnt=2
FAULT R=38736 -> T=38744  offset=+8  xor=0x00008  popcnt=1
FAULT R=38737 -> T=38416  offset=-321  xor=0x00141  popcnt=3
FAULT R=38737 -> T=38417  offset=-320  xor=0x00140  popcnt=2
FAULT R=38737 -> T=38425  offset=-312  xor=0x00148  popcnt=3
FAULT R=38737 -> T=38480  offset=-257  xor=0x00101  popcnt=2
FAULT R=38737 -> T=38481  offset=-256  xor=0x00100  popcnt=1
FAULT R=38737 -> T=38489  offset=-248  xor=0x00108  popcnt=2
FAULT R=38737 -> T=38672  offset=-65  xor=0x00041  popcnt=2
FAULT R=38737 -> T=38673  offset=-64  xor=0x00040  popcnt=1
FAULT R=38737 -> T=38680  offset=-57  xor=0x00049  popcnt=3
FAULT R=38737 -> T=38681  offset=-56  xor=0x00048  popcnt=2
FAULT R=38737 -> T=38736  offset=-1  xor=0x00001  popcnt=1
FAULT R=38737 -> T=38744  offset=+7  xor=0x00009  popcnt=2
FAULT R=38737 -> T=38745  offset=+8  xor=0x00008  popcnt=1
FAULT R=38738 -> T=38416  offset=-322  xor=0x00142  popcnt=3
FAULT R=38738 -> T=38418  offset=-320  xor=0x00140  popcnt=2
FAULT R=38738 -> T=38426  offset=-312  xor=0x00148  popcnt=3
FAULT R=38738 -> T=38480  offset=-258  xor=0x00102  popcnt=2
FAULT R=38738 -> T=38482  offset=-256  xor=0x00100  popcnt=1
FAULT R=38738 -> T=38490  offset=-248  xor=0x00108  popcnt=2
FAULT R=38738 -> T=38672  offset=-66  xor=0x00042  popcnt=2
FAULT R=38738 -> T=38674  offset=-64  xor=0x00040  popcnt=1
FAULT R=38738 -> T=38680  offset=-58  xor=0x0004a  popcnt=3
FAULT R=38738 -> T=38682  offset=-56  xor=0x00048  popcnt=2
FAULT R=38738 -> T=38736  offset=-2  xor=0x00002  popcnt=1
FAULT R=38738 -> T=38744  offset=+6  xor=0x0000a  popcnt=2
FAULT R=38738 -> T=38746  offset=+8  xor=0x00008  popcnt=1
FAULT R=38740 -> T=38416  offset=-324  xor=0x00144  popcnt=3
FAULT R=38740 -> T=38420  offset=-320  xor=0x00140  popcnt=2
FAULT R=38740 -> T=38480  offset=-260  xor=0x00104  popcnt=2
FAULT R=38740 -> T=38484  offset=-256  xor=0x00100  popcnt=1
FAULT R=38740 -> T=38672  offset=-68  xor=0x00044  popcnt=2
FAULT R=38740 -> T=38676  offset=-64  xor=0x00040  popcnt=1
FAULT R=38740 -> T=38680  offset=-60  xor=0x0004c  popcnt=3
FAULT R=38740 -> T=38684  offset=-56  xor=0x00048  popcnt=2
FAULT R=38740 -> T=38736  offset=-4  xor=0x00004  popcnt=1
FAULT R=38740 -> T=38744  offset=+4  xor=0x0000c  popcnt=2
FAULT R=38740 -> T=38748  offset=+8  xor=0x00008  popcnt=1
FAULT R=38742 -> T=38416  offset=-326  xor=0x00146  popcnt=4
FAULT R=38742 -> T=38422  offset=-320  xor=0x00140  popcnt=2
FAULT R=38742 -> T=38430  offset=-312  xor=0x00148  popcnt=3
FAULT R=38742 -> T=38480  offset=-262  xor=0x00106  popcnt=3
FAULT R=38742 -> T=38486  offset=-256  xor=0x00100  popcnt=1
FAULT R=38742 -> T=38494  offset=-248  xor=0x00108  popcnt=2
FAULT R=38742 -> T=38672  offset=-70  xor=0x00046  popcnt=3
FAULT R=38742 -> T=38678  offset=-64  xor=0x00040  popcnt=1
FAULT R=38742 -> T=38680  offset=-62  xor=0x0004e  popcnt=4
FAULT R=38742 -> T=38686  offset=-56  xor=0x00048  popcnt=2
FAULT R=38742 -> T=38736  offset=-6  xor=0x00006  popcnt=2
FAULT R=38742 -> T=38744  offset=+2  xor=0x0000e  popcnt=3
FAULT R=38742 -> T=38750  offset=+8  xor=0x00008  popcnt=1
FAULT R=38744 -> T=38680  offset=-64  xor=0x00040  popcnt=1
FAULT R=38745 -> T=38425  offset=-320  xor=0x00140  popcnt=2
FAULT R=38745 -> T=38489  offset=-256  xor=0x00100  popcnt=1
FAULT R=38745 -> T=38680  offset=-65  xor=0x00041  popcnt=2
FAULT R=38745 -> T=38681  offset=-64  xor=0x00040  popcnt=1
FAULT R=38745 -> T=38744  offset=-1  xor=0x00001  popcnt=1
FAULT R=38746 -> T=38426  offset=-320  xor=0x00140  popcnt=2
FAULT R=38746 -> T=38490  offset=-256  xor=0x00100  popcnt=1
FAULT R=38746 -> T=38680  offset=-66  xor=0x00042  popcnt=2
FAULT R=38746 -> T=38682  offset=-64  xor=0x00040  popcnt=1
FAULT R=38746 -> T=38744  offset=-2  xor=0x00002  popcnt=1
FAULT R=38747 -> T=38425  offset=-322  xor=0x00142  popcnt=3
FAULT R=38747 -> T=38426  offset=-321  xor=0x00141  popcnt=3
FAULT R=38747 -> T=38427  offset=-320  xor=0x00140  popcnt=2
FAULT R=38747 -> T=38489  offset=-258  xor=0x00102  popcnt=2
FAULT R=38747 -> T=38490  offset=-257  xor=0x00101  popcnt=2
FAULT R=38747 -> T=38491  offset=-256  xor=0x00100  popcnt=1
FAULT R=38747 -> T=38680  offset=-67  xor=0x00043  popcnt=3
FAULT R=38747 -> T=38681  offset=-66  xor=0x00042  popcnt=2
FAULT R=38747 -> T=38682  offset=-65  xor=0x00041  popcnt=2
FAULT R=38747 -> T=38683  offset=-64  xor=0x00040  popcnt=1
FAULT R=38747 -> T=38744  offset=-3  xor=0x00003  popcnt=2
FAULT R=38747 -> T=38745  offset=-2  xor=0x00002  popcnt=1
FAULT R=38747 -> T=38746  offset=-1  xor=0x00001  popcnt=1
FAULT R=38748 -> T=38680  offset=-68  xor=0x00044  popcnt=2
FAULT R=38748 -> T=38684  offset=-64  xor=0x00040  popcnt=1
FAULT R=38748 -> T=38744  offset=-4  xor=0x00004  popcnt=1
FAULT R=38749 -> T=38425  offset=-324  xor=0x00144  popcnt=3
FAULT R=38749 -> T=38429  offset=-320  xor=0x00140  popcnt=2
FAULT R=38749 -> T=38489  offset=-260  xor=0x00104  popcnt=2
FAULT R=38749 -> T=38493  offset=-256  xor=0x00100  popcnt=1
FAULT R=38749 -> T=38680  offset=-69  xor=0x00045  popcnt=3
FAULT R=38749 -> T=38681  offset=-68  xor=0x00044  popcnt=2
FAULT R=38749 -> T=38684  offset=-65  xor=0x00041  popcnt=2
FAULT R=38749 -> T=38685  offset=-64  xor=0x00040  popcnt=1
FAULT R=38749 -> T=38744  offset=-5  xor=0x00005  popcnt=2
FAULT R=38749 -> T=38745  offset=-4  xor=0x00004  popcnt=1
FAULT R=38749 -> T=38748  offset=-1  xor=0x00001  popcnt=1
FAULT R=38750 -> T=38430  offset=-320  xor=0x00140  popcnt=2
FAULT R=38750 -> T=38494  offset=-256  xor=0x00100  popcnt=1
FAULT R=38750 -> T=38680  offset=-70  xor=0x00046  popcnt=3
FAULT R=38750 -> T=38686  offset=-64  xor=0x00040  popcnt=1
FAULT R=38750 -> T=38744  offset=-6  xor=0x00006  popcnt=2
FAULT R=38751 -> T=38425  offset=-326  xor=0x00146  popcnt=4
FAULT R=38751 -> T=38430  offset=-321  xor=0x00141  popcnt=3
FAULT R=38751 -> T=38431  offset=-320  xor=0x00140  popcnt=2
FAULT R=38751 -> T=38489  offset=-262  xor=0x00106  popcnt=3
FAULT R=38751 -> T=38494  offset=-257  xor=0x00101  popcnt=2
FAULT R=38751 -> T=38495  offset=-256  xor=0x00100  popcnt=1
FAULT R=38751 -> T=38680  offset=-71  xor=0x00047  popcnt=4
FAULT R=38751 -> T=38681  offset=-70  xor=0x00046  popcnt=3
FAULT R=38751 -> T=38686  offset=-65  xor=0x00041  popcnt=2
FAULT R=38751 -> T=38687  offset=-64  xor=0x00040  popcnt=1
FAULT R=38751 -> T=38744  offset=-7  xor=0x00007  popcnt=3
FAULT R=38751 -> T=38745  offset=-6  xor=0x00006  popcnt=2
FAULT R=38751 -> T=38750  offset=-1  xor=0x00001  popcnt=1
FAULT R=38752 -> T=38400  offset=-352  xor=0x00160  popcnt=3
FAULT R=38752 -> T=38496  offset=-256  xor=0x00100  popcnt=1
FAULT R=38752 -> T=38520  offset=-232  xor=0x00118  popcnt=3
FAULT R=38752 -> T=38656  offset=-96  xor=0x00060  popcnt=2
FAULT R=38752 -> T=38680  offset=-72  xor=0x00078  popcnt=4
FAULT R=38752 -> T=38776  offset=+24  xor=0x00018  popcnt=2
FAULT R=38753 -> T=38400  offset=-353  xor=0x00161  popcnt=4
FAULT R=38753 -> T=38401  offset=-352  xor=0x00160  popcnt=3
FAULT R=38753 -> T=38425  offset=-328  xor=0x00178  popcnt=5
FAULT R=38753 -> T=38496  offset=-257  xor=0x00101  popcnt=2
FAULT R=38753 -> T=38497  offset=-256  xor=0x00100  popcnt=1
FAULT R=38753 -> T=38520  offset=-233  xor=0x00119  popcnt=4
FAULT R=38753 -> T=38521  offset=-232  xor=0x00118  popcnt=3
FAULT R=38753 -> T=38656  offset=-97  xor=0x00061  popcnt=3
FAULT R=38753 -> T=38657  offset=-96  xor=0x00060  popcnt=2
FAULT R=38753 -> T=38680  offset=-73  xor=0x00079  popcnt=5
FAULT R=38753 -> T=38681  offset=-72  xor=0x00078  popcnt=4
FAULT R=38753 -> T=38752  offset=-1  xor=0x00001  popcnt=1
FAULT R=38753 -> T=38776  offset=+23  xor=0x00019  popcnt=3
FAULT R=38753 -> T=38777  offset=+24  xor=0x00018  popcnt=2
FAULT R=38754 -> T=38400  offset=-354  xor=0x00162  popcnt=4
FAULT R=38754 -> T=38402  offset=-352  xor=0x00160  popcnt=3
FAULT R=38754 -> T=38426  offset=-328  xor=0x00178  popcnt=5
FAULT R=38754 -> T=38496  offset=-258  xor=0x00102  popcnt=2
FAULT R=38754 -> T=38498  offset=-256  xor=0x00100  popcnt=1
FAULT R=38754 -> T=38520  offset=-234  xor=0x0011a  popcnt=4
FAULT R=38754 -> T=38522  offset=-232  xor=0x00118  popcnt=3
FAULT R=38754 -> T=38656  offset=-98  xor=0x00062  popcnt=3
FAULT R=38754 -> T=38658  offset=-96  xor=0x00060  popcnt=2
FAULT R=38754 -> T=38680  offset=-74  xor=0x0007a  popcnt=5
FAULT R=38754 -> T=38682  offset=-72  xor=0x00078  popcnt=4
FAULT R=38754 -> T=38752  offset=-2  xor=0x00002  popcnt=1
FAULT R=38754 -> T=38776  offset=+22  xor=0x0001a  popcnt=3
FAULT R=38754 -> T=38778  offset=+24  xor=0x00018  popcnt=2
FAULT R=38756 -> T=38400  offset=-356  xor=0x00164  popcnt=4
FAULT R=38756 -> T=38404  offset=-352  xor=0x00160  popcnt=3
FAULT R=38756 -> T=38496  offset=-260  xor=0x00104  popcnt=2
FAULT R=38756 -> T=38500  offset=-256  xor=0x00100  popcnt=1
FAULT R=38756 -> T=38520  offset=-236  xor=0x0011c  popcnt=4
FAULT R=38756 -> T=38524  offset=-232  xor=0x00118  popcnt=3
FAULT R=38756 -> T=38656  offset=-100  xor=0x00064  popcnt=3
FAULT R=38756 -> T=38660  offset=-96  xor=0x00060  popcnt=2
FAULT R=38756 -> T=38680  offset=-76  xor=0x0007c  popcnt=5
FAULT R=38756 -> T=38684  offset=-72  xor=0x00078  popcnt=4
FAULT R=38756 -> T=38752  offset=-4  xor=0x00004  popcnt=1
FAULT R=38756 -> T=38776  offset=+20  xor=0x0001c  popcnt=3
FAULT R=38756 -> T=38780  offset=+24  xor=0x00018  popcnt=2
FAULT R=38758 -> T=38400  offset=-358  xor=0x00166  popcnt=5
FAULT R=38758 -> T=38406  offset=-352  xor=0x00160  popcnt=3
FAULT R=38758 -> T=38430  offset=-328  xor=0x00178  popcnt=5
FAULT R=38758 -> T=38496  offset=-262  xor=0x00106  popcnt=3
FAULT R=38758 -> T=38502  offset=-256  xor=0x00100  popcnt=1
FAULT R=38758 -> T=38520  offset=-238  xor=0x0011e  popcnt=5
FAULT R=38758 -> T=38526  offset=-232  xor=0x00118  popcnt=3
FAULT R=38758 -> T=38656  offset=-102  xor=0x00066  popcnt=4
FAULT R=38758 -> T=38662  offset=-96  xor=0x00060  popcnt=2
FAULT R=38758 -> T=38680  offset=-78  xor=0x0007e  popcnt=6
FAULT R=38758 -> T=38686  offset=-72  xor=0x00078  popcnt=4
FAULT R=38758 -> T=38752  offset=-6  xor=0x00006  popcnt=2
FAULT R=38758 -> T=38776  offset=+18  xor=0x0001e  popcnt=4
FAULT R=38758 -> T=38782  offset=+24  xor=0x00018  popcnt=2
FAULT R=38760 -> T=38504  offset=-256  xor=0x00100  popcnt=1
FAULT R=38760 -> T=38520  offset=-240  xor=0x00110  popcnt=2
FAULT R=38760 -> T=38664  offset=-96  xor=0x00060  popcnt=2
FAULT R=38760 -> T=38680  offset=-80  xor=0x00070  popcnt=3
FAULT R=38760 -> T=38776  offset=+16  xor=0x00010  popcnt=1
FAULT R=38761 -> T=38409  offset=-352  xor=0x00160  popcnt=3
FAULT R=38761 -> T=38425  offset=-336  xor=0x00170  popcnt=4
FAULT R=38761 -> T=38504  offset=-257  xor=0x00101  popcnt=2
FAULT R=38761 -> T=38505  offset=-256  xor=0x00100  popcnt=1
FAULT R=38761 -> T=38520  offset=-241  xor=0x00111  popcnt=3
FAULT R=38761 -> T=38521  offset=-240  xor=0x00110  popcnt=2
FAULT R=38761 -> T=38664  offset=-97  xor=0x00061  popcnt=3
FAULT R=38761 -> T=38665  offset=-96  xor=0x00060  popcnt=2
FAULT R=38761 -> T=38680  offset=-81  xor=0x00071  popcnt=4
FAULT R=38761 -> T=38681  offset=-80  xor=0x00070  popcnt=3
FAULT R=38761 -> T=38760  offset=-1  xor=0x00001  popcnt=1
FAULT R=38761 -> T=38776  offset=+15  xor=0x00011  popcnt=2
FAULT R=38761 -> T=38777  offset=+16  xor=0x00010  popcnt=1
FAULT R=38762 -> T=38410  offset=-352  xor=0x00160  popcnt=3
FAULT R=38762 -> T=38426  offset=-336  xor=0x00170  popcnt=4
FAULT R=38762 -> T=38504  offset=-258  xor=0x00102  popcnt=2
FAULT R=38762 -> T=38506  offset=-256  xor=0x00100  popcnt=1
FAULT R=38762 -> T=38520  offset=-242  xor=0x00112  popcnt=3
FAULT R=38762 -> T=38522  offset=-240  xor=0x00110  popcnt=2
FAULT R=38762 -> T=38664  offset=-98  xor=0x00062  popcnt=3
FAULT R=38762 -> T=38666  offset=-96  xor=0x00060  popcnt=2
FAULT R=38762 -> T=38680  offset=-82  xor=0x00072  popcnt=4
FAULT R=38762 -> T=38682  offset=-80  xor=0x00070  popcnt=3
FAULT R=38762 -> T=38760  offset=-2  xor=0x00002  popcnt=1
FAULT R=38762 -> T=38776  offset=+14  xor=0x00012  popcnt=2
FAULT R=38762 -> T=38778  offset=+16  xor=0x00010  popcnt=1
FAULT R=38764 -> T=38504  offset=-260  xor=0x00104  popcnt=2
FAULT R=38764 -> T=38508  offset=-256  xor=0x00100  popcnt=1
FAULT R=38764 -> T=38520  offset=-244  xor=0x00114  popcnt=3
FAULT R=38764 -> T=38524  offset=-240  xor=0x00110  popcnt=2
FAULT R=38764 -> T=38664  offset=-100  xor=0x00064  popcnt=3
FAULT R=38764 -> T=38668  offset=-96  xor=0x00060  popcnt=2
FAULT R=38764 -> T=38680  offset=-84  xor=0x00074  popcnt=4
FAULT R=38764 -> T=38684  offset=-80  xor=0x00070  popcnt=3
FAULT R=38764 -> T=38760  offset=-4  xor=0x00004  popcnt=1
FAULT R=38764 -> T=38776  offset=+12  xor=0x00014  popcnt=2
FAULT R=38764 -> T=38780  offset=+16  xor=0x00010  popcnt=1
FAULT R=38766 -> T=38414  offset=-352  xor=0x00160  popcnt=3
FAULT R=38766 -> T=38430  offset=-336  xor=0x00170  popcnt=4
FAULT R=38766 -> T=38504  offset=-262  xor=0x00106  popcnt=3
FAULT R=38766 -> T=38510  offset=-256  xor=0x00100  popcnt=1
FAULT R=38766 -> T=38520  offset=-246  xor=0x00116  popcnt=4
FAULT R=38766 -> T=38526  offset=-240  xor=0x00110  popcnt=2
FAULT R=38766 -> T=38664  offset=-102  xor=0x00066  popcnt=4
FAULT R=38766 -> T=38670  offset=-96  xor=0x00060  popcnt=2
FAULT R=38766 -> T=38680  offset=-86  xor=0x00076  popcnt=5
FAULT R=38766 -> T=38686  offset=-80  xor=0x00070  popcnt=3
FAULT R=38766 -> T=38760  offset=-6  xor=0x00006  popcnt=2
FAULT R=38766 -> T=38776  offset=+10  xor=0x00016  popcnt=3
FAULT R=38766 -> T=38782  offset=+16  xor=0x00010  popcnt=1
FAULT R=38768 -> T=38416  offset=-352  xor=0x00160  popcnt=3
FAULT R=38768 -> T=38512  offset=-256  xor=0x00100  popcnt=1
FAULT R=38768 -> T=38520  offset=-248  xor=0x00108  popcnt=2
FAULT R=38768 -> T=38672  offset=-96  xor=0x00060  popcnt=2
FAULT R=38768 -> T=38680  offset=-88  xor=0x00068  popcnt=3
FAULT R=38768 -> T=38776  offset=+8  xor=0x00008  popcnt=1
FAULT R=38769 -> T=38416  offset=-353  xor=0x00161  popcnt=4
FAULT R=38769 -> T=38417  offset=-352  xor=0x00160  popcnt=3
FAULT R=38769 -> T=38425  offset=-344  xor=0x00168  popcnt=4
FAULT R=38769 -> T=38512  offset=-257  xor=0x00101  popcnt=2
FAULT R=38769 -> T=38513  offset=-256  xor=0x00100  popcnt=1
FAULT R=38769 -> T=38520  offset=-249  xor=0x00109  popcnt=3
FAULT R=38769 -> T=38521  offset=-248  xor=0x00108  popcnt=2
FAULT R=38769 -> T=38672  offset=-97  xor=0x00061  popcnt=3
FAULT R=38769 -> T=38673  offset=-96  xor=0x00060  popcnt=2
FAULT R=38769 -> T=38680  offset=-89  xor=0x00069  popcnt=4
FAULT R=38769 -> T=38681  offset=-88  xor=0x00068  popcnt=3
FAULT R=38769 -> T=38768  offset=-1  xor=0x00001  popcnt=1
FAULT R=38769 -> T=38776  offset=+7  xor=0x00009  popcnt=2
FAULT R=38769 -> T=38777  offset=+8  xor=0x00008  popcnt=1
FAULT R=38770 -> T=38416  offset=-354  xor=0x00162  popcnt=4
FAULT R=38770 -> T=38418  offset=-352  xor=0x00160  popcnt=3
FAULT R=38770 -> T=38426  offset=-344  xor=0x00168  popcnt=4
FAULT R=38770 -> T=38512  offset=-258  xor=0x00102  popcnt=2
FAULT R=38770 -> T=38514  offset=-256  xor=0x00100  popcnt=1
FAULT R=38770 -> T=38520  offset=-250  xor=0x0010a  popcnt=3
FAULT R=38770 -> T=38522  offset=-248  xor=0x00108  popcnt=2
FAULT R=38770 -> T=38672  offset=-98  xor=0x00062  popcnt=3
FAULT R=38770 -> T=38674  offset=-96  xor=0x00060  popcnt=2
FAULT R=38770 -> T=38680  offset=-90  xor=0x0006a  popcnt=4
FAULT R=38770 -> T=38682  offset=-88  xor=0x00068  popcnt=3
FAULT R=38770 -> T=38768  offset=-2  xor=0x00002  popcnt=1
FAULT R=38770 -> T=38776  offset=+6  xor=0x0000a  popcnt=2
FAULT R=38770 -> T=38778  offset=+8  xor=0x00008  popcnt=1
FAULT R=38772 -> T=38416  offset=-356  xor=0x00164  popcnt=4
FAULT R=38772 -> T=38420  offset=-352  xor=0x00160  popcnt=3
FAULT R=38772 -> T=38512  offset=-260  xor=0x00104  popcnt=2
FAULT R=38772 -> T=38516  offset=-256  xor=0x00100  popcnt=1
FAULT R=38772 -> T=38520  offset=-252  xor=0x0010c  popcnt=3
FAULT R=38772 -> T=38524  offset=-248  xor=0x00108  popcnt=2
FAULT R=38772 -> T=38672  offset=-100  xor=0x00064  popcnt=3
FAULT R=38772 -> T=38676  offset=-96  xor=0x00060  popcnt=2
FAULT R=38772 -> T=38680  offset=-92  xor=0x0006c  popcnt=4
FAULT R=38772 -> T=38684  offset=-88  xor=0x00068  popcnt=3
FAULT R=38772 -> T=38768  offset=-4  xor=0x00004  popcnt=1
FAULT R=38772 -> T=38776  offset=+4  xor=0x0000c  popcnt=2
FAULT R=38772 -> T=38780  offset=+8  xor=0x00008  popcnt=1
FAULT R=38774 -> T=38416  offset=-358  xor=0x00166  popcnt=5
FAULT R=38774 -> T=38422  offset=-352  xor=0x00160  popcnt=3
FAULT R=38774 -> T=38430  offset=-344  xor=0x00168  popcnt=4
FAULT R=38774 -> T=38512  offset=-262  xor=0x00106  popcnt=3
FAULT R=38774 -> T=38518  offset=-256  xor=0x00100  popcnt=1
FAULT R=38774 -> T=38520  offset=-254  xor=0x0010e  popcnt=4
FAULT R=38774 -> T=38526  offset=-248  xor=0x00108  popcnt=2
FAULT R=38774 -> T=38672  offset=-102  xor=0x00066  popcnt=4
FAULT R=38774 -> T=38678  offset=-96  xor=0x00060  popcnt=2
FAULT R=38774 -> T=38680  offset=-94  xor=0x0006e  popcnt=5
FAULT R=38774 -> T=38686  offset=-88  xor=0x00068  popcnt=3
FAULT R=38774 -> T=38768  offset=-6  xor=0x00006  popcnt=2
FAULT R=38774 -> T=38776  offset=+2  xor=0x0000e  popcnt=3
FAULT R=38774 -> T=38782  offset=+8  xor=0x00008  popcnt=1
FAULT R=38776 -> T=38520  offset=-256  xor=0x00100  popcnt=1
FAULT R=38776 -> T=38680  offset=-96  xor=0x00060  popcnt=2
FAULT R=38777 -> T=38425  offset=-352  xor=0x00160  popcnt=3
FAULT R=38777 -> T=38520  offset=-257  xor=0x00101  popcnt=2
FAULT R=38777 -> T=38521  offset=-256  xor=0x00100  popcnt=1
FAULT R=38777 -> T=38680  offset=-97  xor=0x00061  popcnt=3
FAULT R=38777 -> T=38681  offset=-96  xor=0x00060  popcnt=2
FAULT R=38777 -> T=38776  offset=-1  xor=0x00001  popcnt=1
FAULT R=38778 -> T=38426  offset=-352  xor=0x00160  popcnt=3
FAULT R=38778 -> T=38520  offset=-258  xor=0x00102  popcnt=2
FAULT R=38778 -> T=38522  offset=-256  xor=0x00100  popcnt=1
FAULT R=38778 -> T=38680  offset=-98  xor=0x00062  popcnt=3
FAULT R=38778 -> T=38682  offset=-96  xor=0x00060  popcnt=2
FAULT R=38778 -> T=38776  offset=-2  xor=0x00002  popcnt=1
FAULT R=38779 -> T=38425  offset=-354  xor=0x00162  popcnt=4
FAULT R=38779 -> T=38426  offset=-353  xor=0x00161  popcnt=4
FAULT R=38779 -> T=38427  offset=-352  xor=0x00160  popcnt=3
FAULT R=38779 -> T=38520  offset=-259  xor=0x00103  popcnt=3
FAULT R=38779 -> T=38521  offset=-258  xor=0x00102  popcnt=2
FAULT R=38779 -> T=38522  offset=-257  xor=0x00101  popcnt=2
FAULT R=38779 -> T=38523  offset=-256  xor=0x00100  popcnt=1
FAULT R=38779 -> T=38680  offset=-99  xor=0x00063  popcnt=4
FAULT R=38779 -> T=38681  offset=-98  xor=0x00062  popcnt=3
FAULT R=38779 -> T=38682  offset=-97  xor=0x00061  popcnt=3
FAULT R=38779 -> T=38683  offset=-96  xor=0x00060  popcnt=2
FAULT R=38779 -> T=38776  offset=-3  xor=0x00003  popcnt=2
FAULT R=38779 -> T=38777  offset=-2  xor=0x00002  popcnt=1
FAULT R=38779 -> T=38778  offset=-1  xor=0x00001  popcnt=1
FAULT R=38780 -> T=38520  offset=-260  xor=0x00104  popcnt=2
FAULT R=38780 -> T=38524  offset=-256  xor=0x00100  popcnt=1
FAULT R=38780 -> T=38680  offset=-100  xor=0x00064  popcnt=3
FAULT R=38780 -> T=38684  offset=-96  xor=0x00060  popcnt=2
FAULT R=38780 -> T=38776  offset=-4  xor=0x00004  popcnt=1
FAULT R=38781 -> T=38425  offset=-356  xor=0x00164  popcnt=4
FAULT R=38781 -> T=38429  offset=-352  xor=0x00160  popcnt=3
FAULT R=38781 -> T=38520  offset=-261  xor=0x00105  popcnt=3
FAULT R=38781 -> T=38521  offset=-260  xor=0x00104  popcnt=2
FAULT R=38781 -> T=38524  offset=-257  xor=0x00101  popcnt=2
FAULT R=38781 -> T=38525  offset=-256  xor=0x00100  popcnt=1
FAULT R=38781 -> T=38680  offset=-101  xor=0x00065  popcnt=4
FAULT R=38781 -> T=38681  offset=-100  xor=0x00064  popcnt=3
FAULT R=38781 -> T=38684  offset=-97  xor=0x00061  popcnt=3
FAULT R=38781 -> T=38685  offset=-96  xor=0x00060  popcnt=2
FAULT R=38781 -> T=38776  offset=-5  xor=0x00005  popcnt=2
FAULT R=38781 -> T=38777  offset=-4  xor=0x00004  popcnt=1
FAULT R=38781 -> T=38780  offset=-1  xor=0x00001  popcnt=1
FAULT R=38782 -> T=38430  offset=-352  xor=0x00160  popcnt=3
FAULT R=38782 -> T=38520  offset=-262  xor=0x00106  popcnt=3
FAULT R=38782 -> T=38526  offset=-256  xor=0x00100  popcnt=1
FAULT R=38782 -> T=38680  offset=-102  xor=0x00066  popcnt=4
FAULT R=38782 -> T=38686  offset=-96  xor=0x00060  popcnt=2
FAULT R=38782 -> T=38776  offset=-6  xor=0x00006  popcnt=2
FAULT R=38783 -> T=38425  offset=-358  xor=0x00166  popcnt=5
FAULT R=38783 -> T=38430  offset=-353  xor=0x00161  popcnt=4
FAULT R=38783 -> T=38431  offset=-352  xor=0x00160  popcnt=3
FAULT R=38783 -> T=38520  offset=-263  xor=0x00107  popcnt=4
FAULT R=38783 -> T=38521  offset=-262  xor=0x00106  popcnt=3
FAULT R=38783 -> T=38526  offset=-257  xor=0x00101  popcnt=2
FAULT R=38783 -> T=38527  offset=-256  xor=0x00100  popcnt=1
FAULT R=38783 -> T=38680  offset=-103  xor=0x00067  popcnt=5
FAULT R=38783 -> T=38681  offset=-102  xor=0x00066  popcnt=4
FAULT R=38783 -> T=38686  offset=-97  xor=0x00061  popcnt=3
FAULT R=38783 -> T=38687  offset=-96  xor=0x00060  popcnt=2
FAULT R=38783 -> T=38776  offset=-7  xor=0x00007  popcnt=3
FAULT R=38783 -> T=38777  offset=-6  xor=0x00006  popcnt=2
FAULT R=38783 -> T=38782  offset=-1  xor=0x00001  popcnt=1
FAULT R=38784 -> T=38400  offset=-384  xor=0x00180  popcnt=2
FAULT R=38784 -> T=38808  offset=+24  xor=0x00018  popcnt=2
FAULT R=38785 -> T=38400  offset=-385  xor=0x00181  popcnt=3
FAULT R=38785 -> T=38401  offset=-384  xor=0x00180  popcnt=2
FAULT R=38785 -> T=38425  offset=-360  xor=0x00198  popcnt=4
FAULT R=38785 -> T=38784  offset=-1  xor=0x00001  popcnt=1
FAULT R=38785 -> T=38808  offset=+23  xor=0x00019  popcnt=3
FAULT R=38785 -> T=38809  offset=+24  xor=0x00018  popcnt=2
FAULT R=38786 -> T=38400  offset=-386  xor=0x00182  popcnt=3
FAULT R=38786 -> T=38402  offset=-384  xor=0x00180  popcnt=2
FAULT R=38786 -> T=38426  offset=-360  xor=0x00198  popcnt=4
FAULT R=38786 -> T=38784  offset=-2  xor=0x00002  popcnt=1
FAULT R=38786 -> T=38808  offset=+22  xor=0x0001a  popcnt=3
FAULT R=38786 -> T=38810  offset=+24  xor=0x00018  popcnt=2
FAULT R=38787 -> T=38400  offset=-387  xor=0x00183  popcnt=4
FAULT R=38787 -> T=38401  offset=-386  xor=0x00182  popcnt=3
FAULT R=38787 -> T=38402  offset=-385  xor=0x00181  popcnt=3
FAULT R=38787 -> T=38403  offset=-384  xor=0x00180  popcnt=2
FAULT R=38787 -> T=38425  offset=-362  xor=0x0019a  popcnt=5
FAULT R=38787 -> T=38426  offset=-361  xor=0x00199  popcnt=5
FAULT R=38787 -> T=38427  offset=-360  xor=0x00198  popcnt=4
FAULT R=38787 -> T=38784  offset=-3  xor=0x00003  popcnt=2
FAULT R=38787 -> T=38785  offset=-2  xor=0x00002  popcnt=1
FAULT R=38787 -> T=38786  offset=-1  xor=0x00001  popcnt=1
FAULT R=38787 -> T=38808  offset=+21  xor=0x0001b  popcnt=4
FAULT R=38787 -> T=38809  offset=+22  xor=0x0001a  popcnt=3
FAULT R=38787 -> T=38810  offset=+23  xor=0x00019  popcnt=3
FAULT R=38787 -> T=38811  offset=+24  xor=0x00018  popcnt=2
FAULT R=38788 -> T=38400  offset=-388  xor=0x00184  popcnt=3
FAULT R=38788 -> T=38404  offset=-384  xor=0x00180  popcnt=2
FAULT R=38788 -> T=38784  offset=-4  xor=0x00004  popcnt=1
FAULT R=38788 -> T=38808  offset=+20  xor=0x0001c  popcnt=3
FAULT R=38788 -> T=38812  offset=+24  xor=0x00018  popcnt=2
FAULT R=38789 -> T=38400  offset=-389  xor=0x00185  popcnt=4
FAULT R=38789 -> T=38401  offset=-388  xor=0x00184  popcnt=3
FAULT R=38789 -> T=38404  offset=-385  xor=0x00181  popcnt=3
FAULT R=38789 -> T=38405  offset=-384  xor=0x00180  popcnt=2
FAULT R=38789 -> T=38425  offset=-364  xor=0x0019c  popcnt=5
FAULT R=38789 -> T=38429  offset=-360  xor=0x00198  popcnt=4
FAULT R=38789 -> T=38784  offset=-5  xor=0x00005  popcnt=2
FAULT R=38789 -> T=38785  offset=-4  xor=0x00004  popcnt=1
FAULT R=38789 -> T=38788  offset=-1  xor=0x00001  popcnt=1
FAULT R=38789 -> T=38808  offset=+19  xor=0x0001d  popcnt=4
FAULT R=38789 -> T=38809  offset=+20  xor=0x0001c  popcnt=3
FAULT R=38789 -> T=38812  offset=+23  xor=0x00019  popcnt=3
FAULT R=38789 -> T=38813  offset=+24  xor=0x00018  popcnt=2
FAULT R=38790 -> T=38400  offset=-390  xor=0x00186  popcnt=4
FAULT R=38790 -> T=38406  offset=-384  xor=0x00180  popcnt=2
FAULT R=38790 -> T=38430  offset=-360  xor=0x00198  popcnt=4
FAULT R=38790 -> T=38784  offset=-6  xor=0x00006  popcnt=2
FAULT R=38790 -> T=38808  offset=+18  xor=0x0001e  popcnt=4
FAULT R=38790 -> T=38814  offset=+24  xor=0x00018  popcnt=2
FAULT R=38791 -> T=38400  offset=-391  xor=0x00187  popcnt=5
FAULT R=38791 -> T=38401  offset=-390  xor=0x00186  popcnt=4
FAULT R=38791 -> T=38406  offset=-385  xor=0x00181  popcnt=3
FAULT R=38791 -> T=38407  offset=-384  xor=0x00180  popcnt=2
FAULT R=38791 -> T=38425  offset=-366  xor=0x0019e  popcnt=6
FAULT R=38791 -> T=38430  offset=-361  xor=0x00199  popcnt=5
FAULT R=38791 -> T=38431  offset=-360  xor=0x00198  popcnt=4
FAULT R=38791 -> T=38784  offset=-7  xor=0x00007  popcnt=3
FAULT R=38791 -> T=38785  offset=-6  xor=0x00006  popcnt=2
FAULT R=38791 -> T=38790  offset=-1  xor=0x00001  popcnt=1
FAULT R=38791 -> T=38808  offset=+17  xor=0x0001f  popcnt=5
FAULT R=38791 -> T=38809  offset=+18  xor=0x0001e  popcnt=4
FAULT R=38791 -> T=38814  offset=+23  xor=0x00019  popcnt=3
FAULT R=38791 -> T=38815  offset=+24  xor=0x00018  popcnt=2
FAULT R=38792 -> T=38808  offset=+16  xor=0x00010  popcnt=1
FAULT R=38793 -> T=38409  offset=-384  xor=0x00180  popcnt=2
FAULT R=38793 -> T=38425  offset=-368  xor=0x00190  popcnt=3
FAULT R=38793 -> T=38792  offset=-1  xor=0x00001  popcnt=1
FAULT R=38793 -> T=38808  offset=+15  xor=0x00011  popcnt=2
FAULT R=38793 -> T=38809  offset=+16  xor=0x00010  popcnt=1
FAULT R=38794 -> T=38410  offset=-384  xor=0x00180  popcnt=2
FAULT R=38794 -> T=38426  offset=-368  xor=0x00190  popcnt=3
FAULT R=38794 -> T=38792  offset=-2  xor=0x00002  popcnt=1
FAULT R=38794 -> T=38808  offset=+14  xor=0x00012  popcnt=2
FAULT R=38794 -> T=38810  offset=+16  xor=0x00010  popcnt=1
FAULT R=38795 -> T=38409  offset=-386  xor=0x00182  popcnt=3
FAULT R=38795 -> T=38410  offset=-385  xor=0x00181  popcnt=3
FAULT R=38795 -> T=38411  offset=-384  xor=0x00180  popcnt=2
FAULT R=38795 -> T=38425  offset=-370  xor=0x00192  popcnt=4
FAULT R=38795 -> T=38426  offset=-369  xor=0x00191  popcnt=4
FAULT R=38795 -> T=38427  offset=-368  xor=0x00190  popcnt=3
FAULT R=38795 -> T=38792  offset=-3  xor=0x00003  popcnt=2
FAULT R=38795 -> T=38793  offset=-2  xor=0x00002  popcnt=1
FAULT R=38795 -> T=38794  offset=-1  xor=0x00001  popcnt=1
FAULT R=38795 -> T=38808  offset=+13  xor=0x00013  popcnt=3
FAULT R=38795 -> T=38809  offset=+14  xor=0x00012  popcnt=2
FAULT R=38795 -> T=38810  offset=+15  xor=0x00011  popcnt=2
FAULT R=38795 -> T=38811  offset=+16  xor=0x00010  popcnt=1
FAULT R=38796 -> T=38792  offset=-4  xor=0x00004  popcnt=1
FAULT R=38796 -> T=38808  offset=+12  xor=0x00014  popcnt=2
FAULT R=38796 -> T=38812  offset=+16  xor=0x00010  popcnt=1
FAULT R=38797 -> T=38409  offset=-388  xor=0x00184  popcnt=3
FAULT R=38797 -> T=38413  offset=-384  xor=0x00180  popcnt=2
FAULT R=38797 -> T=38425  offset=-372  xor=0x00194  popcnt=4
FAULT R=38797 -> T=38429  offset=-368  xor=0x00190  popcnt=3
FAULT R=38797 -> T=38792  offset=-5  xor=0x00005  popcnt=2
FAULT R=38797 -> T=38793  offset=-4  xor=0x00004  popcnt=1
FAULT R=38797 -> T=38796  offset=-1  xor=0x00001  popcnt=1
FAULT R=38797 -> T=38808  offset=+11  xor=0x00015  popcnt=3
FAULT R=38797 -> T=38809  offset=+12  xor=0x00014  popcnt=2
FAULT R=38797 -> T=38812  offset=+15  xor=0x00011  popcnt=2
FAULT R=38797 -> T=38813  offset=+16  xor=0x00010  popcnt=1
FAULT R=38798 -> T=38414  offset=-384  xor=0x00180  popcnt=2
FAULT R=38798 -> T=38430  offset=-368  xor=0x00190  popcnt=3
FAULT R=38798 -> T=38792  offset=-6  xor=0x00006  popcnt=2
FAULT R=38798 -> T=38808  offset=+10  xor=0x00016  popcnt=3
FAULT R=38798 -> T=38814  offset=+16  xor=0x00010  popcnt=1
FAULT R=38799 -> T=38409  offset=-390  xor=0x00186  popcnt=4
FAULT R=38799 -> T=38414  offset=-385  xor=0x00181  popcnt=3
FAULT R=38799 -> T=38415  offset=-384  xor=0x00180  popcnt=2
FAULT R=38799 -> T=38425  offset=-374  xor=0x00196  popcnt=5
FAULT R=38799 -> T=38430  offset=-369  xor=0x00191  popcnt=4
FAULT R=38799 -> T=38431  offset=-368  xor=0x00190  popcnt=3
FAULT R=38799 -> T=38792  offset=-7  xor=0x00007  popcnt=3
FAULT R=38799 -> T=38793  offset=-6  xor=0x00006  popcnt=2
FAULT R=38799 -> T=38798  offset=-1  xor=0x00001  popcnt=1
FAULT R=38799 -> T=38808  offset=+9  xor=0x00017  popcnt=4
FAULT R=38799 -> T=38809  offset=+10  xor=0x00016  popcnt=3
FAULT R=38799 -> T=38814  offset=+15  xor=0x00011  popcnt=2
FAULT R=38799 -> T=38815  offset=+16  xor=0x00010  popcnt=1
FAULT R=38800 -> T=38416  offset=-384  xor=0x00180  popcnt=2
FAULT R=38800 -> T=38808  offset=+8  xor=0x00008  popcnt=1
FAULT R=38801 -> T=38416  offset=-385  xor=0x00181  popcnt=3
FAULT R=38801 -> T=38417  offset=-384  xor=0x00180  popcnt=2
FAULT R=38801 -> T=38425  offset=-376  xor=0x00188  popcnt=3
FAULT R=38801 -> T=38800  offset=-1  xor=0x00001  popcnt=1
FAULT R=38801 -> T=38808  offset=+7  xor=0x00009  popcnt=2
FAULT R=38801 -> T=38809  offset=+8  xor=0x00008  popcnt=1
FAULT R=38802 -> T=38416  offset=-386  xor=0x00182  popcnt=3
FAULT R=38802 -> T=38418  offset=-384  xor=0x00180  popcnt=2
FAULT R=38802 -> T=38426  offset=-376  xor=0x00188  popcnt=3
FAULT R=38802 -> T=38800  offset=-2  xor=0x00002  popcnt=1
FAULT R=38802 -> T=38808  offset=+6  xor=0x0000a  popcnt=2
FAULT R=38802 -> T=38810  offset=+8  xor=0x00008  popcnt=1
FAULT R=38803 -> T=38416  offset=-387  xor=0x00183  popcnt=4
FAULT R=38803 -> T=38417  offset=-386  xor=0x00182  popcnt=3
FAULT R=38803 -> T=38418  offset=-385  xor=0x00181  popcnt=3
FAULT R=38803 -> T=38419  offset=-384  xor=0x00180  popcnt=2
FAULT R=38803 -> T=38425  offset=-378  xor=0x0018a  popcnt=4
FAULT R=38803 -> T=38426  offset=-377  xor=0x00189  popcnt=4
FAULT R=38803 -> T=38427  offset=-376  xor=0x00188  popcnt=3
FAULT R=38803 -> T=38800  offset=-3  xor=0x00003  popcnt=2
FAULT R=38803 -> T=38801  offset=-2  xor=0x00002  popcnt=1
FAULT R=38803 -> T=38802  offset=-1  xor=0x00001  popcnt=1
FAULT R=38803 -> T=38808  offset=+5  xor=0x0000b  popcnt=3
FAULT R=38803 -> T=38809  offset=+6  xor=0x0000a  popcnt=2
FAULT R=38803 -> T=38810  offset=+7  xor=0x00009  popcnt=2
FAULT R=38803 -> T=38811  offset=+8  xor=0x00008  popcnt=1
FAULT R=38804 -> T=38416  offset=-388  xor=0x00184  popcnt=3
FAULT R=38804 -> T=38420  offset=-384  xor=0x00180  popcnt=2
FAULT R=38804 -> T=38800  offset=-4  xor=0x00004  popcnt=1
FAULT R=38804 -> T=38808  offset=+4  xor=0x0000c  popcnt=2
FAULT R=38804 -> T=38812  offset=+8  xor=0x00008  popcnt=1
FAULT R=38805 -> T=38416  offset=-389  xor=0x00185  popcnt=4
FAULT R=38805 -> T=38417  offset=-388  xor=0x00184  popcnt=3
FAULT R=38805 -> T=38420  offset=-385  xor=0x00181  popcnt=3
FAULT R=38805 -> T=38421  offset=-384  xor=0x00180  popcnt=2
FAULT R=38805 -> T=38425  offset=-380  xor=0x0018c  popcnt=4
FAULT R=38805 -> T=38429  offset=-376  xor=0x00188  popcnt=3
FAULT R=38805 -> T=38800  offset=-5  xor=0x00005  popcnt=2
FAULT R=38805 -> T=38801  offset=-4  xor=0x00004  popcnt=1
FAULT R=38805 -> T=38804  offset=-1  xor=0x00001  popcnt=1
FAULT R=38805 -> T=38808  offset=+3  xor=0x0000d  popcnt=3
FAULT R=38805 -> T=38809  offset=+4  xor=0x0000c  popcnt=2
FAULT R=38805 -> T=38812  offset=+7  xor=0x00009  popcnt=2
FAULT R=38805 -> T=38813  offset=+8  xor=0x00008  popcnt=1
FAULT R=38806 -> T=38416  offset=-390  xor=0x00186  popcnt=4
FAULT R=38806 -> T=38422  offset=-384  xor=0x00180  popcnt=2
FAULT R=38806 -> T=38430  offset=-376  xor=0x00188  popcnt=3
FAULT R=38806 -> T=38800  offset=-6  xor=0x00006  popcnt=2
FAULT R=38806 -> T=38808  offset=+2  xor=0x0000e  popcnt=3
FAULT R=38806 -> T=38814  offset=+8  xor=0x00008  popcnt=1
FAULT R=38807 -> T=38416  offset=-391  xor=0x00187  popcnt=5
FAULT R=38807 -> T=38417  offset=-390  xor=0x00186  popcnt=4
FAULT R=38807 -> T=38422  offset=-385  xor=0x00181  popcnt=3
FAULT R=38807 -> T=38423  offset=-384  xor=0x00180  popcnt=2
FAULT R=38807 -> T=38425  offset=-382  xor=0x0018e  popcnt=5
FAULT R=38807 -> T=38430  offset=-377  xor=0x00189  popcnt=4
FAULT R=38807 -> T=38431  offset=-376  xor=0x00188  popcnt=3
FAULT R=38807 -> T=38800  offset=-7  xor=0x00007  popcnt=3
FAULT R=38807 -> T=38801  offset=-6  xor=0x00006  popcnt=2
FAULT R=38807 -> T=38806  offset=-1  xor=0x00001  popcnt=1
FAULT R=38807 -> T=38808  offset=+1  xor=0x0000f  popcnt=4
FAULT R=38807 -> T=38809  offset=+2  xor=0x0000e  popcnt=3
FAULT R=38807 -> T=38814  offset=+7  xor=0x00009  popcnt=2
FAULT R=38807 -> T=38815  offset=+8  xor=0x00008  popcnt=1
FAULT R=38809 -> T=38425  offset=-384  xor=0x00180  popcnt=2
FAULT R=38809 -> T=38808  offset=-1  xor=0x00001  popcnt=1
FAULT R=38810 -> T=38426  offset=-384  xor=0x00180  popcnt=2
FAULT R=38810 -> T=38808  offset=-2  xor=0x00002  popcnt=1
FAULT R=38811 -> T=38425  offset=-386  xor=0x00182  popcnt=3
FAULT R=38811 -> T=38426  offset=-385  xor=0x00181  popcnt=3
FAULT R=38811 -> T=38427  offset=-384  xor=0x00180  popcnt=2
FAULT R=38811 -> T=38808  offset=-3  xor=0x00003  popcnt=2
FAULT R=38811 -> T=38809  offset=-2  xor=0x00002  popcnt=1
FAULT R=38811 -> T=38810  offset=-1  xor=0x00001  popcnt=1
FAULT R=38812 -> T=38808  offset=-4  xor=0x00004  popcnt=1
FAULT R=38813 -> T=38425  offset=-388  xor=0x00184  popcnt=3
FAULT R=38813 -> T=38429  offset=-384  xor=0x00180  popcnt=2
FAULT R=38813 -> T=38808  offset=-5  xor=0x00005  popcnt=2
FAULT R=38813 -> T=38809  offset=-4  xor=0x00004  popcnt=1
FAULT R=38813 -> T=38812  offset=-1  xor=0x00001  popcnt=1
FAULT R=38814 -> T=38430  offset=-384  xor=0x00180  popcnt=2
FAULT R=38814 -> T=38808  offset=-6  xor=0x00006  popcnt=2
FAULT R=38815 -> T=38425  offset=-390  xor=0x00186  popcnt=4
FAULT R=38815 -> T=38430  offset=-385  xor=0x00181  popcnt=3
FAULT R=38815 -> T=38431  offset=-384  xor=0x00180  popcnt=2
FAULT R=38815 -> T=38808  offset=-7  xor=0x00007  popcnt=3
FAULT R=38815 -> T=38809  offset=-6  xor=0x00006  popcnt=2
FAULT R=38815 -> T=38814  offset=-1  xor=0x00001  popcnt=1
FAULT R=38816 -> T=38400  offset=-416  xor=0x001a0  popcnt=3
FAULT R=38816 -> T=38432  offset=-384  xor=0x00180  popcnt=2
FAULT R=38816 -> T=38456  offset=-360  xor=0x00198  popcnt=4
FAULT R=38816 -> T=38784  offset=-32  xor=0x00020  popcnt=1
FAULT R=38816 -> T=38808  offset=-8  xor=0x00038  popcnt=3
FAULT R=38816 -> T=38840  offset=+24  xor=0x00018  popcnt=2
FAULT R=38817 -> T=38400  offset=-417  xor=0x001a1  popcnt=4
FAULT R=38817 -> T=38401  offset=-416  xor=0x001a0  popcnt=3
FAULT R=38817 -> T=38425  offset=-392  xor=0x001b8  popcnt=5
FAULT R=38817 -> T=38432  offset=-385  xor=0x00181  popcnt=3
FAULT R=38817 -> T=38433  offset=-384  xor=0x00180  popcnt=2
FAULT R=38817 -> T=38456  offset=-361  xor=0x00199  popcnt=5
FAULT R=38817 -> T=38457  offset=-360  xor=0x00198  popcnt=4
FAULT R=38817 -> T=38784  offset=-33  xor=0x00021  popcnt=2
FAULT R=38817 -> T=38785  offset=-32  xor=0x00020  popcnt=1
FAULT R=38817 -> T=38808  offset=-9  xor=0x00039  popcnt=4
FAULT R=38817 -> T=38809  offset=-8  xor=0x00038  popcnt=3
FAULT R=38817 -> T=38816  offset=-1  xor=0x00001  popcnt=1
FAULT R=38817 -> T=38840  offset=+23  xor=0x00019  popcnt=3
FAULT R=38817 -> T=38841  offset=+24  xor=0x00018  popcnt=2
FAULT R=38818 -> T=38400  offset=-418  xor=0x001a2  popcnt=4
FAULT R=38818 -> T=38402  offset=-416  xor=0x001a0  popcnt=3
FAULT R=38818 -> T=38426  offset=-392  xor=0x001b8  popcnt=5
FAULT R=38818 -> T=38432  offset=-386  xor=0x00182  popcnt=3
FAULT R=38818 -> T=38434  offset=-384  xor=0x00180  popcnt=2
FAULT R=38818 -> T=38456  offset=-362  xor=0x0019a  popcnt=5
FAULT R=38818 -> T=38458  offset=-360  xor=0x00198  popcnt=4
FAULT R=38818 -> T=38784  offset=-34  xor=0x00022  popcnt=2
FAULT R=38818 -> T=38786  offset=-32  xor=0x00020  popcnt=1
FAULT R=38818 -> T=38808  offset=-10  xor=0x0003a  popcnt=4
FAULT R=38818 -> T=38810  offset=-8  xor=0x00038  popcnt=3
FAULT R=38818 -> T=38816  offset=-2  xor=0x00002  popcnt=1
FAULT R=38818 -> T=38840  offset=+22  xor=0x0001a  popcnt=3
FAULT R=38818 -> T=38842  offset=+24  xor=0x00018  popcnt=2
FAULT R=38820 -> T=38400  offset=-420  xor=0x001a4  popcnt=4
FAULT R=38820 -> T=38404  offset=-416  xor=0x001a0  popcnt=3
FAULT R=38820 -> T=38432  offset=-388  xor=0x00184  popcnt=3
FAULT R=38820 -> T=38436  offset=-384  xor=0x00180  popcnt=2
FAULT R=38820 -> T=38456  offset=-364  xor=0x0019c  popcnt=5
FAULT R=38820 -> T=38460  offset=-360  xor=0x00198  popcnt=4
FAULT R=38820 -> T=38784  offset=-36  xor=0x00024  popcnt=2
FAULT R=38820 -> T=38788  offset=-32  xor=0x00020  popcnt=1
FAULT R=38820 -> T=38808  offset=-12  xor=0x0003c  popcnt=4
FAULT R=38820 -> T=38812  offset=-8  xor=0x00038  popcnt=3
FAULT R=38820 -> T=38816  offset=-4  xor=0x00004  popcnt=1
FAULT R=38820 -> T=38840  offset=+20  xor=0x0001c  popcnt=3
FAULT R=38820 -> T=38844  offset=+24  xor=0x00018  popcnt=2
FAULT R=38822 -> T=38400  offset=-422  xor=0x001a6  popcnt=5
FAULT R=38822 -> T=38406  offset=-416  xor=0x001a0  popcnt=3
FAULT R=38822 -> T=38430  offset=-392  xor=0x001b8  popcnt=5
FAULT R=38822 -> T=38432  offset=-390  xor=0x00186  popcnt=4
FAULT R=38822 -> T=38438  offset=-384  xor=0x00180  popcnt=2
FAULT R=38822 -> T=38456  offset=-366  xor=0x0019e  popcnt=6
FAULT R=38822 -> T=38462  offset=-360  xor=0x00198  popcnt=4
FAULT R=38822 -> T=38784  offset=-38  xor=0x00026  popcnt=3
FAULT R=38822 -> T=38790  offset=-32  xor=0x00020  popcnt=1
FAULT R=38822 -> T=38808  offset=-14  xor=0x0003e  popcnt=5
FAULT R=38822 -> T=38814  offset=-8  xor=0x00038  popcnt=3
FAULT R=38822 -> T=38816  offset=-6  xor=0x00006  popcnt=2
FAULT R=38822 -> T=38840  offset=+18  xor=0x0001e  popcnt=4
FAULT R=38822 -> T=38846  offset=+24  xor=0x00018  popcnt=2
FAULT R=38824 -> T=38440  offset=-384  xor=0x00180  popcnt=2
FAULT R=38824 -> T=38456  offset=-368  xor=0x00190  popcnt=3
FAULT R=38824 -> T=38792  offset=-32  xor=0x00020  popcnt=1
FAULT R=38824 -> T=38808  offset=-16  xor=0x00030  popcnt=2
FAULT R=38824 -> T=38840  offset=+16  xor=0x00010  popcnt=1
FAULT R=38825 -> T=38409  offset=-416  xor=0x001a0  popcnt=3
FAULT R=38825 -> T=38425  offset=-400  xor=0x001b0  popcnt=4
FAULT R=38825 -> T=38440  offset=-385  xor=0x00181  popcnt=3
FAULT R=38825 -> T=38441  offset=-384  xor=0x00180  popcnt=2
FAULT R=38825 -> T=38456  offset=-369  xor=0x00191  popcnt=4
FAULT R=38825 -> T=38457  offset=-368  xor=0x00190  popcnt=3
FAULT R=38825 -> T=38792  offset=-33  xor=0x00021  popcnt=2
FAULT R=38825 -> T=38793  offset=-32  xor=0x00020  popcnt=1
FAULT R=38825 -> T=38808  offset=-17  xor=0x00031  popcnt=3
FAULT R=38825 -> T=38809  offset=-16  xor=0x00030  popcnt=2
FAULT R=38825 -> T=38824  offset=-1  xor=0x00001  popcnt=1
FAULT R=38825 -> T=38840  offset=+15  xor=0x00011  popcnt=2
FAULT R=38825 -> T=38841  offset=+16  xor=0x00010  popcnt=1
FAULT R=38826 -> T=38410  offset=-416  xor=0x001a0  popcnt=3
FAULT R=38826 -> T=38426  offset=-400  xor=0x001b0  popcnt=4
FAULT R=38826 -> T=38440  offset=-386  xor=0x00182  popcnt=3
FAULT R=38826 -> T=38442  offset=-384  xor=0x00180  popcnt=2
FAULT R=38826 -> T=38456  offset=-370  xor=0x00192  popcnt=4
FAULT R=38826 -> T=38458  offset=-368  xor=0x00190  popcnt=3
FAULT R=38826 -> T=38792  offset=-34  xor=0x00022  popcnt=2
FAULT R=38826 -> T=38794  offset=-32  xor=0x00020  popcnt=1
FAULT R=38826 -> T=38808  offset=-18  xor=0x00032  popcnt=3
FAULT R=38826 -> T=38810  offset=-16  xor=0x00030  popcnt=2
FAULT R=38826 -> T=38824  offset=-2  xor=0x00002  popcnt=1
FAULT R=38826 -> T=38840  offset=+14  xor=0x00012  popcnt=2
FAULT R=38826 -> T=38842  offset=+16  xor=0x00010  popcnt=1
FAULT R=38828 -> T=38440  offset=-388  xor=0x00184  popcnt=3
FAULT R=38828 -> T=38444  offset=-384  xor=0x00180  popcnt=2
FAULT R=38828 -> T=38456  offset=-372  xor=0x00194  popcnt=4
FAULT R=38828 -> T=38460  offset=-368  xor=0x00190  popcnt=3
FAULT R=38828 -> T=38792  offset=-36  xor=0x00024  popcnt=2
FAULT R=38828 -> T=38796  offset=-32  xor=0x00020  popcnt=1
FAULT R=38828 -> T=38808  offset=-20  xor=0x00034  popcnt=3
FAULT R=38828 -> T=38812  offset=-16  xor=0x00030  popcnt=2
FAULT R=38828 -> T=38824  offset=-4  xor=0x00004  popcnt=1
FAULT R=38828 -> T=38840  offset=+12  xor=0x00014  popcnt=2
FAULT R=38828 -> T=38844  offset=+16  xor=0x00010  popcnt=1
FAULT R=38830 -> T=38414  offset=-416  xor=0x001a0  popcnt=3
FAULT R=38830 -> T=38430  offset=-400  xor=0x001b0  popcnt=4
FAULT R=38830 -> T=38440  offset=-390  xor=0x00186  popcnt=4
FAULT R=38830 -> T=38446  offset=-384  xor=0x00180  popcnt=2
FAULT R=38830 -> T=38456  offset=-374  xor=0x00196  popcnt=5
FAULT R=38830 -> T=38462  offset=-368  xor=0x00190  popcnt=3
FAULT R=38830 -> T=38792  offset=-38  xor=0x00026  popcnt=3
FAULT R=38830 -> T=38798  offset=-32  xor=0x00020  popcnt=1
FAULT R=38830 -> T=38808  offset=-22  xor=0x00036  popcnt=4
FAULT R=38830 -> T=38814  offset=-16  xor=0x00030  popcnt=2
FAULT R=38830 -> T=38824  offset=-6  xor=0x00006  popcnt=2
FAULT R=38830 -> T=38840  offset=+10  xor=0x00016  popcnt=3
FAULT R=38830 -> T=38846  offset=+16  xor=0x00010  popcnt=1
FAULT R=38832 -> T=38416  offset=-416  xor=0x001a0  popcnt=3
FAULT R=38832 -> T=38448  offset=-384  xor=0x00180  popcnt=2
FAULT R=38832 -> T=38456  offset=-376  xor=0x00188  popcnt=3
FAULT R=38832 -> T=38800  offset=-32  xor=0x00020  popcnt=1
FAULT R=38832 -> T=38808  offset=-24  xor=0x00028  popcnt=2
FAULT R=38832 -> T=38840  offset=+8  xor=0x00008  popcnt=1
FAULT R=38833 -> T=38416  offset=-417  xor=0x001a1  popcnt=4
FAULT R=38833 -> T=38417  offset=-416  xor=0x001a0  popcnt=3
FAULT R=38833 -> T=38425  offset=-408  xor=0x001a8  popcnt=4
FAULT R=38833 -> T=38448  offset=-385  xor=0x00181  popcnt=3
FAULT R=38833 -> T=38449  offset=-384  xor=0x00180  popcnt=2
FAULT R=38833 -> T=38456  offset=-377  xor=0x00189  popcnt=4
FAULT R=38833 -> T=38457  offset=-376  xor=0x00188  popcnt=3
FAULT R=38833 -> T=38800  offset=-33  xor=0x00021  popcnt=2
FAULT R=38833 -> T=38801  offset=-32  xor=0x00020  popcnt=1
FAULT R=38833 -> T=38808  offset=-25  xor=0x00029  popcnt=3
FAULT R=38833 -> T=38809  offset=-24  xor=0x00028  popcnt=2
FAULT R=38833 -> T=38832  offset=-1  xor=0x00001  popcnt=1
FAULT R=38833 -> T=38840  offset=+7  xor=0x00009  popcnt=2
FAULT R=38833 -> T=38841  offset=+8  xor=0x00008  popcnt=1
FAULT R=38834 -> T=38416  offset=-418  xor=0x001a2  popcnt=4
FAULT R=38834 -> T=38418  offset=-416  xor=0x001a0  popcnt=3
FAULT R=38834 -> T=38426  offset=-408  xor=0x001a8  popcnt=4
FAULT R=38834 -> T=38448  offset=-386  xor=0x00182  popcnt=3
FAULT R=38834 -> T=38450  offset=-384  xor=0x00180  popcnt=2
FAULT R=38834 -> T=38456  offset=-378  xor=0x0018a  popcnt=4
FAULT R=38834 -> T=38458  offset=-376  xor=0x00188  popcnt=3
FAULT R=38834 -> T=38800  offset=-34  xor=0x00022  popcnt=2
FAULT R=38834 -> T=38802  offset=-32  xor=0x00020  popcnt=1
FAULT R=38834 -> T=38808  offset=-26  xor=0x0002a  popcnt=3
FAULT R=38834 -> T=38810  offset=-24  xor=0x00028  popcnt=2
FAULT R=38834 -> T=38832  offset=-2  xor=0x00002  popcnt=1
FAULT R=38834 -> T=38840  offset=+6  xor=0x0000a  popcnt=2
FAULT R=38834 -> T=38842  offset=+8  xor=0x00008  popcnt=1
FAULT R=38836 -> T=38416  offset=-420  xor=0x001a4  popcnt=4
FAULT R=38836 -> T=38420  offset=-416  xor=0x001a0  popcnt=3
FAULT R=38836 -> T=38448  offset=-388  xor=0x00184  popcnt=3
FAULT R=38836 -> T=38452  offset=-384  xor=0x00180  popcnt=2
FAULT R=38836 -> T=38456  offset=-380  xor=0x0018c  popcnt=4
FAULT R=38836 -> T=38460  offset=-376  xor=0x00188  popcnt=3
FAULT R=38836 -> T=38800  offset=-36  xor=0x00024  popcnt=2
FAULT R=38836 -> T=38804  offset=-32  xor=0x00020  popcnt=1
FAULT R=38836 -> T=38808  offset=-28  xor=0x0002c  popcnt=3
FAULT R=38836 -> T=38812  offset=-24  xor=0x00028  popcnt=2
FAULT R=38836 -> T=38832  offset=-4  xor=0x00004  popcnt=1
FAULT R=38836 -> T=38840  offset=+4  xor=0x0000c  popcnt=2
FAULT R=38836 -> T=38844  offset=+8  xor=0x00008  popcnt=1
FAULT R=38838 -> T=38416  offset=-422  xor=0x001a6  popcnt=5
FAULT R=38838 -> T=38422  offset=-416  xor=0x001a0  popcnt=3
FAULT R=38838 -> T=38430  offset=-408  xor=0x001a8  popcnt=4
FAULT R=38838 -> T=38448  offset=-390  xor=0x00186  popcnt=4
FAULT R=38838 -> T=38454  offset=-384  xor=0x00180  popcnt=2
FAULT R=38838 -> T=38456  offset=-382  xor=0x0018e  popcnt=5
FAULT R=38838 -> T=38462  offset=-376  xor=0x00188  popcnt=3
FAULT R=38838 -> T=38800  offset=-38  xor=0x00026  popcnt=3
FAULT R=38838 -> T=38806  offset=-32  xor=0x00020  popcnt=1
FAULT R=38838 -> T=38808  offset=-30  xor=0x0002e  popcnt=4
FAULT R=38838 -> T=38814  offset=-24  xor=0x00028  popcnt=2
FAULT R=38838 -> T=38832  offset=-6  xor=0x00006  popcnt=2
FAULT R=38838 -> T=38840  offset=+2  xor=0x0000e  popcnt=3
FAULT R=38838 -> T=38846  offset=+8  xor=0x00008  popcnt=1
FAULT R=38840 -> T=38456  offset=-384  xor=0x00180  popcnt=2
FAULT R=38840 -> T=38808  offset=-32  xor=0x00020  popcnt=1
FAULT R=38841 -> T=38425  offset=-416  xor=0x001a0  popcnt=3
FAULT R=38841 -> T=38456  offset=-385  xor=0x00181  popcnt=3
FAULT R=38841 -> T=38457  offset=-384  xor=0x00180  popcnt=2
FAULT R=38841 -> T=38808  offset=-33  xor=0x00021  popcnt=2
FAULT R=38841 -> T=38809  offset=-32  xor=0x00020  popcnt=1
FAULT R=38841 -> T=38840  offset=-1  xor=0x00001  popcnt=1
FAULT R=38842 -> T=38426  offset=-416  xor=0x001a0  popcnt=3
FAULT R=38842 -> T=38456  offset=-386  xor=0x00182  popcnt=3
FAULT R=38842 -> T=38458  offset=-384  xor=0x00180  popcnt=2
FAULT R=38842 -> T=38808  offset=-34  xor=0x00022  popcnt=2
FAULT R=38842 -> T=38810  offset=-32  xor=0x00020  popcnt=1
FAULT R=38842 -> T=38840  offset=-2  xor=0x00002  popcnt=1
FAULT R=38843 -> T=38425  offset=-418  xor=0x001a2  popcnt=4
FAULT R=38843 -> T=38426  offset=-417  xor=0x001a1  popcnt=4
FAULT R=38843 -> T=38427  offset=-416  xor=0x001a0  popcnt=3
FAULT R=38843 -> T=38456  offset=-387  xor=0x00183  popcnt=4
FAULT R=38843 -> T=38457  offset=-386  xor=0x00182  popcnt=3
FAULT R=38843 -> T=38458  offset=-385  xor=0x00181  popcnt=3
FAULT R=38843 -> T=38459  offset=-384  xor=0x00180  popcnt=2
FAULT R=38843 -> T=38808  offset=-35  xor=0x00023  popcnt=3
FAULT R=38843 -> T=38809  offset=-34  xor=0x00022  popcnt=2
FAULT R=38843 -> T=38810  offset=-33  xor=0x00021  popcnt=2
FAULT R=38843 -> T=38811  offset=-32  xor=0x00020  popcnt=1
FAULT R=38843 -> T=38840  offset=-3  xor=0x00003  popcnt=2
FAULT R=38843 -> T=38841  offset=-2  xor=0x00002  popcnt=1
FAULT R=38843 -> T=38842  offset=-1  xor=0x00001  popcnt=1
FAULT R=38844 -> T=38456  offset=-388  xor=0x00184  popcnt=3
FAULT R=38844 -> T=38460  offset=-384  xor=0x00180  popcnt=2
FAULT R=38844 -> T=38808  offset=-36  xor=0x00024  popcnt=2
FAULT R=38844 -> T=38812  offset=-32  xor=0x00020  popcnt=1
FAULT R=38844 -> T=38840  offset=-4  xor=0x00004  popcnt=1
FAULT R=38845 -> T=38425  offset=-420  xor=0x001a4  popcnt=4
FAULT R=38845 -> T=38429  offset=-416  xor=0x001a0  popcnt=3
FAULT R=38845 -> T=38456  offset=-389  xor=0x00185  popcnt=4
FAULT R=38845 -> T=38457  offset=-388  xor=0x00184  popcnt=3
FAULT R=38845 -> T=38460  offset=-385  xor=0x00181  popcnt=3
FAULT R=38845 -> T=38461  offset=-384  xor=0x00180  popcnt=2
FAULT R=38845 -> T=38808  offset=-37  xor=0x00025  popcnt=3
FAULT R=38845 -> T=38809  offset=-36  xor=0x00024  popcnt=2
FAULT R=38845 -> T=38812  offset=-33  xor=0x00021  popcnt=2
FAULT R=38845 -> T=38813  offset=-32  xor=0x00020  popcnt=1
FAULT R=38845 -> T=38840  offset=-5  xor=0x00005  popcnt=2
FAULT R=38845 -> T=38841  offset=-4  xor=0x00004  popcnt=1
FAULT R=38845 -> T=38844  offset=-1  xor=0x00001  popcnt=1
FAULT R=38846 -> T=38430  offset=-416  xor=0x001a0  popcnt=3
FAULT R=38846 -> T=38456  offset=-390  xor=0x00186  popcnt=4
FAULT R=38846 -> T=38462  offset=-384  xor=0x00180  popcnt=2
FAULT R=38846 -> T=38808  offset=-38  xor=0x00026  popcnt=3
FAULT R=38846 -> T=38814  offset=-32  xor=0x00020  popcnt=1
FAULT R=38846 -> T=38840  offset=-6  xor=0x00006  popcnt=2
FAULT R=38847 -> T=38425  offset=-422  xor=0x001a6  popcnt=5
FAULT R=38847 -> T=38430  offset=-417  xor=0x001a1  popcnt=4
FAULT R=38847 -> T=38431  offset=-416  xor=0x001a0  popcnt=3
FAULT R=38847 -> T=38456  offset=-391  xor=0x00187  popcnt=5
FAULT R=38847 -> T=38457  offset=-390  xor=0x00186  popcnt=4
FAULT R=38847 -> T=38462  offset=-385  xor=0x00181  popcnt=3
FAULT R=38847 -> T=38463  offset=-384  xor=0x00180  popcnt=2
FAULT R=38847 -> T=38808  offset=-39  xor=0x00027  popcnt=4
FAULT R=38847 -> T=38809  offset=-38  xor=0x00026  popcnt=3
FAULT R=38847 -> T=38814  offset=-33  xor=0x00021  popcnt=2
FAULT R=38847 -> T=38815  offset=-32  xor=0x00020  popcnt=1
FAULT R=38847 -> T=38840  offset=-7  xor=0x00007  popcnt=3
FAULT R=38847 -> T=38841  offset=-6  xor=0x00006  popcnt=2
FAULT R=38847 -> T=38846  offset=-1  xor=0x00001  popcnt=1
FAULT R=38848 -> T=38400  offset=-448  xor=0x001c0  popcnt=3
FAULT R=38848 -> T=38464  offset=-384  xor=0x00180  popcnt=2
FAULT R=38848 -> T=38784  offset=-64  xor=0x00040  popcnt=1
FAULT R=38848 -> T=38808  offset=-40  xor=0x00058  popcnt=3
FAULT R=38848 -> T=38872  offset=+24  xor=0x00018  popcnt=2
FAULT R=38849 -> T=38400  offset=-449  xor=0x001c1  popcnt=4
FAULT R=38849 -> T=38401  offset=-448  xor=0x001c0  popcnt=3
FAULT R=38849 -> T=38425  offset=-424  xor=0x001d8  popcnt=5
FAULT R=38849 -> T=38464  offset=-385  xor=0x00181  popcnt=3
FAULT R=38849 -> T=38465  offset=-384  xor=0x00180  popcnt=2
FAULT R=38849 -> T=38489  offset=-360  xor=0x00198  popcnt=4
FAULT R=38849 -> T=38784  offset=-65  xor=0x00041  popcnt=2
FAULT R=38849 -> T=38785  offset=-64  xor=0x00040  popcnt=1
FAULT R=38849 -> T=38808  offset=-41  xor=0x00059  popcnt=4
FAULT R=38849 -> T=38809  offset=-40  xor=0x00058  popcnt=3
FAULT R=38849 -> T=38848  offset=-1  xor=0x00001  popcnt=1
FAULT R=38849 -> T=38872  offset=+23  xor=0x00019  popcnt=3
FAULT R=38849 -> T=38873  offset=+24  xor=0x00018  popcnt=2
FAULT R=38850 -> T=38400  offset=-450  xor=0x001c2  popcnt=4
FAULT R=38850 -> T=38402  offset=-448  xor=0x001c0  popcnt=3
FAULT R=38850 -> T=38426  offset=-424  xor=0x001d8  popcnt=5
FAULT R=38850 -> T=38464  offset=-386  xor=0x00182  popcnt=3
FAULT R=38850 -> T=38466  offset=-384  xor=0x00180  popcnt=2
FAULT R=38850 -> T=38490  offset=-360  xor=0x00198  popcnt=4
FAULT R=38850 -> T=38784  offset=-66  xor=0x00042  popcnt=2
FAULT R=38850 -> T=38786  offset=-64  xor=0x00040  popcnt=1
FAULT R=38850 -> T=38808  offset=-42  xor=0x0005a  popcnt=4
FAULT R=38850 -> T=38810  offset=-40  xor=0x00058  popcnt=3
FAULT R=38850 -> T=38848  offset=-2  xor=0x00002  popcnt=1
FAULT R=38850 -> T=38872  offset=+22  xor=0x0001a  popcnt=3
FAULT R=38850 -> T=38874  offset=+24  xor=0x00018  popcnt=2
FAULT R=38852 -> T=38400  offset=-452  xor=0x001c4  popcnt=4
FAULT R=38852 -> T=38404  offset=-448  xor=0x001c0  popcnt=3
FAULT R=38852 -> T=38464  offset=-388  xor=0x00184  popcnt=3
FAULT R=38852 -> T=38468  offset=-384  xor=0x00180  popcnt=2
FAULT R=38852 -> T=38784  offset=-68  xor=0x00044  popcnt=2
FAULT R=38852 -> T=38788  offset=-64  xor=0x00040  popcnt=1
FAULT R=38852 -> T=38808  offset=-44  xor=0x0005c  popcnt=4
FAULT R=38852 -> T=38812  offset=-40  xor=0x00058  popcnt=3
FAULT R=38852 -> T=38848  offset=-4  xor=0x00004  popcnt=1
FAULT R=38852 -> T=38872  offset=+20  xor=0x0001c  popcnt=3
FAULT R=38852 -> T=38876  offset=+24  xor=0x00018  popcnt=2
FAULT R=38854 -> T=38400  offset=-454  xor=0x001c6  popcnt=5
FAULT R=38854 -> T=38406  offset=-448  xor=0x001c0  popcnt=3
FAULT R=38854 -> T=38430  offset=-424  xor=0x001d8  popcnt=5
FAULT R=38854 -> T=38464  offset=-390  xor=0x00186  popcnt=4
FAULT R=38854 -> T=38470  offset=-384  xor=0x00180  popcnt=2
FAULT R=38854 -> T=38494  offset=-360  xor=0x00198  popcnt=4
FAULT R=38854 -> T=38784  offset=-70  xor=0x00046  popcnt=3
FAULT R=38854 -> T=38790  offset=-64  xor=0x00040  popcnt=1
FAULT R=38854 -> T=38808  offset=-46  xor=0x0005e  popcnt=5
FAULT R=38854 -> T=38814  offset=-40  xor=0x00058  popcnt=3
FAULT R=38854 -> T=38848  offset=-6  xor=0x00006  popcnt=2
FAULT R=38854 -> T=38872  offset=+18  xor=0x0001e  popcnt=4
FAULT R=38854 -> T=38878  offset=+24  xor=0x00018  popcnt=2
FAULT R=38856 -> T=38792  offset=-64  xor=0x00040  popcnt=1
FAULT R=38856 -> T=38808  offset=-48  xor=0x00050  popcnt=2
FAULT R=38856 -> T=38872  offset=+16  xor=0x00010  popcnt=1
FAULT R=38857 -> T=38409  offset=-448  xor=0x001c0  popcnt=3
FAULT R=38857 -> T=38425  offset=-432  xor=0x001d0  popcnt=4
FAULT R=38857 -> T=38473  offset=-384  xor=0x00180  popcnt=2
FAULT R=38857 -> T=38489  offset=-368  xor=0x00190  popcnt=3
FAULT R=38857 -> T=38792  offset=-65  xor=0x00041  popcnt=2
FAULT R=38857 -> T=38793  offset=-64  xor=0x00040  popcnt=1
FAULT R=38857 -> T=38808  offset=-49  xor=0x00051  popcnt=3
FAULT R=38857 -> T=38809  offset=-48  xor=0x00050  popcnt=2
FAULT R=38857 -> T=38856  offset=-1  xor=0x00001  popcnt=1
FAULT R=38857 -> T=38872  offset=+15  xor=0x00011  popcnt=2
FAULT R=38857 -> T=38873  offset=+16  xor=0x00010  popcnt=1
FAULT R=38858 -> T=38410  offset=-448  xor=0x001c0  popcnt=3
FAULT R=38858 -> T=38426  offset=-432  xor=0x001d0  popcnt=4
FAULT R=38858 -> T=38474  offset=-384  xor=0x00180  popcnt=2
FAULT R=38858 -> T=38490  offset=-368  xor=0x00190  popcnt=3
FAULT R=38858 -> T=38792  offset=-66  xor=0x00042  popcnt=2
FAULT R=38858 -> T=38794  offset=-64  xor=0x00040  popcnt=1
FAULT R=38858 -> T=38808  offset=-50  xor=0x00052  popcnt=3
FAULT R=38858 -> T=38810  offset=-48  xor=0x00050  popcnt=2
FAULT R=38858 -> T=38856  offset=-2  xor=0x00002  popcnt=1
FAULT R=38858 -> T=38872  offset=+14  xor=0x00012  popcnt=2
FAULT R=38858 -> T=38874  offset=+16  xor=0x00010  popcnt=1
FAULT R=38860 -> T=38792  offset=-68  xor=0x00044  popcnt=2
FAULT R=38860 -> T=38796  offset=-64  xor=0x00040  popcnt=1
FAULT R=38860 -> T=38808  offset=-52  xor=0x00054  popcnt=3
FAULT R=38860 -> T=38812  offset=-48  xor=0x00050  popcnt=2
FAULT R=38860 -> T=38856  offset=-4  xor=0x00004  popcnt=1
FAULT R=38860 -> T=38872  offset=+12  xor=0x00014  popcnt=2
FAULT R=38860 -> T=38876  offset=+16  xor=0x00010  popcnt=1
FAULT R=38862 -> T=38414  offset=-448  xor=0x001c0  popcnt=3
FAULT R=38862 -> T=38430  offset=-432  xor=0x001d0  popcnt=4
FAULT R=38862 -> T=38478  offset=-384  xor=0x00180  popcnt=2
FAULT R=38862 -> T=38494  offset=-368  xor=0x00190  popcnt=3
FAULT R=38862 -> T=38792  offset=-70  xor=0x00046  popcnt=3
FAULT R=38862 -> T=38798  offset=-64  xor=0x00040  popcnt=1
FAULT R=38862 -> T=38808  offset=-54  xor=0x00056  popcnt=4
FAULT R=38862 -> T=38814  offset=-48  xor=0x00050  popcnt=2
FAULT R=38862 -> T=38856  offset=-6  xor=0x00006  popcnt=2
FAULT R=38862 -> T=38872  offset=+10  xor=0x00016  popcnt=3
FAULT R=38862 -> T=38878  offset=+16  xor=0x00010  popcnt=1
FAULT R=38864 -> T=38416  offset=-448  xor=0x001c0  popcnt=3
FAULT R=38864 -> T=38480  offset=-384  xor=0x00180  popcnt=2
FAULT R=38864 -> T=38800  offset=-64  xor=0x00040  popcnt=1
FAULT R=38864 -> T=38808  offset=-56  xor=0x00048  popcnt=2
FAULT R=38864 -> T=38872  offset=+8  xor=0x00008  popcnt=1
FAULT R=38865 -> T=38416  offset=-449  xor=0x001c1  popcnt=4
FAULT R=38865 -> T=38417  offset=-448  xor=0x001c0  popcnt=3
FAULT R=38865 -> T=38425  offset=-440  xor=0x001c8  popcnt=4
FAULT R=38865 -> T=38480  offset=-385  xor=0x00181  popcnt=3
FAULT R=38865 -> T=38481  offset=-384  xor=0x00180  popcnt=2
FAULT R=38865 -> T=38489  offset=-376  xor=0x00188  popcnt=3
FAULT R=38865 -> T=38800  offset=-65  xor=0x00041  popcnt=2
FAULT R=38865 -> T=38801  offset=-64  xor=0x00040  popcnt=1
FAULT R=38865 -> T=38808  offset=-57  xor=0x00049  popcnt=3
FAULT R=38865 -> T=38809  offset=-56  xor=0x00048  popcnt=2
FAULT R=38865 -> T=38864  offset=-1  xor=0x00001  popcnt=1
FAULT R=38865 -> T=38872  offset=+7  xor=0x00009  popcnt=2
FAULT R=38865 -> T=38873  offset=+8  xor=0x00008  popcnt=1
FAULT R=38866 -> T=38416  offset=-450  xor=0x001c2  popcnt=4
FAULT R=38866 -> T=38418  offset=-448  xor=0x001c0  popcnt=3
FAULT R=38866 -> T=38426  offset=-440  xor=0x001c8  popcnt=4
FAULT R=38866 -> T=38480  offset=-386  xor=0x00182  popcnt=3
FAULT R=38866 -> T=38482  offset=-384  xor=0x00180  popcnt=2
FAULT R=38866 -> T=38490  offset=-376  xor=0x00188  popcnt=3
FAULT R=38866 -> T=38800  offset=-66  xor=0x00042  popcnt=2
FAULT R=38866 -> T=38802  offset=-64  xor=0x00040  popcnt=1
FAULT R=38866 -> T=38808  offset=-58  xor=0x0004a  popcnt=3
FAULT R=38866 -> T=38810  offset=-56  xor=0x00048  popcnt=2
FAULT R=38866 -> T=38864  offset=-2  xor=0x00002  popcnt=1
FAULT R=38866 -> T=38872  offset=+6  xor=0x0000a  popcnt=2
FAULT R=38866 -> T=38874  offset=+8  xor=0x00008  popcnt=1
FAULT R=38868 -> T=38416  offset=-452  xor=0x001c4  popcnt=4
FAULT R=38868 -> T=38420  offset=-448  xor=0x001c0  popcnt=3
FAULT R=38868 -> T=38480  offset=-388  xor=0x00184  popcnt=3
FAULT R=38868 -> T=38484  offset=-384  xor=0x00180  popcnt=2
FAULT R=38868 -> T=38800  offset=-68  xor=0x00044  popcnt=2
FAULT R=38868 -> T=38804  offset=-64  xor=0x00040  popcnt=1
FAULT R=38868 -> T=38808  offset=-60  xor=0x0004c  popcnt=3
FAULT R=38868 -> T=38812  offset=-56  xor=0x00048  popcnt=2
FAULT R=38868 -> T=38864  offset=-4  xor=0x00004  popcnt=1
FAULT R=38868 -> T=38872  offset=+4  xor=0x0000c  popcnt=2
FAULT R=38868 -> T=38876  offset=+8  xor=0x00008  popcnt=1
FAULT R=38870 -> T=38416  offset=-454  xor=0x001c6  popcnt=5
FAULT R=38870 -> T=38422  offset=-448  xor=0x001c0  popcnt=3
FAULT R=38870 -> T=38430  offset=-440  xor=0x001c8  popcnt=4
FAULT R=38870 -> T=38480  offset=-390  xor=0x00186  popcnt=4
FAULT R=38870 -> T=38486  offset=-384  xor=0x00180  popcnt=2
FAULT R=38870 -> T=38494  offset=-376  xor=0x00188  popcnt=3
FAULT R=38870 -> T=38800  offset=-70  xor=0x00046  popcnt=3
FAULT R=38870 -> T=38806  offset=-64  xor=0x00040  popcnt=1
FAULT R=38870 -> T=38808  offset=-62  xor=0x0004e  popcnt=4
FAULT R=38870 -> T=38814  offset=-56  xor=0x00048  popcnt=2
FAULT R=38870 -> T=38864  offset=-6  xor=0x00006  popcnt=2
FAULT R=38870 -> T=38872  offset=+2  xor=0x0000e  popcnt=3
FAULT R=38870 -> T=38878  offset=+8  xor=0x00008  popcnt=1
FAULT R=38872 -> T=38808  offset=-64  xor=0x00040  popcnt=1
FAULT R=38873 -> T=38425  offset=-448  xor=0x001c0  popcnt=3
FAULT R=38873 -> T=38489  offset=-384  xor=0x00180  popcnt=2
FAULT R=38873 -> T=38808  offset=-65  xor=0x00041  popcnt=2
FAULT R=38873 -> T=38809  offset=-64  xor=0x00040  popcnt=1
FAULT R=38873 -> T=38872  offset=-1  xor=0x00001  popcnt=1
FAULT R=38874 -> T=38426  offset=-448  xor=0x001c0  popcnt=3
FAULT R=38874 -> T=38490  offset=-384  xor=0x00180  popcnt=2
FAULT R=38874 -> T=38808  offset=-66  xor=0x00042  popcnt=2
FAULT R=38874 -> T=38810  offset=-64  xor=0x00040  popcnt=1
FAULT R=38874 -> T=38872  offset=-2  xor=0x00002  popcnt=1
FAULT R=38875 -> T=38425  offset=-450  xor=0x001c2  popcnt=4
FAULT R=38875 -> T=38426  offset=-449  xor=0x001c1  popcnt=4
FAULT R=38875 -> T=38427  offset=-448  xor=0x001c0  popcnt=3
FAULT R=38875 -> T=38489  offset=-386  xor=0x00182  popcnt=3
FAULT R=38875 -> T=38490  offset=-385  xor=0x00181  popcnt=3
FAULT R=38875 -> T=38491  offset=-384  xor=0x00180  popcnt=2
FAULT R=38875 -> T=38808  offset=-67  xor=0x00043  popcnt=3
FAULT R=38875 -> T=38809  offset=-66  xor=0x00042  popcnt=2
FAULT R=38875 -> T=38810  offset=-65  xor=0x00041  popcnt=2
FAULT R=38875 -> T=38811  offset=-64  xor=0x00040  popcnt=1
FAULT R=38875 -> T=38872  offset=-3  xor=0x00003  popcnt=2
FAULT R=38875 -> T=38873  offset=-2  xor=0x00002  popcnt=1
FAULT R=38875 -> T=38874  offset=-1  xor=0x00001  popcnt=1
FAULT R=38876 -> T=38808  offset=-68  xor=0x00044  popcnt=2
FAULT R=38876 -> T=38812  offset=-64  xor=0x00040  popcnt=1
FAULT R=38876 -> T=38872  offset=-4  xor=0x00004  popcnt=1
FAULT R=38877 -> T=38425  offset=-452  xor=0x001c4  popcnt=4
FAULT R=38877 -> T=38429  offset=-448  xor=0x001c0  popcnt=3
FAULT R=38877 -> T=38489  offset=-388  xor=0x00184  popcnt=3
FAULT R=38877 -> T=38493  offset=-384  xor=0x00180  popcnt=2
FAULT R=38877 -> T=38808  offset=-69  xor=0x00045  popcnt=3
FAULT R=38877 -> T=38809  offset=-68  xor=0x00044  popcnt=2
FAULT R=38877 -> T=38812  offset=-65  xor=0x00041  popcnt=2
FAULT R=38877 -> T=38813  offset=-64  xor=0x00040  popcnt=1
FAULT R=38877 -> T=38872  offset=-5  xor=0x00005  popcnt=2
FAULT R=38877 -> T=38873  offset=-4  xor=0x00004  popcnt=1
FAULT R=38877 -> T=38876  offset=-1  xor=0x00001  popcnt=1
FAULT R=38878 -> T=38430  offset=-448  xor=0x001c0  popcnt=3
FAULT R=38878 -> T=38494  offset=-384  xor=0x00180  popcnt=2
FAULT R=38878 -> T=38808  offset=-70  xor=0x00046  popcnt=3
FAULT R=38878 -> T=38814  offset=-64  xor=0x00040  popcnt=1
FAULT R=38878 -> T=38872  offset=-6  xor=0x00006  popcnt=2
FAULT R=38879 -> T=38425  offset=-454  xor=0x001c6  popcnt=5
FAULT R=38879 -> T=38430  offset=-449  xor=0x001c1  popcnt=4
FAULT R=38879 -> T=38431  offset=-448  xor=0x001c0  popcnt=3
FAULT R=38879 -> T=38489  offset=-390  xor=0x00186  popcnt=4
FAULT R=38879 -> T=38494  offset=-385  xor=0x00181  popcnt=3
FAULT R=38879 -> T=38495  offset=-384  xor=0x00180  popcnt=2
FAULT R=38879 -> T=38808  offset=-71  xor=0x00047  popcnt=4
FAULT R=38879 -> T=38809  offset=-70  xor=0x00046  popcnt=3
FAULT R=38879 -> T=38814  offset=-65  xor=0x00041  popcnt=2
FAULT R=38879 -> T=38815  offset=-64  xor=0x00040  popcnt=1
FAULT R=38879 -> T=38872  offset=-7  xor=0x00007  popcnt=3
FAULT R=38879 -> T=38873  offset=-6  xor=0x00006  popcnt=2
FAULT R=38879 -> T=38878  offset=-1  xor=0x00001  popcnt=1
FAULT R=38880 -> T=38400  offset=-480  xor=0x001e0  popcnt=4
FAULT R=38880 -> T=38496  offset=-384  xor=0x00180  popcnt=2
FAULT R=38880 -> T=38520  offset=-360  xor=0x00198  popcnt=4
FAULT R=38880 -> T=38784  offset=-96  xor=0x00060  popcnt=2
FAULT R=38880 -> T=38808  offset=-72  xor=0x00078  popcnt=4
FAULT R=38880 -> T=38904  offset=+24  xor=0x00018  popcnt=2
FAULT R=38881 -> T=38400  offset=-481  xor=0x001e1  popcnt=5
FAULT R=38881 -> T=38401  offset=-480  xor=0x001e0  popcnt=4
FAULT R=38881 -> T=38425  offset=-456  xor=0x001f8  popcnt=6
FAULT R=38881 -> T=38496  offset=-385  xor=0x00181  popcnt=3
FAULT R=38881 -> T=38497  offset=-384  xor=0x00180  popcnt=2
FAULT R=38881 -> T=38520  offset=-361  xor=0x00199  popcnt=5
FAULT R=38881 -> T=38521  offset=-360  xor=0x00198  popcnt=4
FAULT R=38881 -> T=38784  offset=-97  xor=0x00061  popcnt=3
FAULT R=38881 -> T=38785  offset=-96  xor=0x00060  popcnt=2
FAULT R=38881 -> T=38808  offset=-73  xor=0x00079  popcnt=5
FAULT R=38881 -> T=38809  offset=-72  xor=0x00078  popcnt=4
FAULT R=38881 -> T=38880  offset=-1  xor=0x00001  popcnt=1
FAULT R=38881 -> T=38904  offset=+23  xor=0x00019  popcnt=3
FAULT R=38881 -> T=38905  offset=+24  xor=0x00018  popcnt=2
FAULT R=38882 -> T=38400  offset=-482  xor=0x001e2  popcnt=5
FAULT R=38882 -> T=38402  offset=-480  xor=0x001e0  popcnt=4
FAULT R=38882 -> T=38426  offset=-456  xor=0x001f8  popcnt=6
FAULT R=38882 -> T=38496  offset=-386  xor=0x00182  popcnt=3
FAULT R=38882 -> T=38498  offset=-384  xor=0x00180  popcnt=2
FAULT R=38882 -> T=38520  offset=-362  xor=0x0019a  popcnt=5
FAULT R=38882 -> T=38522  offset=-360  xor=0x00198  popcnt=4
FAULT R=38882 -> T=38784  offset=-98  xor=0x00062  popcnt=3
FAULT R=38882 -> T=38786  offset=-96  xor=0x00060  popcnt=2
FAULT R=38882 -> T=38808  offset=-74  xor=0x0007a  popcnt=5
FAULT R=38882 -> T=38810  offset=-72  xor=0x00078  popcnt=4
FAULT R=38882 -> T=38880  offset=-2  xor=0x00002  popcnt=1
FAULT R=38882 -> T=38904  offset=+22  xor=0x0001a  popcnt=3
FAULT R=38882 -> T=38906  offset=+24  xor=0x00018  popcnt=2
FAULT R=38884 -> T=38400  offset=-484  xor=0x001e4  popcnt=5
FAULT R=38884 -> T=38404  offset=-480  xor=0x001e0  popcnt=4
FAULT R=38884 -> T=38496  offset=-388  xor=0x00184  popcnt=3
FAULT R=38884 -> T=38500  offset=-384  xor=0x00180  popcnt=2
FAULT R=38884 -> T=38520  offset=-364  xor=0x0019c  popcnt=5
FAULT R=38884 -> T=38524  offset=-360  xor=0x00198  popcnt=4
FAULT R=38884 -> T=38784  offset=-100  xor=0x00064  popcnt=3
FAULT R=38884 -> T=38788  offset=-96  xor=0x00060  popcnt=2
FAULT R=38884 -> T=38808  offset=-76  xor=0x0007c  popcnt=5
FAULT R=38884 -> T=38812  offset=-72  xor=0x00078  popcnt=4
FAULT R=38884 -> T=38880  offset=-4  xor=0x00004  popcnt=1
FAULT R=38884 -> T=38904  offset=+20  xor=0x0001c  popcnt=3
FAULT R=38884 -> T=38908  offset=+24  xor=0x00018  popcnt=2
FAULT R=38886 -> T=38400  offset=-486  xor=0x001e6  popcnt=6
FAULT R=38886 -> T=38406  offset=-480  xor=0x001e0  popcnt=4
FAULT R=38886 -> T=38430  offset=-456  xor=0x001f8  popcnt=6
FAULT R=38886 -> T=38496  offset=-390  xor=0x00186  popcnt=4
FAULT R=38886 -> T=38502  offset=-384  xor=0x00180  popcnt=2
FAULT R=38886 -> T=38520  offset=-366  xor=0x0019e  popcnt=6
FAULT R=38886 -> T=38526  offset=-360  xor=0x00198  popcnt=4
FAULT R=38886 -> T=38784  offset=-102  xor=0x00066  popcnt=4
FAULT R=38886 -> T=38790  offset=-96  xor=0x00060  popcnt=2
FAULT R=38886 -> T=38808  offset=-78  xor=0x0007e  popcnt=6
FAULT R=38886 -> T=38814  offset=-72  xor=0x00078  popcnt=4
FAULT R=38886 -> T=38880  offset=-6  xor=0x00006  popcnt=2
FAULT R=38886 -> T=38904  offset=+18  xor=0x0001e  popcnt=4
FAULT R=38886 -> T=38910  offset=+24  xor=0x00018  popcnt=2
FAULT R=38888 -> T=38504  offset=-384  xor=0x00180  popcnt=2
FAULT R=38888 -> T=38520  offset=-368  xor=0x00190  popcnt=3
FAULT R=38888 -> T=38792  offset=-96  xor=0x00060  popcnt=2
FAULT R=38888 -> T=38808  offset=-80  xor=0x00070  popcnt=3
FAULT R=38888 -> T=38904  offset=+16  xor=0x00010  popcnt=1
FAULT R=38889 -> T=38409  offset=-480  xor=0x001e0  popcnt=4
FAULT R=38889 -> T=38425  offset=-464  xor=0x001f0  popcnt=5
FAULT R=38889 -> T=38504  offset=-385  xor=0x00181  popcnt=3
FAULT R=38889 -> T=38505  offset=-384  xor=0x00180  popcnt=2
FAULT R=38889 -> T=38520  offset=-369  xor=0x00191  popcnt=4
FAULT R=38889 -> T=38521  offset=-368  xor=0x00190  popcnt=3
FAULT R=38889 -> T=38792  offset=-97  xor=0x00061  popcnt=3
FAULT R=38889 -> T=38793  offset=-96  xor=0x00060  popcnt=2
FAULT R=38889 -> T=38808  offset=-81  xor=0x00071  popcnt=4
FAULT R=38889 -> T=38809  offset=-80  xor=0x00070  popcnt=3
FAULT R=38889 -> T=38888  offset=-1  xor=0x00001  popcnt=1
FAULT R=38889 -> T=38904  offset=+15  xor=0x00011  popcnt=2
FAULT R=38889 -> T=38905  offset=+16  xor=0x00010  popcnt=1
FAULT R=38890 -> T=38410  offset=-480  xor=0x001e0  popcnt=4
FAULT R=38890 -> T=38426  offset=-464  xor=0x001f0  popcnt=5
FAULT R=38890 -> T=38504  offset=-386  xor=0x00182  popcnt=3
FAULT R=38890 -> T=38506  offset=-384  xor=0x00180  popcnt=2
FAULT R=38890 -> T=38520  offset=-370  xor=0x00192  popcnt=4
FAULT R=38890 -> T=38522  offset=-368  xor=0x00190  popcnt=3
FAULT R=38890 -> T=38792  offset=-98  xor=0x00062  popcnt=3
FAULT R=38890 -> T=38794  offset=-96  xor=0x00060  popcnt=2
FAULT R=38890 -> T=38808  offset=-82  xor=0x00072  popcnt=4
FAULT R=38890 -> T=38810  offset=-80  xor=0x00070  popcnt=3
FAULT R=38890 -> T=38888  offset=-2  xor=0x00002  popcnt=1
FAULT R=38890 -> T=38904  offset=+14  xor=0x00012  popcnt=2
FAULT R=38890 -> T=38906  offset=+16  xor=0x00010  popcnt=1
FAULT R=38892 -> T=38504  offset=-388  xor=0x00184  popcnt=3
FAULT R=38892 -> T=38508  offset=-384  xor=0x00180  popcnt=2
FAULT R=38892 -> T=38520  offset=-372  xor=0x00194  popcnt=4
FAULT R=38892 -> T=38524  offset=-368  xor=0x00190  popcnt=3
FAULT R=38892 -> T=38792  offset=-100  xor=0x00064  popcnt=3
FAULT R=38892 -> T=38796  offset=-96  xor=0x00060  popcnt=2
FAULT R=38892 -> T=38808  offset=-84  xor=0x00074  popcnt=4
FAULT R=38892 -> T=38812  offset=-80  xor=0x00070  popcnt=3
FAULT R=38892 -> T=38888  offset=-4  xor=0x00004  popcnt=1
FAULT R=38892 -> T=38904  offset=+12  xor=0x00014  popcnt=2
FAULT R=38892 -> T=38908  offset=+16  xor=0x00010  popcnt=1
FAULT R=38894 -> T=38414  offset=-480  xor=0x001e0  popcnt=4
FAULT R=38894 -> T=38430  offset=-464  xor=0x001f0  popcnt=5
FAULT R=38894 -> T=38504  offset=-390  xor=0x00186  popcnt=4
FAULT R=38894 -> T=38510  offset=-384  xor=0x00180  popcnt=2
FAULT R=38894 -> T=38520  offset=-374  xor=0x00196  popcnt=5
FAULT R=38894 -> T=38526  offset=-368  xor=0x00190  popcnt=3
FAULT R=38894 -> T=38792  offset=-102  xor=0x00066  popcnt=4
FAULT R=38894 -> T=38798  offset=-96  xor=0x00060  popcnt=2
FAULT R=38894 -> T=38808  offset=-86  xor=0x00076  popcnt=5
FAULT R=38894 -> T=38814  offset=-80  xor=0x00070  popcnt=3
FAULT R=38894 -> T=38888  offset=-6  xor=0x00006  popcnt=2
FAULT R=38894 -> T=38904  offset=+10  xor=0x00016  popcnt=3
FAULT R=38894 -> T=38910  offset=+16  xor=0x00010  popcnt=1
FAULT R=38896 -> T=38416  offset=-480  xor=0x001e0  popcnt=4
FAULT R=38896 -> T=38512  offset=-384  xor=0x00180  popcnt=2
FAULT R=38896 -> T=38520  offset=-376  xor=0x00188  popcnt=3
FAULT R=38896 -> T=38800  offset=-96  xor=0x00060  popcnt=2
FAULT R=38896 -> T=38808  offset=-88  xor=0x00068  popcnt=3
FAULT R=38896 -> T=38904  offset=+8  xor=0x00008  popcnt=1
FAULT R=38897 -> T=38416  offset=-481  xor=0x001e1  popcnt=5
FAULT R=38897 -> T=38417  offset=-480  xor=0x001e0  popcnt=4
FAULT R=38897 -> T=38425  offset=-472  xor=0x001e8  popcnt=5
FAULT R=38897 -> T=38512  offset=-385  xor=0x00181  popcnt=3
FAULT R=38897 -> T=38513  offset=-384  xor=0x00180  popcnt=2
FAULT R=38897 -> T=38520  offset=-377  xor=0x00189  popcnt=4
FAULT R=38897 -> T=38521  offset=-376  xor=0x00188  popcnt=3
FAULT R=38897 -> T=38800  offset=-97  xor=0x00061  popcnt=3
FAULT R=38897 -> T=38801  offset=-96  xor=0x00060  popcnt=2
FAULT R=38897 -> T=38808  offset=-89  xor=0x00069  popcnt=4
FAULT R=38897 -> T=38809  offset=-88  xor=0x00068  popcnt=3
FAULT R=38897 -> T=38896  offset=-1  xor=0x00001  popcnt=1
FAULT R=38897 -> T=38904  offset=+7  xor=0x00009  popcnt=2
FAULT R=38897 -> T=38905  offset=+8  xor=0x00008  popcnt=1
FAULT R=38898 -> T=38416  offset=-482  xor=0x001e2  popcnt=5
FAULT R=38898 -> T=38418  offset=-480  xor=0x001e0  popcnt=4
FAULT R=38898 -> T=38426  offset=-472  xor=0x001e8  popcnt=5
FAULT R=38898 -> T=38512  offset=-386  xor=0x00182  popcnt=3
FAULT R=38898 -> T=38514  offset=-384  xor=0x00180  popcnt=2
FAULT R=38898 -> T=38520  offset=-378  xor=0x0018a  popcnt=4
FAULT R=38898 -> T=38522  offset=-376  xor=0x00188  popcnt=3
FAULT R=38898 -> T=38800  offset=-98  xor=0x00062  popcnt=3
FAULT R=38898 -> T=38802  offset=-96  xor=0x00060  popcnt=2
FAULT R=38898 -> T=38808  offset=-90  xor=0x0006a  popcnt=4
FAULT R=38898 -> T=38810  offset=-88  xor=0x00068  popcnt=3
FAULT R=38898 -> T=38896  offset=-2  xor=0x00002  popcnt=1
FAULT R=38898 -> T=38904  offset=+6  xor=0x0000a  popcnt=2
FAULT R=38898 -> T=38906  offset=+8  xor=0x00008  popcnt=1
FAULT R=38900 -> T=38416  offset=-484  xor=0x001e4  popcnt=5
FAULT R=38900 -> T=38420  offset=-480  xor=0x001e0  popcnt=4
FAULT R=38900 -> T=38512  offset=-388  xor=0x00184  popcnt=3
FAULT R=38900 -> T=38516  offset=-384  xor=0x00180  popcnt=2
FAULT R=38900 -> T=38520  offset=-380  xor=0x0018c  popcnt=4
FAULT R=38900 -> T=38524  offset=-376  xor=0x00188  popcnt=3
FAULT R=38900 -> T=38800  offset=-100  xor=0x00064  popcnt=3
FAULT R=38900 -> T=38804  offset=-96  xor=0x00060  popcnt=2
FAULT R=38900 -> T=38808  offset=-92  xor=0x0006c  popcnt=4
FAULT R=38900 -> T=38812  offset=-88  xor=0x00068  popcnt=3
FAULT R=38900 -> T=38896  offset=-4  xor=0x00004  popcnt=1
FAULT R=38900 -> T=38904  offset=+4  xor=0x0000c  popcnt=2
FAULT R=38900 -> T=38908  offset=+8  xor=0x00008  popcnt=1
FAULT R=38902 -> T=38416  offset=-486  xor=0x001e6  popcnt=6
FAULT R=38902 -> T=38422  offset=-480  xor=0x001e0  popcnt=4
FAULT R=38902 -> T=38430  offset=-472  xor=0x001e8  popcnt=5
FAULT R=38902 -> T=38512  offset=-390  xor=0x00186  popcnt=4
FAULT R=38902 -> T=38518  offset=-384  xor=0x00180  popcnt=2
FAULT R=38902 -> T=38520  offset=-382  xor=0x0018e  popcnt=5
FAULT R=38902 -> T=38526  offset=-376  xor=0x00188  popcnt=3
FAULT R=38902 -> T=38800  offset=-102  xor=0x00066  popcnt=4
FAULT R=38902 -> T=38806  offset=-96  xor=0x00060  popcnt=2
FAULT R=38902 -> T=38808  offset=-94  xor=0x0006e  popcnt=5
FAULT R=38902 -> T=38814  offset=-88  xor=0x00068  popcnt=3
FAULT R=38902 -> T=38896  offset=-6  xor=0x00006  popcnt=2
FAULT R=38902 -> T=38904  offset=+2  xor=0x0000e  popcnt=3
FAULT R=38902 -> T=38910  offset=+8  xor=0x00008  popcnt=1
FAULT R=38904 -> T=38520  offset=-384  xor=0x00180  popcnt=2
FAULT R=38904 -> T=38808  offset=-96  xor=0x00060  popcnt=2
FAULT R=38905 -> T=38425  offset=-480  xor=0x001e0  popcnt=4
FAULT R=38905 -> T=38520  offset=-385  xor=0x00181  popcnt=3
FAULT R=38905 -> T=38521  offset=-384  xor=0x00180  popcnt=2
FAULT R=38905 -> T=38808  offset=-97  xor=0x00061  popcnt=3
FAULT R=38905 -> T=38809  offset=-96  xor=0x00060  popcnt=2
FAULT R=38905 -> T=38904  offset=-1  xor=0x00001  popcnt=1
FAULT R=38906 -> T=38426  offset=-480  xor=0x001e0  popcnt=4
FAULT R=38906 -> T=38520  offset=-386  xor=0x00182  popcnt=3
FAULT R=38906 -> T=38522  offset=-384  xor=0x00180  popcnt=2
FAULT R=38906 -> T=38808  offset=-98  xor=0x00062  popcnt=3
FAULT R=38906 -> T=38810  offset=-96  xor=0x00060  popcnt=2
FAULT R=38906 -> T=38904  offset=-2  xor=0x00002  popcnt=1
FAULT R=38907 -> T=38425  offset=-482  xor=0x001e2  popcnt=5
FAULT R=38907 -> T=38426  offset=-481  xor=0x001e1  popcnt=5
FAULT R=38907 -> T=38427  offset=-480  xor=0x001e0  popcnt=4
FAULT R=38907 -> T=38520  offset=-387  xor=0x00183  popcnt=4
FAULT R=38907 -> T=38521  offset=-386  xor=0x00182  popcnt=3
FAULT R=38907 -> T=38522  offset=-385  xor=0x00181  popcnt=3
FAULT R=38907 -> T=38523  offset=-384  xor=0x00180  popcnt=2
FAULT R=38907 -> T=38808  offset=-99  xor=0x00063  popcnt=4
FAULT R=38907 -> T=38809  offset=-98  xor=0x00062  popcnt=3
FAULT R=38907 -> T=38810  offset=-97  xor=0x00061  popcnt=3
FAULT R=38907 -> T=38811  offset=-96  xor=0x00060  popcnt=2
FAULT R=38907 -> T=38904  offset=-3  xor=0x00003  popcnt=2
FAULT R=38907 -> T=38905  offset=-2  xor=0x00002  popcnt=1
FAULT R=38907 -> T=38906  offset=-1  xor=0x00001  popcnt=1
FAULT R=38908 -> T=38520  offset=-388  xor=0x00184  popcnt=3
FAULT R=38908 -> T=38524  offset=-384  xor=0x00180  popcnt=2
FAULT R=38908 -> T=38808  offset=-100  xor=0x00064  popcnt=3
FAULT R=38908 -> T=38812  offset=-96  xor=0x00060  popcnt=2
FAULT R=38908 -> T=38904  offset=-4  xor=0x00004  popcnt=1
FAULT R=38909 -> T=38425  offset=-484  xor=0x001e4  popcnt=5
FAULT R=38909 -> T=38429  offset=-480  xor=0x001e0  popcnt=4
FAULT R=38909 -> T=38520  offset=-389  xor=0x00185  popcnt=4
FAULT R=38909 -> T=38521  offset=-388  xor=0x00184  popcnt=3
FAULT R=38909 -> T=38524  offset=-385  xor=0x00181  popcnt=3
FAULT R=38909 -> T=38525  offset=-384  xor=0x00180  popcnt=2
FAULT R=38909 -> T=38808  offset=-101  xor=0x00065  popcnt=4
FAULT R=38909 -> T=38809  offset=-100  xor=0x00064  popcnt=3
FAULT R=38909 -> T=38812  offset=-97  xor=0x00061  popcnt=3
FAULT R=38909 -> T=38813  offset=-96  xor=0x00060  popcnt=2
FAULT R=38909 -> T=38904  offset=-5  xor=0x00005  popcnt=2
FAULT R=38909 -> T=38905  offset=-4  xor=0x00004  popcnt=1
FAULT R=38909 -> T=38908  offset=-1  xor=0x00001  popcnt=1
FAULT R=38910 -> T=38430  offset=-480  xor=0x001e0  popcnt=4
FAULT R=38910 -> T=38520  offset=-390  xor=0x00186  popcnt=4
FAULT R=38910 -> T=38526  offset=-384  xor=0x00180  popcnt=2
FAULT R=38910 -> T=38808  offset=-102  xor=0x00066  popcnt=4
FAULT R=38910 -> T=38814  offset=-96  xor=0x00060  popcnt=2
FAULT R=38910 -> T=38904  offset=-6  xor=0x00006  popcnt=2
FAULT R=38911 -> T=38425  offset=-486  xor=0x001e6  popcnt=6
FAULT R=38911 -> T=38430  offset=-481  xor=0x001e1  popcnt=5
FAULT R=38911 -> T=38431  offset=-480  xor=0x001e0  popcnt=4
FAULT R=38911 -> T=38520  offset=-391  xor=0x00187  popcnt=5
FAULT R=38911 -> T=38521  offset=-390  xor=0x00186  popcnt=4
FAULT R=38911 -> T=38526  offset=-385  xor=0x00181  popcnt=3
FAULT R=38911 -> T=38527  offset=-384  xor=0x00180  popcnt=2
FAULT R=38911 -> T=38808  offset=-103  xor=0x00067  popcnt=5
FAULT R=38911 -> T=38809  offset=-102  xor=0x00066  popcnt=4
FAULT R=38911 -> T=38814  offset=-97  xor=0x00061  popcnt=3
FAULT R=38911 -> T=38815  offset=-96  xor=0x00060  popcnt=2
FAULT R=38911 -> T=38904  offset=-7  xor=0x00007  popcnt=3
FAULT R=38911 -> T=38905  offset=-6  xor=0x00006  popcnt=2
FAULT R=38911 -> T=38910  offset=-1  xor=0x00001  popcnt=1
FAULT R=38912 -> T=38400  offset=-512  xor=0x00e00  popcnt=3
FAULT R=38913 -> T=38400  offset=-513  xor=0x00e01  popcnt=4
FAULT R=38913 -> T=38401  offset=-512  xor=0x00e00  popcnt=3
FAULT R=38913 -> T=38425  offset=-488  xor=0x00e18  popcnt=5
FAULT R=38913 -> T=38912  offset=-1  xor=0x00001  popcnt=1
FAULT R=38913 -> T=38937  offset=+24  xor=0x00018  popcnt=2
FAULT R=38914 -> T=38400  offset=-514  xor=0x00e02  popcnt=4
FAULT R=38914 -> T=38402  offset=-512  xor=0x00e00  popcnt=3
FAULT R=38914 -> T=38426  offset=-488  xor=0x00e18  popcnt=5
FAULT R=38914 -> T=38912  offset=-2  xor=0x00002  popcnt=1
FAULT R=38914 -> T=38938  offset=+24  xor=0x00018  popcnt=2
FAULT R=38915 -> T=38400  offset=-515  xor=0x00e03  popcnt=5
FAULT R=38915 -> T=38401  offset=-514  xor=0x00e02  popcnt=4
FAULT R=38915 -> T=38402  offset=-513  xor=0x00e01  popcnt=4
FAULT R=38915 -> T=38403  offset=-512  xor=0x00e00  popcnt=3
FAULT R=38915 -> T=38425  offset=-490  xor=0x00e1a  popcnt=6
FAULT R=38915 -> T=38426  offset=-489  xor=0x00e19  popcnt=6
FAULT R=38915 -> T=38427  offset=-488  xor=0x00e18  popcnt=5
FAULT R=38915 -> T=38912  offset=-3  xor=0x00003  popcnt=2
FAULT R=38915 -> T=38913  offset=-2  xor=0x00002  popcnt=1
FAULT R=38915 -> T=38914  offset=-1  xor=0x00001  popcnt=1
FAULT R=38915 -> T=38937  offset=+22  xor=0x0001a  popcnt=3
FAULT R=38915 -> T=38938  offset=+23  xor=0x00019  popcnt=3
FAULT R=38915 -> T=38939  offset=+24  xor=0x00018  popcnt=2
FAULT R=38916 -> T=38400  offset=-516  xor=0x00e04  popcnt=4
FAULT R=38916 -> T=38404  offset=-512  xor=0x00e00  popcnt=3
FAULT R=38916 -> T=38912  offset=-4  xor=0x00004  popcnt=1
FAULT R=38917 -> T=38400  offset=-517  xor=0x00e05  popcnt=5
FAULT R=38917 -> T=38401  offset=-516  xor=0x00e04  popcnt=4
FAULT R=38917 -> T=38404  offset=-513  xor=0x00e01  popcnt=4
FAULT R=38917 -> T=38405  offset=-512  xor=0x00e00  popcnt=3
FAULT R=38917 -> T=38425  offset=-492  xor=0x00e1c  popcnt=6
FAULT R=38917 -> T=38429  offset=-488  xor=0x00e18  popcnt=5
FAULT R=38917 -> T=38912  offset=-5  xor=0x00005  popcnt=2
FAULT R=38917 -> T=38913  offset=-4  xor=0x00004  popcnt=1
FAULT R=38917 -> T=38916  offset=-1  xor=0x00001  popcnt=1
FAULT R=38917 -> T=38937  offset=+20  xor=0x0001c  popcnt=3
FAULT R=38917 -> T=38941  offset=+24  xor=0x00018  popcnt=2
FAULT R=38918 -> T=38400  offset=-518  xor=0x00e06  popcnt=5
FAULT R=38918 -> T=38406  offset=-512  xor=0x00e00  popcnt=3
FAULT R=38918 -> T=38430  offset=-488  xor=0x00e18  popcnt=5
FAULT R=38918 -> T=38912  offset=-6  xor=0x00006  popcnt=2
FAULT R=38918 -> T=38942  offset=+24  xor=0x00018  popcnt=2
FAULT R=38919 -> T=38400  offset=-519  xor=0x00e07  popcnt=6
FAULT R=38919 -> T=38401  offset=-518  xor=0x00e06  popcnt=5
FAULT R=38919 -> T=38406  offset=-513  xor=0x00e01  popcnt=4
FAULT R=38919 -> T=38407  offset=-512  xor=0x00e00  popcnt=3
FAULT R=38919 -> T=38425  offset=-494  xor=0x00e1e  popcnt=7
FAULT R=38919 -> T=38430  offset=-489  xor=0x00e19  popcnt=6
FAULT R=38919 -> T=38431  offset=-488  xor=0x00e18  popcnt=5
FAULT R=38919 -> T=38912  offset=-7  xor=0x00007  popcnt=3
FAULT R=38919 -> T=38913  offset=-6  xor=0x00006  popcnt=2
FAULT R=38919 -> T=38918  offset=-1  xor=0x00001  popcnt=1
FAULT R=38919 -> T=38937  offset=+18  xor=0x0001e  popcnt=4
FAULT R=38919 -> T=38942  offset=+23  xor=0x00019  popcnt=3
FAULT R=38919 -> T=38943  offset=+24  xor=0x00018  popcnt=2
FAULT R=38921 -> T=38409  offset=-512  xor=0x00e00  popcnt=3
FAULT R=38921 -> T=38425  offset=-496  xor=0x00e10  popcnt=4
FAULT R=38921 -> T=38937  offset=+16  xor=0x00010  popcnt=1
FAULT R=38922 -> T=38410  offset=-512  xor=0x00e00  popcnt=3
FAULT R=38922 -> T=38426  offset=-496  xor=0x00e10  popcnt=4
FAULT R=38922 -> T=38938  offset=+16  xor=0x00010  popcnt=1
FAULT R=38923 -> T=38409  offset=-514  xor=0x00e02  popcnt=4
FAULT R=38923 -> T=38410  offset=-513  xor=0x00e01  popcnt=4
FAULT R=38923 -> T=38411  offset=-512  xor=0x00e00  popcnt=3
FAULT R=38923 -> T=38425  offset=-498  xor=0x00e12  popcnt=5
FAULT R=38923 -> T=38426  offset=-497  xor=0x00e11  popcnt=5
FAULT R=38923 -> T=38427  offset=-496  xor=0x00e10  popcnt=4
FAULT R=38923 -> T=38921  offset=-2  xor=0x00002  popcnt=1
FAULT R=38923 -> T=38922  offset=-1  xor=0x00001  popcnt=1
FAULT R=38923 -> T=38937  offset=+14  xor=0x00012  popcnt=2
FAULT R=38923 -> T=38938  offset=+15  xor=0x00011  popcnt=2
FAULT R=38923 -> T=38939  offset=+16  xor=0x00010  popcnt=1
FAULT R=38925 -> T=38409  offset=-516  xor=0x00e04  popcnt=4
FAULT R=38925 -> T=38413  offset=-512  xor=0x00e00  popcnt=3
FAULT R=38925 -> T=38425  offset=-500  xor=0x00e14  popcnt=5
FAULT R=38925 -> T=38429  offset=-496  xor=0x00e10  popcnt=4
FAULT R=38925 -> T=38921  offset=-4  xor=0x00004  popcnt=1
FAULT R=38925 -> T=38937  offset=+12  xor=0x00014  popcnt=2
FAULT R=38925 -> T=38941  offset=+16  xor=0x00010  popcnt=1
FAULT R=38926 -> T=38414  offset=-512  xor=0x00e00  popcnt=3
FAULT R=38926 -> T=38430  offset=-496  xor=0x00e10  popcnt=4
FAULT R=38926 -> T=38942  offset=+16  xor=0x00010  popcnt=1
FAULT R=38927 -> T=38409  offset=-518  xor=0x00e06  popcnt=5
FAULT R=38927 -> T=38414  offset=-513  xor=0x00e01  popcnt=4
FAULT R=38927 -> T=38415  offset=-512  xor=0x00e00  popcnt=3
FAULT R=38927 -> T=38425  offset=-502  xor=0x00e16  popcnt=6
FAULT R=38927 -> T=38430  offset=-497  xor=0x00e11  popcnt=5
FAULT R=38927 -> T=38431  offset=-496  xor=0x00e10  popcnt=4
FAULT R=38927 -> T=38921  offset=-6  xor=0x00006  popcnt=2
FAULT R=38927 -> T=38926  offset=-1  xor=0x00001  popcnt=1
FAULT R=38927 -> T=38937  offset=+10  xor=0x00016  popcnt=3
FAULT R=38927 -> T=38942  offset=+15  xor=0x00011  popcnt=2
FAULT R=38927 -> T=38943  offset=+16  xor=0x00010  popcnt=1
FAULT R=38928 -> T=38416  offset=-512  xor=0x00e00  popcnt=3
FAULT R=38929 -> T=38416  offset=-513  xor=0x00e01  popcnt=4
FAULT R=38929 -> T=38417  offset=-512  xor=0x00e00  popcnt=3
FAULT R=38929 -> T=38425  offset=-504  xor=0x00e08  popcnt=4
FAULT R=38929 -> T=38928  offset=-1  xor=0x00001  popcnt=1
FAULT R=38929 -> T=38937  offset=+8  xor=0x00008  popcnt=1
FAULT R=38930 -> T=38416  offset=-514  xor=0x00e02  popcnt=4
FAULT R=38930 -> T=38418  offset=-512  xor=0x00e00  popcnt=3
FAULT R=38930 -> T=38426  offset=-504  xor=0x00e08  popcnt=4
FAULT R=38930 -> T=38928  offset=-2  xor=0x00002  popcnt=1
FAULT R=38930 -> T=38938  offset=+8  xor=0x00008  popcnt=1
FAULT R=38931 -> T=38416  offset=-515  xor=0x00e03  popcnt=5
FAULT R=38931 -> T=38417  offset=-514  xor=0x00e02  popcnt=4
FAULT R=38931 -> T=38418  offset=-513  xor=0x00e01  popcnt=4
FAULT R=38931 -> T=38419  offset=-512  xor=0x00e00  popcnt=3
FAULT R=38931 -> T=38425  offset=-506  xor=0x00e0a  popcnt=5
FAULT R=38931 -> T=38426  offset=-505  xor=0x00e09  popcnt=5
FAULT R=38931 -> T=38427  offset=-504  xor=0x00e08  popcnt=4
FAULT R=38931 -> T=38928  offset=-3  xor=0x00003  popcnt=2
FAULT R=38931 -> T=38929  offset=-2  xor=0x00002  popcnt=1
FAULT R=38931 -> T=38930  offset=-1  xor=0x00001  popcnt=1
FAULT R=38931 -> T=38937  offset=+6  xor=0x0000a  popcnt=2
FAULT R=38931 -> T=38938  offset=+7  xor=0x00009  popcnt=2
FAULT R=38931 -> T=38939  offset=+8  xor=0x00008  popcnt=1
FAULT R=38932 -> T=38416  offset=-516  xor=0x00e04  popcnt=4
FAULT R=38932 -> T=38420  offset=-512  xor=0x00e00  popcnt=3
FAULT R=38932 -> T=38928  offset=-4  xor=0x00004  popcnt=1
FAULT R=38933 -> T=38416  offset=-517  xor=0x00e05  popcnt=5
FAULT R=38933 -> T=38417  offset=-516  xor=0x00e04  popcnt=4
FAULT R=38933 -> T=38420  offset=-513  xor=0x00e01  popcnt=4
FAULT R=38933 -> T=38421  offset=-512  xor=0x00e00  popcnt=3
FAULT R=38933 -> T=38425  offset=-508  xor=0x00e0c  popcnt=5
FAULT R=38933 -> T=38429  offset=-504  xor=0x00e08  popcnt=4
FAULT R=38933 -> T=38928  offset=-5  xor=0x00005  popcnt=2
FAULT R=38933 -> T=38929  offset=-4  xor=0x00004  popcnt=1
FAULT R=38933 -> T=38932  offset=-1  xor=0x00001  popcnt=1
FAULT R=38933 -> T=38937  offset=+4  xor=0x0000c  popcnt=2
FAULT R=38933 -> T=38941  offset=+8  xor=0x00008  popcnt=1
FAULT R=38934 -> T=38416  offset=-518  xor=0x00e06  popcnt=5
FAULT R=38934 -> T=38422  offset=-512  xor=0x00e00  popcnt=3
FAULT R=38934 -> T=38430  offset=-504  xor=0x00e08  popcnt=4
FAULT R=38934 -> T=38928  offset=-6  xor=0x00006  popcnt=2
FAULT R=38934 -> T=38942  offset=+8  xor=0x00008  popcnt=1
FAULT R=38935 -> T=38416  offset=-519  xor=0x00e07  popcnt=6
FAULT R=38935 -> T=38417  offset=-518  xor=0x00e06  popcnt=5
FAULT R=38935 -> T=38422  offset=-513  xor=0x00e01  popcnt=4
FAULT R=38935 -> T=38423  offset=-512  xor=0x00e00  popcnt=3
FAULT R=38935 -> T=38425  offset=-510  xor=0x00e0e  popcnt=6
FAULT R=38935 -> T=38430  offset=-505  xor=0x00e09  popcnt=5
FAULT R=38935 -> T=38431  offset=-504  xor=0x00e08  popcnt=4
FAULT R=38935 -> T=38928  offset=-7  xor=0x00007  popcnt=3
FAULT R=38935 -> T=38929  offset=-6  xor=0x00006  popcnt=2
FAULT R=38935 -> T=38934  offset=-1  xor=0x00001  popcnt=1
FAULT R=38935 -> T=38937  offset=+2  xor=0x0000e  popcnt=3
FAULT R=38935 -> T=38942  offset=+7  xor=0x00009  popcnt=2
FAULT R=38935 -> T=38943  offset=+8  xor=0x00008  popcnt=1
FAULT R=38937 -> T=38425  offset=-512  xor=0x00e00  popcnt=3
FAULT R=38938 -> T=38426  offset=-512  xor=0x00e00  popcnt=3
FAULT R=38939 -> T=38425  offset=-514  xor=0x00e02  popcnt=4
FAULT R=38939 -> T=38426  offset=-513  xor=0x00e01  popcnt=4
FAULT R=38939 -> T=38427  offset=-512  xor=0x00e00  popcnt=3
FAULT R=38939 -> T=38937  offset=-2  xor=0x00002  popcnt=1
FAULT R=38939 -> T=38938  offset=-1  xor=0x00001  popcnt=1
FAULT R=38941 -> T=38425  offset=-516  xor=0x00e04  popcnt=4
FAULT R=38941 -> T=38429  offset=-512  xor=0x00e00  popcnt=3
FAULT R=38941 -> T=38937  offset=-4  xor=0x00004  popcnt=1
FAULT R=38942 -> T=38430  offset=-512  xor=0x00e00  popcnt=3
FAULT R=38943 -> T=38425  offset=-518  xor=0x00e06  popcnt=5
FAULT R=38943 -> T=38430  offset=-513  xor=0x00e01  popcnt=4
FAULT R=38943 -> T=38431  offset=-512  xor=0x00e00  popcnt=3
FAULT R=38943 -> T=38937  offset=-6  xor=0x00006  popcnt=2
FAULT R=38943 -> T=38942  offset=-1  xor=0x00001  popcnt=1
FAULT R=38944 -> T=38400  offset=-544  xor=0x00e20  popcnt=4
FAULT R=38944 -> T=38432  offset=-512  xor=0x00e00  popcnt=3
FAULT R=38944 -> T=38456  offset=-488  xor=0x00e18  popcnt=5
FAULT R=38944 -> T=38912  offset=-32  xor=0x00020  popcnt=1
FAULT R=38944 -> T=38968  offset=+24  xor=0x00018  popcnt=2
FAULT R=38945 -> T=38400  offset=-545  xor=0x00e21  popcnt=5
FAULT R=38945 -> T=38401  offset=-544  xor=0x00e20  popcnt=4
FAULT R=38945 -> T=38425  offset=-520  xor=0x00e38  popcnt=6
FAULT R=38945 -> T=38432  offset=-513  xor=0x00e01  popcnt=4
FAULT R=38945 -> T=38433  offset=-512  xor=0x00e00  popcnt=3
FAULT R=38945 -> T=38456  offset=-489  xor=0x00e19  popcnt=6
FAULT R=38945 -> T=38457  offset=-488  xor=0x00e18  popcnt=5
FAULT R=38945 -> T=38912  offset=-33  xor=0x00021  popcnt=2
FAULT R=38945 -> T=38913  offset=-32  xor=0x00020  popcnt=1
FAULT R=38945 -> T=38937  offset=-8  xor=0x00038  popcnt=3
FAULT R=38945 -> T=38944  offset=-1  xor=0x00001  popcnt=1
FAULT R=38945 -> T=38968  offset=+23  xor=0x00019  popcnt=3
FAULT R=38945 -> T=38969  offset=+24  xor=0x00018  popcnt=2
FAULT R=38946 -> T=38400  offset=-546  xor=0x00e22  popcnt=5
FAULT R=38946 -> T=38402  offset=-544  xor=0x00e20  popcnt=4
FAULT R=38946 -> T=38426  offset=-520  xor=0x00e38  popcnt=6
FAULT R=38946 -> T=38432  offset=-514  xor=0x00e02  popcnt=4
FAULT R=38946 -> T=38434  offset=-512  xor=0x00e00  popcnt=3
FAULT R=38946 -> T=38456  offset=-490  xor=0x00e1a  popcnt=6
FAULT R=38946 -> T=38458  offset=-488  xor=0x00e18  popcnt=5
FAULT R=38946 -> T=38912  offset=-34  xor=0x00022  popcnt=2
FAULT R=38946 -> T=38914  offset=-32  xor=0x00020  popcnt=1
FAULT R=38946 -> T=38938  offset=-8  xor=0x00038  popcnt=3
FAULT R=38946 -> T=38944  offset=-2  xor=0x00002  popcnt=1
FAULT R=38946 -> T=38968  offset=+22  xor=0x0001a  popcnt=3
FAULT R=38946 -> T=38970  offset=+24  xor=0x00018  popcnt=2
FAULT R=38948 -> T=38400  offset=-548  xor=0x00e24  popcnt=5
FAULT R=38948 -> T=38404  offset=-544  xor=0x00e20  popcnt=4
FAULT R=38948 -> T=38432  offset=-516  xor=0x00e04  popcnt=4
FAULT R=38948 -> T=38436  offset=-512  xor=0x00e00  popcnt=3
FAULT R=38948 -> T=38456  offset=-492  xor=0x00e1c  popcnt=6
FAULT R=38948 -> T=38460  offset=-488  xor=0x00e18  popcnt=5
FAULT R=38948 -> T=38912  offset=-36  xor=0x00024  popcnt=2
FAULT R=38948 -> T=38916  offset=-32  xor=0x00020  popcnt=1
FAULT R=38948 -> T=38944  offset=-4  xor=0x00004  popcnt=1
FAULT R=38948 -> T=38968  offset=+20  xor=0x0001c  popcnt=3
FAULT R=38948 -> T=38972  offset=+24  xor=0x00018  popcnt=2
FAULT R=38950 -> T=38400  offset=-550  xor=0x00e26  popcnt=6
FAULT R=38950 -> T=38406  offset=-544  xor=0x00e20  popcnt=4
FAULT R=38950 -> T=38430  offset=-520  xor=0x00e38  popcnt=6
FAULT R=38950 -> T=38432  offset=-518  xor=0x00e06  popcnt=5
FAULT R=38950 -> T=38438  offset=-512  xor=0x00e00  popcnt=3
FAULT R=38950 -> T=38456  offset=-494  xor=0x00e1e  popcnt=7
FAULT R=38950 -> T=38462  offset=-488  xor=0x00e18  popcnt=5
FAULT R=38950 -> T=38912  offset=-38  xor=0x00026  popcnt=3
FAULT R=38950 -> T=38918  offset=-32  xor=0x00020  popcnt=1
FAULT R=38950 -> T=38942  offset=-8  xor=0x00038  popcnt=3
FAULT R=38950 -> T=38944  offset=-6  xor=0x00006  popcnt=2
FAULT R=38950 -> T=38968  offset=+18  xor=0x0001e  popcnt=4
FAULT R=38950 -> T=38974  offset=+24  xor=0x00018  popcnt=2
FAULT R=38952 -> T=38440  offset=-512  xor=0x00e00  popcnt=3
FAULT R=38952 -> T=38456  offset=-496  xor=0x00e10  popcnt=4
FAULT R=38952 -> T=38968  offset=+16  xor=0x00010  popcnt=1
FAULT R=38953 -> T=38409  offset=-544  xor=0x00e20  popcnt=4
FAULT R=38953 -> T=38425  offset=-528  xor=0x00e30  popcnt=5
FAULT R=38953 -> T=38440  offset=-513  xor=0x00e01  popcnt=4
FAULT R=38953 -> T=38441  offset=-512  xor=0x00e00  popcnt=3
FAULT R=38953 -> T=38456  offset=-497  xor=0x00e11  popcnt=5
FAULT R=38953 -> T=38457  offset=-496  xor=0x00e10  popcnt=4
FAULT R=38953 -> T=38921  offset=-32  xor=0x00020  popcnt=1
FAULT R=38953 -> T=38937  offset=-16  xor=0x00030  popcnt=2
FAULT R=38953 -> T=38952  offset=-1  xor=0x00001  popcnt=1
FAULT R=38953 -> T=38968  offset=+15  xor=0x00011  popcnt=2
FAULT R=38953 -> T=38969  offset=+16  xor=0x00010  popcnt=1
FAULT R=38954 -> T=38410  offset=-544  xor=0x00e20  popcnt=4
FAULT R=38954 -> T=38426  offset=-528  xor=0x00e30  popcnt=5
FAULT R=38954 -> T=38440  offset=-514  xor=0x00e02  popcnt=4
FAULT R=38954 -> T=38442  offset=-512  xor=0x00e00  popcnt=3
FAULT R=38954 -> T=38456  offset=-498  xor=0x00e12  popcnt=5
FAULT R=38954 -> T=38458  offset=-496  xor=0x00e10  popcnt=4
FAULT R=38954 -> T=38922  offset=-32  xor=0x00020  popcnt=1
FAULT R=38954 -> T=38938  offset=-16  xor=0x00030  popcnt=2
FAULT R=38954 -> T=38952  offset=-2  xor=0x00002  popcnt=1
FAULT R=38954 -> T=38968  offset=+14  xor=0x00012  popcnt=2
FAULT R=38954 -> T=38970  offset=+16  xor=0x00010  popcnt=1
FAULT R=38956 -> T=38440  offset=-516  xor=0x00e04  popcnt=4
FAULT R=38956 -> T=38444  offset=-512  xor=0x00e00  popcnt=3
FAULT R=38956 -> T=38456  offset=-500  xor=0x00e14  popcnt=5
FAULT R=38956 -> T=38460  offset=-496  xor=0x00e10  popcnt=4
FAULT R=38956 -> T=38952  offset=-4  xor=0x00004  popcnt=1
FAULT R=38956 -> T=38968  offset=+12  xor=0x00014  popcnt=2
FAULT R=38956 -> T=38972  offset=+16  xor=0x00010  popcnt=1
FAULT R=38958 -> T=38414  offset=-544  xor=0x00e20  popcnt=4
FAULT R=38958 -> T=38430  offset=-528  xor=0x00e30  popcnt=5
FAULT R=38958 -> T=38440  offset=-518  xor=0x00e06  popcnt=5
FAULT R=38958 -> T=38446  offset=-512  xor=0x00e00  popcnt=3
FAULT R=38958 -> T=38456  offset=-502  xor=0x00e16  popcnt=6
FAULT R=38958 -> T=38462  offset=-496  xor=0x00e10  popcnt=4
FAULT R=38958 -> T=38926  offset=-32  xor=0x00020  popcnt=1
FAULT R=38958 -> T=38942  offset=-16  xor=0x00030  popcnt=2
FAULT R=38958 -> T=38952  offset=-6  xor=0x00006  popcnt=2
FAULT R=38958 -> T=38968  offset=+10  xor=0x00016  popcnt=3
FAULT R=38958 -> T=38974  offset=+16  xor=0x00010  popcnt=1
FAULT R=38960 -> T=38416  offset=-544  xor=0x00e20  popcnt=4
FAULT R=38960 -> T=38448  offset=-512  xor=0x00e00  popcnt=3
FAULT R=38960 -> T=38456  offset=-504  xor=0x00e08  popcnt=4
FAULT R=38960 -> T=38928  offset=-32  xor=0x00020  popcnt=1
FAULT R=38960 -> T=38968  offset=+8  xor=0x00008  popcnt=1
FAULT R=38961 -> T=38416  offset=-545  xor=0x00e21  popcnt=5
FAULT R=38961 -> T=38417  offset=-544  xor=0x00e20  popcnt=4
FAULT R=38961 -> T=38425  offset=-536  xor=0x00e28  popcnt=5
FAULT R=38961 -> T=38448  offset=-513  xor=0x00e01  popcnt=4
FAULT R=38961 -> T=38449  offset=-512  xor=0x00e00  popcnt=3
FAULT R=38961 -> T=38456  offset=-505  xor=0x00e09  popcnt=5
FAULT R=38961 -> T=38457  offset=-504  xor=0x00e08  popcnt=4
FAULT R=38961 -> T=38928  offset=-33  xor=0x00021  popcnt=2
FAULT R=38961 -> T=38929  offset=-32  xor=0x00020  popcnt=1
FAULT R=38961 -> T=38937  offset=-24  xor=0x00028  popcnt=2
FAULT R=38961 -> T=38960  offset=-1  xor=0x00001  popcnt=1
FAULT R=38961 -> T=38968  offset=+7  xor=0x00009  popcnt=2
FAULT R=38961 -> T=38969  offset=+8  xor=0x00008  popcnt=1
FAULT R=38962 -> T=38416  offset=-546  xor=0x00e22  popcnt=5
FAULT R=38962 -> T=38418  offset=-544  xor=0x00e20  popcnt=4
FAULT R=38962 -> T=38426  offset=-536  xor=0x00e28  popcnt=5
FAULT R=38962 -> T=38448  offset=-514  xor=0x00e02  popcnt=4
FAULT R=38962 -> T=38450  offset=-512  xor=0x00e00  popcnt=3
FAULT R=38962 -> T=38456  offset=-506  xor=0x00e0a  popcnt=5
FAULT R=38962 -> T=38458  offset=-504  xor=0x00e08  popcnt=4
FAULT R=38962 -> T=38928  offset=-34  xor=0x00022  popcnt=2
FAULT R=38962 -> T=38930  offset=-32  xor=0x00020  popcnt=1
FAULT R=38962 -> T=38938  offset=-24  xor=0x00028  popcnt=2
FAULT R=38962 -> T=38960  offset=-2  xor=0x00002  popcnt=1
FAULT R=38962 -> T=38968  offset=+6  xor=0x0000a  popcnt=2
FAULT R=38962 -> T=38970  offset=+8  xor=0x00008  popcnt=1
FAULT R=38964 -> T=38416  offset=-548  xor=0x00e24  popcnt=5
FAULT R=38964 -> T=38420  offset=-544  xor=0x00e20  popcnt=4
FAULT R=38964 -> T=38448  offset=-516  xor=0x00e04  popcnt=4
FAULT R=38964 -> T=38452  offset=-512  xor=0x00e00  popcnt=3
FAULT R=38964 -> T=38456  offset=-508  xor=0x00e0c  popcnt=5
FAULT R=38964 -> T=38460  offset=-504  xor=0x00e08  popcnt=4
FAULT R=38964 -> T=38928  offset=-36  xor=0x00024  popcnt=2
FAULT R=38964 -> T=38932  offset=-32  xor=0x00020  popcnt=1
FAULT R=38964 -> T=38960  offset=-4  xor=0x00004  popcnt=1
FAULT R=38964 -> T=38968  offset=+4  xor=0x0000c  popcnt=2
FAULT R=38964 -> T=38972  offset=+8  xor=0x00008  popcnt=1
FAULT R=38966 -> T=38416  offset=-550  xor=0x00e26  popcnt=6
FAULT R=38966 -> T=38422  offset=-544  xor=0x00e20  popcnt=4
FAULT R=38966 -> T=38430  offset=-536  xor=0x00e28  popcnt=5
FAULT R=38966 -> T=38448  offset=-518  xor=0x00e06  popcnt=5
FAULT R=38966 -> T=38454  offset=-512  xor=0x00e00  popcnt=3
FAULT R=38966 -> T=38456  offset=-510  xor=0x00e0e  popcnt=6
FAULT R=38966 -> T=38462  offset=-504  xor=0x00e08  popcnt=4
FAULT R=38966 -> T=38928  offset=-38  xor=0x00026  popcnt=3
FAULT R=38966 -> T=38934  offset=-32  xor=0x00020  popcnt=1
FAULT R=38966 -> T=38942  offset=-24  xor=0x00028  popcnt=2
FAULT R=38966 -> T=38960  offset=-6  xor=0x00006  popcnt=2
FAULT R=38966 -> T=38968  offset=+2  xor=0x0000e  popcnt=3
FAULT R=38966 -> T=38974  offset=+8  xor=0x00008  popcnt=1
FAULT R=38968 -> T=38456  offset=-512  xor=0x00e00  popcnt=3
FAULT R=38969 -> T=38425  offset=-544  xor=0x00e20  popcnt=4
FAULT R=38969 -> T=38456  offset=-513  xor=0x00e01  popcnt=4
FAULT R=38969 -> T=38457  offset=-512  xor=0x00e00  popcnt=3
FAULT R=38969 -> T=38937  offset=-32  xor=0x00020  popcnt=1
FAULT R=38969 -> T=38968  offset=-1  xor=0x00001  popcnt=1
FAULT R=38970 -> T=38426  offset=-544  xor=0x00e20  popcnt=4
FAULT R=38970 -> T=38456  offset=-514  xor=0x00e02  popcnt=4
FAULT R=38970 -> T=38458  offset=-512  xor=0x00e00  popcnt=3
FAULT R=38970 -> T=38938  offset=-32  xor=0x00020  popcnt=1
FAULT R=38970 -> T=38968  offset=-2  xor=0x00002  popcnt=1
FAULT R=38971 -> T=38425  offset=-546  xor=0x00e22  popcnt=5
FAULT R=38971 -> T=38426  offset=-545  xor=0x00e21  popcnt=5
FAULT R=38971 -> T=38427  offset=-544  xor=0x00e20  popcnt=4
FAULT R=38971 -> T=38456  offset=-515  xor=0x00e03  popcnt=5
FAULT R=38971 -> T=38457  offset=-514  xor=0x00e02  popcnt=4
FAULT R=38971 -> T=38458  offset=-513  xor=0x00e01  popcnt=4
FAULT R=38971 -> T=38459  offset=-512  xor=0x00e00  popcnt=3
FAULT R=38971 -> T=38937  offset=-34  xor=0x00022  popcnt=2
FAULT R=38971 -> T=38938  offset=-33  xor=0x00021  popcnt=2
FAULT R=38971 -> T=38939  offset=-32  xor=0x00020  popcnt=1
FAULT R=38971 -> T=38968  offset=-3  xor=0x00003  popcnt=2
FAULT R=38971 -> T=38969  offset=-2  xor=0x00002  popcnt=1
FAULT R=38971 -> T=38970  offset=-1  xor=0x00001  popcnt=1
FAULT R=38972 -> T=38456  offset=-516  xor=0x00e04  popcnt=4
FAULT R=38972 -> T=38460  offset=-512  xor=0x00e00  popcnt=3
FAULT R=38972 -> T=38968  offset=-4  xor=0x00004  popcnt=1
FAULT R=38973 -> T=38425  offset=-548  xor=0x00e24  popcnt=5
FAULT R=38973 -> T=38429  offset=-544  xor=0x00e20  popcnt=4
FAULT R=38973 -> T=38456  offset=-517  xor=0x00e05  popcnt=5
FAULT R=38973 -> T=38457  offset=-516  xor=0x00e04  popcnt=4
FAULT R=38973 -> T=38460  offset=-513  xor=0x00e01  popcnt=4
FAULT R=38973 -> T=38461  offset=-512  xor=0x00e00  popcnt=3
FAULT R=38973 -> T=38937  offset=-36  xor=0x00024  popcnt=2
FAULT R=38973 -> T=38941  offset=-32  xor=0x00020  popcnt=1
FAULT R=38973 -> T=38968  offset=-5  xor=0x00005  popcnt=2
FAULT R=38973 -> T=38969  offset=-4  xor=0x00004  popcnt=1
FAULT R=38973 -> T=38972  offset=-1  xor=0x00001  popcnt=1
FAULT R=38974 -> T=38430  offset=-544  xor=0x00e20  popcnt=4
FAULT R=38974 -> T=38456  offset=-518  xor=0x00e06  popcnt=5
FAULT R=38974 -> T=38462  offset=-512  xor=0x00e00  popcnt=3
FAULT R=38974 -> T=38942  offset=-32  xor=0x00020  popcnt=1
FAULT R=38974 -> T=38968  offset=-6  xor=0x00006  popcnt=2
FAULT R=38975 -> T=38425  offset=-550  xor=0x00e26  popcnt=6
FAULT R=38975 -> T=38430  offset=-545  xor=0x00e21  popcnt=5
FAULT R=38975 -> T=38431  offset=-544  xor=0x00e20  popcnt=4
FAULT R=38975 -> T=38456  offset=-519  xor=0x00e07  popcnt=6
FAULT R=38975 -> T=38457  offset=-518  xor=0x00e06  popcnt=5
FAULT R=38975 -> T=38462  offset=-513  xor=0x00e01  popcnt=4
FAULT R=38975 -> T=38463  offset=-512  xor=0x00e00  popcnt=3
FAULT R=38975 -> T=38937  offset=-38  xor=0x00026  popcnt=3
FAULT R=38975 -> T=38942  offset=-33  xor=0x00021  popcnt=2
FAULT R=38975 -> T=38943  offset=-32  xor=0x00020  popcnt=1
FAULT R=38975 -> T=38968  offset=-7  xor=0x00007  popcnt=3
FAULT R=38975 -> T=38969  offset=-6  xor=0x00006  popcnt=2
FAULT R=38975 -> T=38974  offset=-1  xor=0x00001  popcnt=1
FAULT R=38976 -> T=38400  offset=-576  xor=0x00e40  popcnt=4
FAULT R=38976 -> T=38464  offset=-512  xor=0x00e00  popcnt=3
FAULT R=38976 -> T=38912  offset=-64  xor=0x00040  popcnt=1
FAULT R=38977 -> T=38400  offset=-577  xor=0x00e41  popcnt=5
FAULT R=38977 -> T=38401  offset=-576  xor=0x00e40  popcnt=4
FAULT R=38977 -> T=38425  offset=-552  xor=0x00e58  popcnt=6
FAULT R=38977 -> T=38464  offset=-513  xor=0x00e01  popcnt=4
FAULT R=38977 -> T=38465  offset=-512  xor=0x00e00  popcnt=3
FAULT R=38977 -> T=38489  offset=-488  xor=0x00e18  popcnt=5
FAULT R=38977 -> T=38912  offset=-65  xor=0x00041  popcnt=2
FAULT R=38977 -> T=38913  offset=-64  xor=0x00040  popcnt=1
FAULT R=38977 -> T=38937  offset=-40  xor=0x00058  popcnt=3
FAULT R=38977 -> T=38976  offset=-1  xor=0x00001  popcnt=1
FAULT R=38977 -> T=39001  offset=+24  xor=0x00018  popcnt=2
FAULT R=38978 -> T=38400  offset=-578  xor=0x00e42  popcnt=5
FAULT R=38978 -> T=38402  offset=-576  xor=0x00e40  popcnt=4
FAULT R=38978 -> T=38426  offset=-552  xor=0x00e58  popcnt=6
FAULT R=38978 -> T=38464  offset=-514  xor=0x00e02  popcnt=4
FAULT R=38978 -> T=38466  offset=-512  xor=0x00e00  popcnt=3
FAULT R=38978 -> T=38490  offset=-488  xor=0x00e18  popcnt=5
FAULT R=38978 -> T=38912  offset=-66  xor=0x00042  popcnt=2
FAULT R=38978 -> T=38914  offset=-64  xor=0x00040  popcnt=1
FAULT R=38978 -> T=38938  offset=-40  xor=0x00058  popcnt=3
FAULT R=38978 -> T=38976  offset=-2  xor=0x00002  popcnt=1
FAULT R=38978 -> T=39002  offset=+24  xor=0x00018  popcnt=2
FAULT R=38980 -> T=38400  offset=-580  xor=0x00e44  popcnt=5
FAULT R=38980 -> T=38404  offset=-576  xor=0x00e40  popcnt=4
FAULT R=38980 -> T=38464  offset=-516  xor=0x00e04  popcnt=4
FAULT R=38980 -> T=38468  offset=-512  xor=0x00e00  popcnt=3
FAULT R=38980 -> T=38912  offset=-68  xor=0x00044  popcnt=2
FAULT R=38980 -> T=38916  offset=-64  xor=0x00040  popcnt=1
FAULT R=38980 -> T=38976  offset=-4  xor=0x00004  popcnt=1
FAULT R=38982 -> T=38400  offset=-582  xor=0x00e46  popcnt=6
FAULT R=38982 -> T=38406  offset=-576  xor=0x00e40  popcnt=4
FAULT R=38982 -> T=38430  offset=-552  xor=0x00e58  popcnt=6
FAULT R=38982 -> T=38464  offset=-518  xor=0x00e06  popcnt=5
FAULT R=38982 -> T=38470  offset=-512  xor=0x00e00  popcnt=3
FAULT R=38982 -> T=38494  offset=-488  xor=0x00e18  popcnt=5
FAULT R=38982 -> T=38912  offset=-70  xor=0x00046  popcnt=3
FAULT R=38982 -> T=38918  offset=-64  xor=0x00040  popcnt=1
FAULT R=38982 -> T=38942  offset=-40  xor=0x00058  popcnt=3
FAULT R=38982 -> T=38976  offset=-6  xor=0x00006  popcnt=2
FAULT R=38982 -> T=39006  offset=+24  xor=0x00018  popcnt=2
FAULT R=38985 -> T=38409  offset=-576  xor=0x00e40  popcnt=4
FAULT R=38985 -> T=38425  offset=-560  xor=0x00e50  popcnt=5
FAULT R=38985 -> T=38473  offset=-512  xor=0x00e00  popcnt=3
FAULT R=38985 -> T=38489  offset=-496  xor=0x00e10  popcnt=4
FAULT R=38985 -> T=38921  offset=-64  xor=0x00040  popcnt=1
FAULT R=38985 -> T=38937  offset=-48  xor=0x00050  popcnt=2
FAULT R=38985 -> T=39001  offset=+16  xor=0x00010  popcnt=1
FAULT R=38986 -> T=38410  offset=-576  xor=0x00e40  popcnt=4
FAULT R=38986 -> T=38426  offset=-560  xor=0x00e50  popcnt=5
FAULT R=38986 -> T=38474  offset=-512  xor=0x00e00  popcnt=3
FAULT R=38986 -> T=38490  offset=-496  xor=0x00e10  popcnt=4
FAULT R=38986 -> T=38922  offset=-64  xor=0x00040  popcnt=1
FAULT R=38986 -> T=38938  offset=-48  xor=0x00050  popcnt=2
FAULT R=38986 -> T=39002  offset=+16  xor=0x00010  popcnt=1
FAULT R=38990 -> T=38414  offset=-576  xor=0x00e40  popcnt=4
FAULT R=38990 -> T=38430  offset=-560  xor=0x00e50  popcnt=5
FAULT R=38990 -> T=38478  offset=-512  xor=0x00e00  popcnt=3
FAULT R=38990 -> T=38494  offset=-496  xor=0x00e10  popcnt=4
FAULT R=38990 -> T=38926  offset=-64  xor=0x00040  popcnt=1
FAULT R=38990 -> T=38942  offset=-48  xor=0x00050  popcnt=2
FAULT R=38990 -> T=39006  offset=+16  xor=0x00010  popcnt=1
FAULT R=38992 -> T=38416  offset=-576  xor=0x00e40  popcnt=4
FAULT R=38992 -> T=38480  offset=-512  xor=0x00e00  popcnt=3
FAULT R=38992 -> T=38928  offset=-64  xor=0x00040  popcnt=1
FAULT R=38993 -> T=38416  offset=-577  xor=0x00e41  popcnt=5
FAULT R=38993 -> T=38417  offset=-576  xor=0x00e40  popcnt=4
FAULT R=38993 -> T=38425  offset=-568  xor=0x00e48  popcnt=5
FAULT R=38993 -> T=38480  offset=-513  xor=0x00e01  popcnt=4
FAULT R=38993 -> T=38481  offset=-512  xor=0x00e00  popcnt=3
FAULT R=38993 -> T=38489  offset=-504  xor=0x00e08  popcnt=4
FAULT R=38993 -> T=38928  offset=-65  xor=0x00041  popcnt=2
FAULT R=38993 -> T=38929  offset=-64  xor=0x00040  popcnt=1
FAULT R=38993 -> T=38937  offset=-56  xor=0x00048  popcnt=2
FAULT R=38993 -> T=38992  offset=-1  xor=0x00001  popcnt=1
FAULT R=38993 -> T=39001  offset=+8  xor=0x00008  popcnt=1
FAULT R=38994 -> T=38416  offset=-578  xor=0x00e42  popcnt=5
FAULT R=38994 -> T=38418  offset=-576  xor=0x00e40  popcnt=4
FAULT R=38994 -> T=38426  offset=-568  xor=0x00e48  popcnt=5
FAULT R=38994 -> T=38480  offset=-514  xor=0x00e02  popcnt=4
FAULT R=38994 -> T=38482  offset=-512  xor=0x00e00  popcnt=3
FAULT R=38994 -> T=38490  offset=-504  xor=0x00e08  popcnt=4
FAULT R=38994 -> T=38928  offset=-66  xor=0x00042  popcnt=2
FAULT R=38994 -> T=38930  offset=-64  xor=0x00040  popcnt=1
FAULT R=38994 -> T=38938  offset=-56  xor=0x00048  popcnt=2
FAULT R=38994 -> T=38992  offset=-2  xor=0x00002  popcnt=1
FAULT R=38994 -> T=39002  offset=+8  xor=0x00008  popcnt=1
FAULT R=38996 -> T=38416  offset=-580  xor=0x00e44  popcnt=5
FAULT R=38996 -> T=38420  offset=-576  xor=0x00e40  popcnt=4
FAULT R=38996 -> T=38480  offset=-516  xor=0x00e04  popcnt=4
FAULT R=38996 -> T=38484  offset=-512  xor=0x00e00  popcnt=3
FAULT R=38996 -> T=38928  offset=-68  xor=0x00044  popcnt=2
FAULT R=38996 -> T=38932  offset=-64  xor=0x00040  popcnt=1
FAULT R=38996 -> T=38992  offset=-4  xor=0x00004  popcnt=1
FAULT R=38998 -> T=38416  offset=-582  xor=0x00e46  popcnt=6
FAULT R=38998 -> T=38422  offset=-576  xor=0x00e40  popcnt=4
FAULT R=38998 -> T=38430  offset=-568  xor=0x00e48  popcnt=5
FAULT R=38998 -> T=38480  offset=-518  xor=0x00e06  popcnt=5
FAULT R=38998 -> T=38486  offset=-512  xor=0x00e00  popcnt=3
FAULT R=38998 -> T=38494  offset=-504  xor=0x00e08  popcnt=4
FAULT R=38998 -> T=38928  offset=-70  xor=0x00046  popcnt=3
FAULT R=38998 -> T=38934  offset=-64  xor=0x00040  popcnt=1
FAULT R=38998 -> T=38942  offset=-56  xor=0x00048  popcnt=2
FAULT R=38998 -> T=38992  offset=-6  xor=0x00006  popcnt=2
FAULT R=38998 -> T=39006  offset=+8  xor=0x00008  popcnt=1
FAULT R=39001 -> T=38425  offset=-576  xor=0x00e40  popcnt=4
FAULT R=39001 -> T=38489  offset=-512  xor=0x00e00  popcnt=3
FAULT R=39001 -> T=38937  offset=-64  xor=0x00040  popcnt=1
FAULT R=39002 -> T=38426  offset=-576  xor=0x00e40  popcnt=4
FAULT R=39002 -> T=38490  offset=-512  xor=0x00e00  popcnt=3
FAULT R=39002 -> T=38938  offset=-64  xor=0x00040  popcnt=1
FAULT R=39003 -> T=38425  offset=-578  xor=0x00e42  popcnt=5
FAULT R=39003 -> T=38426  offset=-577  xor=0x00e41  popcnt=5
FAULT R=39003 -> T=38427  offset=-576  xor=0x00e40  popcnt=4
FAULT R=39003 -> T=38489  offset=-514  xor=0x00e02  popcnt=4
FAULT R=39003 -> T=38490  offset=-513  xor=0x00e01  popcnt=4
FAULT R=39003 -> T=38491  offset=-512  xor=0x00e00  popcnt=3
FAULT R=39003 -> T=38937  offset=-66  xor=0x00042  popcnt=2
FAULT R=39003 -> T=38938  offset=-65  xor=0x00041  popcnt=2
FAULT R=39003 -> T=38939  offset=-64  xor=0x00040  popcnt=1
FAULT R=39003 -> T=39001  offset=-2  xor=0x00002  popcnt=1
FAULT R=39003 -> T=39002  offset=-1  xor=0x00001  popcnt=1
FAULT R=39005 -> T=38425  offset=-580  xor=0x00e44  popcnt=5
FAULT R=39005 -> T=38429  offset=-576  xor=0x00e40  popcnt=4
FAULT R=39005 -> T=38489  offset=-516  xor=0x00e04  popcnt=4
FAULT R=39005 -> T=38493  offset=-512  xor=0x00e00  popcnt=3
FAULT R=39005 -> T=38937  offset=-68  xor=0x00044  popcnt=2
FAULT R=39005 -> T=38941  offset=-64  xor=0x00040  popcnt=1
FAULT R=39005 -> T=39001  offset=-4  xor=0x00004  popcnt=1
FAULT R=39006 -> T=38430  offset=-576  xor=0x00e40  popcnt=4
FAULT R=39006 -> T=38494  offset=-512  xor=0x00e00  popcnt=3
FAULT R=39006 -> T=38942  offset=-64  xor=0x00040  popcnt=1
FAULT R=39007 -> T=38425  offset=-582  xor=0x00e46  popcnt=6
FAULT R=39007 -> T=38430  offset=-577  xor=0x00e41  popcnt=5
FAULT R=39007 -> T=38431  offset=-576  xor=0x00e40  popcnt=4
FAULT R=39007 -> T=38489  offset=-518  xor=0x00e06  popcnt=5
FAULT R=39007 -> T=38494  offset=-513  xor=0x00e01  popcnt=4
FAULT R=39007 -> T=38495  offset=-512  xor=0x00e00  popcnt=3
FAULT R=39007 -> T=38937  offset=-70  xor=0x00046  popcnt=3
FAULT R=39007 -> T=38942  offset=-65  xor=0x00041  popcnt=2
FAULT R=39007 -> T=38943  offset=-64  xor=0x00040  popcnt=1
FAULT R=39007 -> T=39001  offset=-6  xor=0x00006  popcnt=2
FAULT R=39007 -> T=39006  offset=-1  xor=0x00001  popcnt=1
FAULT R=39008 -> T=38400  offset=-608  xor=0x00e60  popcnt=5
FAULT R=39008 -> T=38496  offset=-512  xor=0x00e00  popcnt=3
FAULT R=39008 -> T=38520  offset=-488  xor=0x00e18  popcnt=5
FAULT R=39008 -> T=38912  offset=-96  xor=0x00060  popcnt=2
FAULT R=39008 -> T=39032  offset=+24  xor=0x00018  popcnt=2
FAULT R=39009 -> T=38400  offset=-609  xor=0x00e61  popcnt=6
FAULT R=39009 -> T=38401  offset=-608  xor=0x00e60  popcnt=5
FAULT R=39009 -> T=38425  offset=-584  xor=0x00e78  popcnt=7
FAULT R=39009 -> T=38496  offset=-513  xor=0x00e01  popcnt=4
FAULT R=39009 -> T=38497  offset=-512  xor=0x00e00  popcnt=3
FAULT R=39009 -> T=38520  offset=-489  xor=0x00e19  popcnt=6
FAULT R=39009 -> T=38521  offset=-488  xor=0x00e18  popcnt=5
FAULT R=39009 -> T=38912  offset=-97  xor=0x00061  popcnt=3
FAULT R=39009 -> T=38913  offset=-96  xor=0x00060  popcnt=2
FAULT R=39009 -> T=38937  offset=-72  xor=0x00078  popcnt=4
FAULT R=39009 -> T=39008  offset=-1  xor=0x00001  popcnt=1
FAULT R=39009 -> T=39032  offset=+23  xor=0x00019  popcnt=3
FAULT R=39009 -> T=39033  offset=+24  xor=0x00018  popcnt=2
FAULT R=39010 -> T=38400  offset=-610  xor=0x00e62  popcnt=6
FAULT R=39010 -> T=38402  offset=-608  xor=0x00e60  popcnt=5
FAULT R=39010 -> T=38426  offset=-584  xor=0x00e78  popcnt=7
FAULT R=39010 -> T=38496  offset=-514  xor=0x00e02  popcnt=4
FAULT R=39010 -> T=38498  offset=-512  xor=0x00e00  popcnt=3
FAULT R=39010 -> T=38520  offset=-490  xor=0x00e1a  popcnt=6
FAULT R=39010 -> T=38522  offset=-488  xor=0x00e18  popcnt=5
FAULT R=39010 -> T=38912  offset=-98  xor=0x00062  popcnt=3
FAULT R=39010 -> T=38914  offset=-96  xor=0x00060  popcnt=2
FAULT R=39010 -> T=38938  offset=-72  xor=0x00078  popcnt=4
FAULT R=39010 -> T=39008  offset=-2  xor=0x00002  popcnt=1
FAULT R=39010 -> T=39032  offset=+22  xor=0x0001a  popcnt=3
FAULT R=39010 -> T=39034  offset=+24  xor=0x00018  popcnt=2
FAULT R=39012 -> T=38400  offset=-612  xor=0x00e64  popcnt=6
FAULT R=39012 -> T=38404  offset=-608  xor=0x00e60  popcnt=5
FAULT R=39012 -> T=38496  offset=-516  xor=0x00e04  popcnt=4
FAULT R=39012 -> T=38500  offset=-512  xor=0x00e00  popcnt=3
FAULT R=39012 -> T=38520  offset=-492  xor=0x00e1c  popcnt=6
FAULT R=39012 -> T=38524  offset=-488  xor=0x00e18  popcnt=5
FAULT R=39012 -> T=38912  offset=-100  xor=0x00064  popcnt=3
FAULT R=39012 -> T=38916  offset=-96  xor=0x00060  popcnt=2
FAULT R=39012 -> T=39008  offset=-4  xor=0x00004  popcnt=1
FAULT R=39012 -> T=39032  offset=+20  xor=0x0001c  popcnt=3
FAULT R=39012 -> T=39036  offset=+24  xor=0x00018  popcnt=2
FAULT R=39014 -> T=38400  offset=-614  xor=0x00e66  popcnt=7
FAULT R=39014 -> T=38406  offset=-608  xor=0x00e60  popcnt=5
FAULT R=39014 -> T=38430  offset=-584  xor=0x00e78  popcnt=7
FAULT R=39014 -> T=38496  offset=-518  xor=0x00e06  popcnt=5
FAULT R=39014 -> T=38502  offset=-512  xor=0x00e00  popcnt=3
FAULT R=39014 -> T=38520  offset=-494  xor=0x00e1e  popcnt=7
FAULT R=39014 -> T=38526  offset=-488  xor=0x00e18  popcnt=5
FAULT R=39014 -> T=38912  offset=-102  xor=0x00066  popcnt=4
FAULT R=39014 -> T=38918  offset=-96  xor=0x00060  popcnt=2
FAULT R=39014 -> T=38942  offset=-72  xor=0x00078  popcnt=4
FAULT R=39014 -> T=39008  offset=-6  xor=0x00006  popcnt=2
FAULT R=39014 -> T=39032  offset=+18  xor=0x0001e  popcnt=4
FAULT R=39014 -> T=39038  offset=+24  xor=0x00018  popcnt=2
FAULT R=39016 -> T=38504  offset=-512  xor=0x00e00  popcnt=3
FAULT R=39016 -> T=38520  offset=-496  xor=0x00e10  popcnt=4
FAULT R=39016 -> T=39032  offset=+16  xor=0x00010  popcnt=1
FAULT R=39017 -> T=38409  offset=-608  xor=0x00e60  popcnt=5
FAULT R=39017 -> T=38425  offset=-592  xor=0x00e70  popcnt=6
FAULT R=39017 -> T=38504  offset=-513  xor=0x00e01  popcnt=4
FAULT R=39017 -> T=38505  offset=-512  xor=0x00e00  popcnt=3
FAULT R=39017 -> T=38520  offset=-497  xor=0x00e11  popcnt=5
FAULT R=39017 -> T=38521  offset=-496  xor=0x00e10  popcnt=4
FAULT R=39017 -> T=38921  offset=-96  xor=0x00060  popcnt=2
FAULT R=39017 -> T=38937  offset=-80  xor=0x00070  popcnt=3
FAULT R=39017 -> T=39016  offset=-1  xor=0x00001  popcnt=1
FAULT R=39017 -> T=39032  offset=+15  xor=0x00011  popcnt=2
FAULT R=39017 -> T=39033  offset=+16  xor=0x00010  popcnt=1
FAULT R=39018 -> T=38410  offset=-608  xor=0x00e60  popcnt=5
FAULT R=39018 -> T=38426  offset=-592  xor=0x00e70  popcnt=6
FAULT R=39018 -> T=38504  offset=-514  xor=0x00e02  popcnt=4
FAULT R=39018 -> T=38506  offset=-512  xor=0x00e00  popcnt=3
FAULT R=39018 -> T=38520  offset=-498  xor=0x00e12  popcnt=5
FAULT R=39018 -> T=38522  offset=-496  xor=0x00e10  popcnt=4
FAULT R=39018 -> T=38922  offset=-96  xor=0x00060  popcnt=2
FAULT R=39018 -> T=38938  offset=-80  xor=0x00070  popcnt=3
FAULT R=39018 -> T=39016  offset=-2  xor=0x00002  popcnt=1
FAULT R=39018 -> T=39032  offset=+14  xor=0x00012  popcnt=2
FAULT R=39018 -> T=39034  offset=+16  xor=0x00010  popcnt=1
FAULT R=39020 -> T=38504  offset=-516  xor=0x00e04  popcnt=4
FAULT R=39020 -> T=38508  offset=-512  xor=0x00e00  popcnt=3
FAULT R=39020 -> T=38520  offset=-500  xor=0x00e14  popcnt=5
FAULT R=39020 -> T=38524  offset=-496  xor=0x00e10  popcnt=4
FAULT R=39020 -> T=39016  offset=-4  xor=0x00004  popcnt=1
FAULT R=39020 -> T=39032  offset=+12  xor=0x00014  popcnt=2
FAULT R=39020 -> T=39036  offset=+16  xor=0x00010  popcnt=1
FAULT R=39022 -> T=38414  offset=-608  xor=0x00e60  popcnt=5
FAULT R=39022 -> T=38430  offset=-592  xor=0x00e70  popcnt=6
FAULT R=39022 -> T=38504  offset=-518  xor=0x00e06  popcnt=5
FAULT R=39022 -> T=38510  offset=-512  xor=0x00e00  popcnt=3
FAULT R=39022 -> T=38520  offset=-502  xor=0x00e16  popcnt=6
FAULT R=39022 -> T=38526  offset=-496  xor=0x00e10  popcnt=4
FAULT R=39022 -> T=38926  offset=-96  xor=0x00060  popcnt=2
FAULT R=39022 -> T=38942  offset=-80  xor=0x00070  popcnt=3
FAULT R=39022 -> T=39016  offset=-6  xor=0x00006  popcnt=2
FAULT R=39022 -> T=39032  offset=+10  xor=0x00016  popcnt=3
FAULT R=39022 -> T=39038  offset=+16  xor=0x00010  popcnt=1
FAULT R=39024 -> T=38416  offset=-608  xor=0x00e60  popcnt=5
FAULT R=39024 -> T=38512  offset=-512  xor=0x00e00  popcnt=3
FAULT R=39024 -> T=38520  offset=-504  xor=0x00e08  popcnt=4
FAULT R=39024 -> T=38928  offset=-96  xor=0x00060  popcnt=2
FAULT R=39024 -> T=39032  offset=+8  xor=0x00008  popcnt=1
FAULT R=39025 -> T=38416  offset=-609  xor=0x00e61  popcnt=6
FAULT R=39025 -> T=38417  offset=-608  xor=0x00e60  popcnt=5
FAULT R=39025 -> T=38425  offset=-600  xor=0x00e68  popcnt=6
FAULT R=39025 -> T=38512  offset=-513  xor=0x00e01  popcnt=4
FAULT R=39025 -> T=38513  offset=-512  xor=0x00e00  popcnt=3
FAULT R=39025 -> T=38520  offset=-505  xor=0x00e09  popcnt=5
FAULT R=39025 -> T=38521  offset=-504  xor=0x00e08  popcnt=4
FAULT R=39025 -> T=38928  offset=-97  xor=0x00061  popcnt=3
FAULT R=39025 -> T=38929  offset=-96  xor=0x00060  popcnt=2
FAULT R=39025 -> T=38937  offset=-88  xor=0x00068  popcnt=3
FAULT R=39025 -> T=39024  offset=-1  xor=0x00001  popcnt=1
FAULT R=39025 -> T=39032  offset=+7  xor=0x00009  popcnt=2
FAULT R=39025 -> T=39033  offset=+8  xor=0x00008  popcnt=1
FAULT R=39026 -> T=38416  offset=-610  xor=0x00e62  popcnt=6
FAULT R=39026 -> T=38418  offset=-608  xor=0x00e60  popcnt=5
FAULT R=39026 -> T=38426  offset=-600  xor=0x00e68  popcnt=6
FAULT R=39026 -> T=38512  offset=-514  xor=0x00e02  popcnt=4
FAULT R=39026 -> T=38514  offset=-512  xor=0x00e00  popcnt=3
FAULT R=39026 -> T=38520  offset=-506  xor=0x00e0a  popcnt=5
FAULT R=39026 -> T=38522  offset=-504  xor=0x00e08  popcnt=4
FAULT R=39026 -> T=38928  offset=-98  xor=0x00062  popcnt=3
FAULT R=39026 -> T=38930  offset=-96  xor=0x00060  popcnt=2
FAULT R=39026 -> T=38938  offset=-88  xor=0x00068  popcnt=3
FAULT R=39026 -> T=39024  offset=-2  xor=0x00002  popcnt=1
FAULT R=39026 -> T=39032  offset=+6  xor=0x0000a  popcnt=2
FAULT R=39026 -> T=39034  offset=+8  xor=0x00008  popcnt=1
FAULT R=39028 -> T=38416  offset=-612  xor=0x00e64  popcnt=6
FAULT R=39028 -> T=38420  offset=-608  xor=0x00e60  popcnt=5
FAULT R=39028 -> T=38512  offset=-516  xor=0x00e04  popcnt=4
FAULT R=39028 -> T=38516  offset=-512  xor=0x00e00  popcnt=3
FAULT R=39028 -> T=38520  offset=-508  xor=0x00e0c  popcnt=5
FAULT R=39028 -> T=38524  offset=-504  xor=0x00e08  popcnt=4
FAULT R=39028 -> T=38928  offset=-100  xor=0x00064  popcnt=3
FAULT R=39028 -> T=38932  offset=-96  xor=0x00060  popcnt=2
FAULT R=39028 -> T=39024  offset=-4  xor=0x00004  popcnt=1
FAULT R=39028 -> T=39032  offset=+4  xor=0x0000c  popcnt=2
FAULT R=39028 -> T=39036  offset=+8  xor=0x00008  popcnt=1
FAULT R=39030 -> T=38416  offset=-614  xor=0x00e66  popcnt=7
FAULT R=39030 -> T=38422  offset=-608  xor=0x00e60  popcnt=5
FAULT R=39030 -> T=38430  offset=-600  xor=0x00e68  popcnt=6
FAULT R=39030 -> T=38512  offset=-518  xor=0x00e06  popcnt=5
FAULT R=39030 -> T=38518  offset=-512  xor=0x00e00  popcnt=3
FAULT R=39030 -> T=38520  offset=-510  xor=0x00e0e  popcnt=6
FAULT R=39030 -> T=38526  offset=-504  xor=0x00e08  popcnt=4
FAULT R=39030 -> T=38928  offset=-102  xor=0x00066  popcnt=4
FAULT R=39030 -> T=38934  offset=-96  xor=0x00060  popcnt=2
FAULT R=39030 -> T=38942  offset=-88  xor=0x00068  popcnt=3
FAULT R=39030 -> T=39024  offset=-6  xor=0x00006  popcnt=2
FAULT R=39030 -> T=39032  offset=+2  xor=0x0000e  popcnt=3
FAULT R=39030 -> T=39038  offset=+8  xor=0x00008  popcnt=1
FAULT R=39032 -> T=38520  offset=-512  xor=0x00e00  popcnt=3
FAULT R=39033 -> T=38425  offset=-608  xor=0x00e60  popcnt=5
FAULT R=39033 -> T=38520  offset=-513  xor=0x00e01  popcnt=4
FAULT R=39033 -> T=38521  offset=-512  xor=0x00e00  popcnt=3
FAULT R=39033 -> T=38937  offset=-96  xor=0x00060  popcnt=2
FAULT R=39033 -> T=39032  offset=-1  xor=0x00001  popcnt=1
FAULT R=39034 -> T=38426  offset=-608  xor=0x00e60  popcnt=5
FAULT R=39034 -> T=38520  offset=-514  xor=0x00e02  popcnt=4
FAULT R=39034 -> T=38522  offset=-512  xor=0x00e00  popcnt=3
FAULT R=39034 -> T=38938  offset=-96  xor=0x00060  popcnt=2
FAULT R=39034 -> T=39032  offset=-2  xor=0x00002  popcnt=1
FAULT R=39035 -> T=38425  offset=-610  xor=0x00e62  popcnt=6
FAULT R=39035 -> T=38426  offset=-609  xor=0x00e61  popcnt=6
FAULT R=39035 -> T=38427  offset=-608  xor=0x00e60  popcnt=5
FAULT R=39035 -> T=38520  offset=-515  xor=0x00e03  popcnt=5
FAULT R=39035 -> T=38521  offset=-514  xor=0x00e02  popcnt=4
FAULT R=39035 -> T=38522  offset=-513  xor=0x00e01  popcnt=4
FAULT R=39035 -> T=38523  offset=-512  xor=0x00e00  popcnt=3
FAULT R=39035 -> T=38937  offset=-98  xor=0x00062  popcnt=3
FAULT R=39035 -> T=38938  offset=-97  xor=0x00061  popcnt=3
FAULT R=39035 -> T=38939  offset=-96  xor=0x00060  popcnt=2
FAULT R=39035 -> T=39032  offset=-3  xor=0x00003  popcnt=2
FAULT R=39035 -> T=39033  offset=-2  xor=0x00002  popcnt=1
FAULT R=39035 -> T=39034  offset=-1  xor=0x00001  popcnt=1
FAULT R=39036 -> T=38520  offset=-516  xor=0x00e04  popcnt=4
FAULT R=39036 -> T=38524  offset=-512  xor=0x00e00  popcnt=3
FAULT R=39036 -> T=39032  offset=-4  xor=0x00004  popcnt=1
FAULT R=39037 -> T=38425  offset=-612  xor=0x00e64  popcnt=6
FAULT R=39037 -> T=38429  offset=-608  xor=0x00e60  popcnt=5
FAULT R=39037 -> T=38520  offset=-517  xor=0x00e05  popcnt=5
FAULT R=39037 -> T=38521  offset=-516  xor=0x00e04  popcnt=4
FAULT R=39037 -> T=38524  offset=-513  xor=0x00e01  popcnt=4
FAULT R=39037 -> T=38525  offset=-512  xor=0x00e00  popcnt=3
FAULT R=39037 -> T=38937  offset=-100  xor=0x00064  popcnt=3
FAULT R=39037 -> T=38941  offset=-96  xor=0x00060  popcnt=2
FAULT R=39037 -> T=39032  offset=-5  xor=0x00005  popcnt=2
FAULT R=39037 -> T=39033  offset=-4  xor=0x00004  popcnt=1
FAULT R=39037 -> T=39036  offset=-1  xor=0x00001  popcnt=1
FAULT R=39038 -> T=38430  offset=-608  xor=0x00e60  popcnt=5
FAULT R=39038 -> T=38520  offset=-518  xor=0x00e06  popcnt=5
FAULT R=39038 -> T=38526  offset=-512  xor=0x00e00  popcnt=3
FAULT R=39038 -> T=38942  offset=-96  xor=0x00060  popcnt=2
FAULT R=39038 -> T=39032  offset=-6  xor=0x00006  popcnt=2
FAULT R=39039 -> T=38425  offset=-614  xor=0x00e66  popcnt=7
FAULT R=39039 -> T=38430  offset=-609  xor=0x00e61  popcnt=6
FAULT R=39039 -> T=38431  offset=-608  xor=0x00e60  popcnt=5
FAULT R=39039 -> T=38520  offset=-519  xor=0x00e07  popcnt=6
FAULT R=39039 -> T=38521  offset=-518  xor=0x00e06  popcnt=5
FAULT R=39039 -> T=38526  offset=-513  xor=0x00e01  popcnt=4
FAULT R=39039 -> T=38527  offset=-512  xor=0x00e00  popcnt=3
FAULT R=39039 -> T=38937  offset=-102  xor=0x00066  popcnt=4
FAULT R=39039 -> T=38942  offset=-97  xor=0x00061  popcnt=3
FAULT R=39039 -> T=38943  offset=-96  xor=0x00060  popcnt=2
FAULT R=39039 -> T=39032  offset=-7  xor=0x00007  popcnt=3
FAULT R=39039 -> T=39033  offset=-6  xor=0x00006  popcnt=2
FAULT R=39039 -> T=39038  offset=-1  xor=0x00001  popcnt=1

# total_faults=4109  sources_tested=624  warmup=4
CLONE R=38400 match=2048 ok=1
CLONE R=38401 match=2048 ok=1
CLONE R=38402 match=2048 ok=1
CLONE R=38403 match=2048 ok=1
CLONE R=38404 match=2048 ok=1
CLONE R=38405 match=2048 ok=1
CLONE R=38406 match=2048 ok=1
CLONE R=38407 match=2048 ok=1
CLONE R=38409 match=2048 ok=1
CLONE R=38410 match=2048 ok=1
CLONE R=38411 match=2048 ok=1
CLONE R=38413 match=2048 ok=1
CLONE R=38414 match=2048 ok=1
CLONE R=38415 match=2048 ok=1
CLONE R=38416 match=2048 ok=1
CLONE R=38417 match=2048 ok=1
CLONE R=38418 match=2048 ok=1
CLONE R=38419 match=2048 ok=1
CLONE R=38420 match=2048 ok=1
CLONE R=38421 match=2048 ok=1
CLONE R=38422 match=2048 ok=1
CLONE R=38423 match=2048 ok=1
CLONE R=38425 match=2048 ok=1
CLONE R=38426 match=2048 ok=1
CLONE R=38427 match=2048 ok=1
CLONE R=38429 match=2048 ok=1
CLONE R=38430 match=2048 ok=1
CLONE R=38431 match=2048 ok=1
CLONE R=38432 match=2048 ok=1
CLONE R=38433 match=2048 ok=1
CLONE R=38434 match=2048 ok=1
CLONE R=38435 match=2047 ok=1
CLONE R=38436 match=2048 ok=1
CLONE R=38437 match=2048 ok=1
CLONE R=38438 match=2048 ok=1
CLONE R=38439 match=2048 ok=1
CLONE R=38440 match=2048 ok=1
CLONE R=38441 match=2048 ok=1
CLONE R=38442 match=2048 ok=1
CLONE R=38443 match=2048 ok=1
CLONE R=38444 match=2048 ok=1
CLONE R=38445 match=2047 ok=1
CLONE R=38446 match=2048 ok=1
CLONE R=38447 match=2047 ok=1
CLONE R=38448 match=2048 ok=1
CLONE R=38449 match=2048 ok=1
CLONE R=38450 match=2048 ok=1
CLONE R=38451 match=2047 ok=1
CLONE R=38452 match=2048 ok=1
CLONE R=38453 match=2048 ok=1
CLONE R=38454 match=2048 ok=1
CLONE R=38455 match=2048 ok=1
CLONE R=38456 match=2048 ok=1
CLONE R=38457 match=2048 ok=1
CLONE R=38458 match=2048 ok=1
CLONE R=38459 match=2048 ok=1
CLONE R=38460 match=2048 ok=1
CLONE R=38461 match=2048 ok=1
CLONE R=38462 match=2048 ok=1
CLONE R=38463 match=2048 ok=1
CLONE R=38464 match=2048 ok=1
CLONE R=38465 match=2048 ok=1
CLONE R=38466 match=2048 ok=1
CLONE R=38467 match=2048 ok=1
CLONE R=38468 match=2048 ok=1
CLONE R=38469 match=2047 ok=1
CLONE R=38470 match=2048 ok=1
CLONE R=38471 match=2048 ok=1
CLONE R=38473 match=2048 ok=1
CLONE R=38474 match=2048 ok=1
CLONE R=38475 match=2047 ok=1
CLONE R=38477 match=2048 ok=1
CLONE R=38478 match=2048 ok=1
CLONE R=38479 match=2048 ok=1
CLONE R=38480 match=2048 ok=1
CLONE R=38481 match=2048 ok=1
CLONE R=38482 match=2048 ok=1
CLONE R=38483 match=2047 ok=1
CLONE R=38484 match=2048 ok=1
CLONE R=38485 match=2047 ok=1
CLONE R=38486 match=2048 ok=1
CLONE R=38487 match=2048 ok=1
CLONE R=38489 match=2048 ok=1
CLONE R=38490 match=2048 ok=1
CLONE R=38491 match=2048 ok=1
CLONE R=38493 match=2048 ok=1
CLONE R=38494 match=2048 ok=1
CLONE R=38495 match=2048 ok=1
CLONE R=38496 match=2048 ok=1
CLONE R=38497 match=2048 ok=1
CLONE R=38498 match=2048 ok=1
CLONE R=38499 match=2048 ok=1
CLONE R=38500 match=2048 ok=1
CLONE R=38501 match=2048 ok=1
CLONE R=38502 match=2048 ok=1
CLONE R=38503 match=2048 ok=1
CLONE R=38504 match=2048 ok=1
CLONE R=38505 match=2048 ok=1
CLONE R=38506 match=2048 ok=1
CLONE R=38507 match=2048 ok=1
CLONE R=38508 match=2048 ok=1
CLONE R=38509 match=2047 ok=1
CLONE R=38510 match=2048 ok=1
CLONE R=38511 match=2047 ok=1
CLONE R=38512 match=2048 ok=1
CLONE R=38513 match=2048 ok=1
CLONE R=38514 match=2048 ok=1
CLONE R=38515 match=2048 ok=1
CLONE R=38516 match=2048 ok=1
CLONE R=38517 match=2048 ok=1
CLONE R=38518 match=2048 ok=1
CLONE R=38519 match=2048 ok=1
CLONE R=38520 match=2048 ok=1
CLONE R=38521 match=2048 ok=1
CLONE R=38522 match=2048 ok=1
CLONE R=38523 match=2048 ok=1
CLONE R=38524 match=2048 ok=1
CLONE R=38525 match=2048 ok=1
CLONE R=38526 match=2048 ok=1
CLONE R=38527 match=2048 ok=1
CLONE R=38528 match=2048 ok=1
CLONE R=38529 match=2048 ok=1
CLONE R=38530 match=2048 ok=1
CLONE R=38531 match=2048 ok=1
CLONE R=38532 match=2048 ok=1
CLONE R=38533 match=2048 ok=1
CLONE R=38534 match=2048 ok=1
CLONE R=38535 match=2048 ok=1
CLONE R=38536 match=2048 ok=1
CLONE R=38537 match=2048 ok=1
CLONE R=38538 match=2048 ok=1
CLONE R=38539 match=2048 ok=1
CLONE R=38540 match=2048 ok=1
CLONE R=38541 match=2048 ok=1
CLONE R=38542 match=2048 ok=1
CLONE R=38543 match=2048 ok=1
CLONE R=38544 match=2048 ok=1
CLONE R=38545 match=2048 ok=1
CLONE R=38546 match=2048 ok=1
CLONE R=38547 match=2048 ok=1
CLONE R=38548 match=2048 ok=1
CLONE R=38549 match=2048 ok=1
CLONE R=38550 match=2048 ok=1
CLONE R=38551 match=2048 ok=1
CLONE R=38552 match=2048 ok=1
CLONE R=38553 match=2048 ok=1
CLONE R=38554 match=2048 ok=1
CLONE R=38555 match=2048 ok=1
CLONE R=38556 match=2048 ok=1
CLONE R=38557 match=2048 ok=1
CLONE R=38558 match=2048 ok=1
CLONE R=38559 match=2048 ok=1
CLONE R=38560 match=2048 ok=1
CLONE R=38561 match=2048 ok=1
CLONE R=38562 match=2048 ok=1
CLONE R=38563 match=1175 ok=0
CLONE R=38564 match=2048 ok=1
CLONE R=38565 match=1164 ok=0
CLONE R=38566 match=2048 ok=1
CLONE R=38567 match=1183 ok=0
CLONE R=38568 match=2048 ok=1
CLONE R=38569 match=2047 ok=1
CLONE R=38570 match=2048 ok=1
CLONE R=38571 match=1148 ok=0
CLONE R=38572 match=2048 ok=1
CLONE R=38573 match=1136 ok=0
CLONE R=38574 match=2047 ok=1
CLONE R=38575 match=1131 ok=0
CLONE R=38576 match=2048 ok=1
CLONE R=38577 match=2048 ok=1
CLONE R=38578 match=2048 ok=1
CLONE R=38579 match=1142 ok=0
CLONE R=38580 match=2048 ok=1
CLONE R=38581 match=1146 ok=0
CLONE R=38582 match=2048 ok=1
CLONE R=38583 match=1121 ok=0
CLONE R=38584 match=2048 ok=1
CLONE R=38585 match=2048 ok=1
CLONE R=38586 match=2048 ok=1
CLONE R=38587 match=2048 ok=1
CLONE R=38588 match=2048 ok=1
CLONE R=38589 match=2048 ok=1
CLONE R=38590 match=2048 ok=1
CLONE R=38591 match=2048 ok=1
CLONE R=38592 match=2048 ok=1
CLONE R=38593 match=2048 ok=1
CLONE R=38594 match=2048 ok=1
CLONE R=38595 match=1185 ok=0
CLONE R=38596 match=2048 ok=1
CLONE R=38597 match=1169 ok=0
CLONE R=38598 match=2048 ok=1
CLONE R=38599 match=1165 ok=0
CLONE R=38600 match=2048 ok=1
CLONE R=38601 match=2048 ok=1
CLONE R=38602 match=2048 ok=1
CLONE R=38603 match=1148 ok=0
CLONE R=38604 match=2048 ok=1
CLONE R=38605 match=1134 ok=0
CLONE R=38606 match=2048 ok=1
CLONE R=38607 match=1113 ok=0
CLONE R=38608 match=2048 ok=1
CLONE R=38609 match=2048 ok=1
CLONE R=38610 match=2048 ok=1
CLONE R=38611 match=1147 ok=0
CLONE R=38612 match=2048 ok=1
CLONE R=38613 match=1118 ok=0
CLONE R=38614 match=2048 ok=1
CLONE R=38615 match=1123 ok=0
CLONE R=38616 match=2048 ok=1
CLONE R=38617 match=2048 ok=1
CLONE R=38618 match=2048 ok=1
CLONE R=38619 match=2048 ok=1
CLONE R=38620 match=2048 ok=1
CLONE R=38621 match=2048 ok=1
CLONE R=38622 match=2048 ok=1
CLONE R=38623 match=2048 ok=1
CLONE R=38624 match=2048 ok=1
CLONE R=38625 match=2048 ok=1
CLONE R=38626 match=2048 ok=1
CLONE R=38627 match=1215 ok=0
CLONE R=38628 match=2048 ok=1
CLONE R=38629 match=1174 ok=0
CLONE R=38630 match=2048 ok=1
CLONE R=38631 match=1200 ok=0
CLONE R=38632 match=2048 ok=1
CLONE R=38633 match=2047 ok=1
CLONE R=38634 match=2048 ok=1
CLONE R=38635 match=1161 ok=0
CLONE R=38636 match=2048 ok=1
CLONE R=38637 match=1130 ok=0
CLONE R=38638 match=2048 ok=1
CLONE R=38639 match=1145 ok=0
CLONE R=38640 match=2048 ok=1
CLONE R=38641 match=2047 ok=1
CLONE R=38642 match=2048 ok=1
CLONE R=38643 match=1159 ok=0
CLONE R=38644 match=2048 ok=1
CLONE R=38645 match=1125 ok=0
CLONE R=38646 match=2048 ok=1
CLONE R=38647 match=1109 ok=0
CLONE R=38648 match=2048 ok=1
CLONE R=38649 match=2048 ok=1
CLONE R=38650 match=2048 ok=1
CLONE R=38651 match=2048 ok=1
CLONE R=38652 match=2048 ok=1
CLONE R=38653 match=2048 ok=1
CLONE R=38654 match=2048 ok=1
CLONE R=38655 match=2048 ok=1
CLONE R=38656 match=2048 ok=1
CLONE R=38657 match=2048 ok=1
CLONE R=38658 match=2048 ok=1
CLONE R=38659 match=2048 ok=1
CLONE R=38660 match=2048 ok=1
CLONE R=38661 match=2048 ok=1
CLONE R=38662 match=2048 ok=1
CLONE R=38663 match=2048 ok=1
CLONE R=38664 match=2048 ok=1
CLONE R=38665 match=2048 ok=1
CLONE R=38666 match=2048 ok=1
CLONE R=38667 match=2048 ok=1
CLONE R=38668 match=2048 ok=1
CLONE R=38669 match=2048 ok=1
CLONE R=38670 match=2048 ok=1
CLONE R=38671 match=2048 ok=1
CLONE R=38672 match=2048 ok=1
CLONE R=38673 match=2048 ok=1
CLONE R=38674 match=2048 ok=1
CLONE R=38675 match=2048 ok=1
CLONE R=38676 match=2048 ok=1
CLONE R=38677 match=2048 ok=1
CLONE R=38678 match=2048 ok=1
CLONE R=38679 match=2048 ok=1
CLONE R=38680 match=2048 ok=1
CLONE R=38681 match=2048 ok=1
CLONE R=38682 match=2048 ok=1
CLONE R=38683 match=2048 ok=1
CLONE R=38684 match=2048 ok=1
CLONE R=38685 match=2048 ok=1
CLONE R=38686 match=2048 ok=1
CLONE R=38687 match=2048 ok=1
CLONE R=38688 match=2048 ok=1
CLONE R=38689 match=2048 ok=1
CLONE R=38690 match=2048 ok=1
CLONE R=38691 match=1226 ok=0
CLONE R=38692 match=2048 ok=1
CLONE R=38693 match=1194 ok=0
CLONE R=38694 match=2048 ok=1
CLONE R=38695 match=1209 ok=0
CLONE R=38696 match=2048 ok=1
CLONE R=38697 match=2047 ok=1
CLONE R=38698 match=2048 ok=1
CLONE R=38699 match=1168 ok=0
CLONE R=38700 match=2048 ok=1
CLONE R=38701 match=1125 ok=0
CLONE R=38702 match=2048 ok=1
CLONE R=38703 match=1165 ok=0
CLONE R=38704 match=2048 ok=1
CLONE R=38705 match=2048 ok=1
CLONE R=38706 match=2048 ok=1
CLONE R=38707 match=1126 ok=0
CLONE R=38708 match=2048 ok=1
CLONE R=38709 match=1128 ok=0
CLONE R=38710 match=2048 ok=1
CLONE R=38711 match=1119 ok=0
CLONE R=38712 match=2048 ok=1
CLONE R=38713 match=2048 ok=1
CLONE R=38714 match=2048 ok=1
CLONE R=38715 match=2048 ok=1
CLONE R=38716 match=2048 ok=1
CLONE R=38717 match=2048 ok=1
CLONE R=38718 match=2048 ok=1
CLONE R=38719 match=2048 ok=1
CLONE R=38720 match=2048 ok=1
CLONE R=38721 match=2048 ok=1
CLONE R=38722 match=2048 ok=1
CLONE R=38723 match=1183 ok=0
CLONE R=38724 match=2048 ok=1
CLONE R=38725 match=1184 ok=0
CLONE R=38726 match=2048 ok=1
CLONE R=38727 match=1190 ok=0
CLONE R=38728 match=2048 ok=1
CLONE R=38729 match=2048 ok=1
CLONE R=38730 match=2048 ok=1
CLONE R=38731 match=1113 ok=0
CLONE R=38732 match=2048 ok=1
CLONE R=38733 match=1130 ok=0
CLONE R=38734 match=2048 ok=1
CLONE R=38735 match=1108 ok=0
CLONE R=38736 match=2048 ok=1
CLONE R=38737 match=2048 ok=1
CLONE R=38738 match=2048 ok=1
CLONE R=38739 match=1060 ok=0
CLONE R=38740 match=2048 ok=1
CLONE R=38741 match=1119 ok=0
CLONE R=38742 match=2048 ok=1
CLONE R=38743 match=1069 ok=0
CLONE R=38744 match=2048 ok=1
CLONE R=38745 match=2048 ok=1
CLONE R=38746 match=2048 ok=1
CLONE R=38747 match=2048 ok=1
CLONE R=38748 match=2048 ok=1
CLONE R=38749 match=2048 ok=1
CLONE R=38750 match=2048 ok=1
CLONE R=38751 match=2048 ok=1
CLONE R=38752 match=2048 ok=1
CLONE R=38753 match=2047 ok=1
CLONE R=38754 match=2048 ok=1
CLONE R=38755 match=1201 ok=0
CLONE R=38756 match=2048 ok=1
CLONE R=38757 match=1160 ok=0
CLONE R=38758 match=2048 ok=1
CLONE R=38759 match=1203 ok=0
CLONE R=38760 match=2048 ok=1
CLONE R=38761 match=2048 ok=1
CLONE R=38762 match=2048 ok=1
CLONE R=38763 match=1127 ok=0
CLONE R=38764 match=2048 ok=1
CLONE R=38765 match=1137 ok=0
CLONE R=38766 match=2048 ok=1
CLONE R=38767 match=1102 ok=0
CLONE R=38768 match=2048 ok=1
CLONE R=38769 match=2048 ok=1
CLONE R=38770 match=2048 ok=1
CLONE R=38771 match=1105 ok=0
CLONE R=38772 match=2048 ok=1
CLONE R=38773 match=1129 ok=0
CLONE R=38774 match=2048 ok=1
CLONE R=38775 match=1070 ok=0
CLONE R=38776 match=2048 ok=1
CLONE R=38777 match=2048 ok=1
CLONE R=38778 match=2048 ok=1
CLONE R=38779 match=2048 ok=1
CLONE R=38780 match=2048 ok=1
CLONE R=38781 match=2048 ok=1
CLONE R=38782 match=2048 ok=1
CLONE R=38783 match=2048 ok=1
CLONE R=38784 match=2048 ok=1
CLONE R=38785 match=2048 ok=1
CLONE R=38786 match=2048 ok=1
CLONE R=38787 match=2048 ok=1
CLONE R=38788 match=2048 ok=1
CLONE R=38789 match=2048 ok=1
CLONE R=38790 match=2048 ok=1
CLONE R=38791 match=2048 ok=1
CLONE R=38792 match=2048 ok=1
CLONE R=38793 match=2048 ok=1
CLONE R=38794 match=2048 ok=1
CLONE R=38795 match=2048 ok=1
CLONE R=38796 match=2048 ok=1
CLONE R=38797 match=2048 ok=1
CLONE R=38798 match=2048 ok=1
CLONE R=38799 match=2048 ok=1
CLONE R=38800 match=2048 ok=1
CLONE R=38801 match=2048 ok=1
CLONE R=38802 match=2048 ok=1
CLONE R=38803 match=2048 ok=1
CLONE R=38804 match=2048 ok=1
CLONE R=38805 match=2048 ok=1
CLONE R=38806 match=2048 ok=1
CLONE R=38807 match=2048 ok=1
CLONE R=38808 match=2048 ok=1
CLONE R=38809 match=2048 ok=1
CLONE R=38810 match=2048 ok=1
CLONE R=38811 match=2048 ok=1
CLONE R=38812 match=2048 ok=1
CLONE R=38813 match=2048 ok=1
CLONE R=38814 match=2048 ok=1
CLONE R=38815 match=2048 ok=1
CLONE R=38816 match=2048 ok=1
CLONE R=38817 match=2048 ok=1
CLONE R=38818 match=2048 ok=1
CLONE R=38819 match=1086 ok=0
CLONE R=38820 match=2048 ok=1
CLONE R=38821 match=1152 ok=0
CLONE R=38822 match=2048 ok=1
CLONE R=38823 match=1184 ok=0
CLONE R=38824 match=2048 ok=1
CLONE R=38825 match=2048 ok=1
CLONE R=38826 match=2048 ok=1
CLONE R=38827 match=947 ok=0
CLONE R=38828 match=2048 ok=1
CLONE R=38829 match=1027 ok=0
CLONE R=38830 match=2048 ok=1
CLONE R=38831 match=987 ok=0
CLONE R=38832 match=2048 ok=1
CLONE R=38833 match=2048 ok=1
CLONE R=38834 match=2048 ok=1
CLONE R=38835 match=885 ok=0
CLONE R=38836 match=2048 ok=1
CLONE R=38837 match=940 ok=0
CLONE R=38838 match=2048 ok=1
CLONE R=38839 match=949 ok=0
CLONE R=38840 match=2048 ok=1
CLONE R=38841 match=2048 ok=1
CLONE R=38842 match=2048 ok=1
CLONE R=38843 match=2048 ok=1
CLONE R=38844 match=2048 ok=1
CLONE R=38845 match=2047 ok=1
CLONE R=38846 match=2048 ok=1
CLONE R=38847 match=2048 ok=1
CLONE R=38848 match=2048 ok=1
CLONE R=38849 match=2048 ok=1
CLONE R=38850 match=2048 ok=1
CLONE R=38851 match=1108 ok=0
CLONE R=38852 match=2048 ok=1
CLONE R=38853 match=1058 ok=0
CLONE R=38854 match=2048 ok=1
CLONE R=38855 match=1167 ok=0
CLONE R=38856 match=2048 ok=1
CLONE R=38857 match=2048 ok=1
CLONE R=38858 match=2048 ok=1
CLONE R=38859 match=933 ok=0
CLONE R=38860 match=2048 ok=1
CLONE R=38861 match=941 ok=0
CLONE R=38862 match=2048 ok=1
CLONE R=38863 match=882 ok=0
CLONE R=38864 match=2048 ok=1
CLONE R=38865 match=2047 ok=1
CLONE R=38866 match=2047 ok=1
CLONE R=38867 match=862 ok=0
CLONE R=38868 match=2048 ok=1
CLONE R=38869 match=872 ok=0
CLONE R=38870 match=2048 ok=1
CLONE R=38871 match=824 ok=0
CLONE R=38872 match=2048 ok=1
CLONE R=38873 match=2048 ok=1
CLONE R=38874 match=2048 ok=1
CLONE R=38875 match=2048 ok=1
CLONE R=38876 match=2048 ok=1
CLONE R=38877 match=2048 ok=1
CLONE R=38878 match=2048 ok=1
CLONE R=38879 match=2048 ok=1
CLONE R=38880 match=2048 ok=1
CLONE R=38881 match=2048 ok=1
CLONE R=38882 match=2048 ok=1
CLONE R=38883 match=1083 ok=0
CLONE R=38884 match=2048 ok=1
CLONE R=38885 match=1083 ok=0
CLONE R=38886 match=2048 ok=1
CLONE R=38887 match=1072 ok=0
CLONE R=38888 match=2048 ok=1
CLONE R=38889 match=2048 ok=1
CLONE R=38890 match=2048 ok=1
CLONE R=38891 match=801 ok=0
CLONE R=38892 match=2048 ok=1
CLONE R=38893 match=912 ok=0
CLONE R=38894 match=2048 ok=1
CLONE R=38895 match=908 ok=0
CLONE R=38896 match=2048 ok=1
CLONE R=38897 match=2048 ok=1
CLONE R=38898 match=2048 ok=1
CLONE R=38899 match=825 ok=0
CLONE R=38900 match=2048 ok=1
CLONE R=38901 match=757 ok=0
CLONE R=38902 match=2048 ok=1
CLONE R=38903 match=783 ok=0
CLONE R=38904 match=2048 ok=1
CLONE R=38905 match=2048 ok=1
CLONE R=38906 match=2048 ok=1
CLONE R=38907 match=2048 ok=1
CLONE R=38908 match=2048 ok=1
CLONE R=38909 match=2048 ok=1
CLONE R=38910 match=2048 ok=1
CLONE R=38911 match=2048 ok=1
CLONE R=38912 match=2048 ok=1
CLONE R=38913 match=2048 ok=1
CLONE R=38914 match=2048 ok=1
CLONE R=38915 match=2048 ok=1
CLONE R=38916 match=2048 ok=1
CLONE R=38917 match=2048 ok=1
CLONE R=38918 match=2048 ok=1
CLONE R=38919 match=2048 ok=1
CLONE R=38921 match=2048 ok=1
CLONE R=38922 match=2048 ok=1
CLONE R=38923 match=2048 ok=1
CLONE R=38925 match=2048 ok=1
CLONE R=38926 match=2048 ok=1
CLONE R=38927 match=2048 ok=1
CLONE R=38928 match=2048 ok=1
CLONE R=38929 match=2048 ok=1
CLONE R=38930 match=2048 ok=1
CLONE R=38931 match=2048 ok=1
CLONE R=38932 match=2048 ok=1
CLONE R=38933 match=2048 ok=1
CLONE R=38934 match=2048 ok=1
CLONE R=38935 match=2048 ok=1
CLONE R=38937 match=2048 ok=1
CLONE R=38938 match=2048 ok=1
CLONE R=38939 match=2048 ok=1
CLONE R=38941 match=2048 ok=1
CLONE R=38942 match=2048 ok=1
CLONE R=38943 match=2048 ok=1
CLONE R=38944 match=2048 ok=1
CLONE R=38945 match=2048 ok=1
CLONE R=38946 match=2048 ok=1
CLONE R=38947 match=809 ok=0
CLONE R=38948 match=2048 ok=1
CLONE R=38949 match=891 ok=0
CLONE R=38950 match=2048 ok=1
CLONE R=38951 match=913 ok=0
CLONE R=38952 match=2048 ok=1
CLONE R=38953 match=2048 ok=1
CLONE R=38954 match=2048 ok=1
CLONE R=38955 match=612 ok=0
CLONE R=38956 match=2048 ok=1
CLONE R=38957 match=692 ok=0
CLONE R=38958 match=2048 ok=1
CLONE R=38959 match=603 ok=0
CLONE R=38960 match=2048 ok=1
CLONE R=38961 match=2048 ok=1
CLONE R=38962 match=2047 ok=1
CLONE R=38963 match=536 ok=0
CLONE R=38964 match=2048 ok=1
CLONE R=38965 match=562 ok=0
CLONE R=38966 match=2048 ok=1
CLONE R=38967 match=523 ok=0
CLONE R=38968 match=2048 ok=1
CLONE R=38969 match=2048 ok=1
CLONE R=38970 match=2048 ok=1
CLONE R=38971 match=2048 ok=1
CLONE R=38972 match=2048 ok=1
CLONE R=38973 match=2048 ok=1
CLONE R=38974 match=2048 ok=1
CLONE R=38975 match=2048 ok=1
CLONE R=38976 match=2048 ok=1
CLONE R=38977 match=2048 ok=1
CLONE R=38978 match=2048 ok=1
CLONE R=38979 match=666 ok=0
CLONE R=38980 match=2048 ok=1
CLONE R=38981 match=811 ok=0
CLONE R=38982 match=2048 ok=1
CLONE R=38983 match=786 ok=0
CLONE R=38985 match=2048 ok=1
CLONE R=38986 match=2048 ok=1
CLONE R=38987 match=426 ok=0
CLONE R=38989 match=711 ok=0
CLONE R=38990 match=2048 ok=1
CLONE R=38991 match=538 ok=0
CLONE R=38992 match=2048 ok=1
CLONE R=38993 match=2048 ok=1
CLONE R=38994 match=2048 ok=1
CLONE R=38995 match=499 ok=0
CLONE R=38996 match=2048 ok=1
CLONE R=38997 match=526 ok=0
CLONE R=38998 match=2048 ok=1
CLONE R=38999 match=464 ok=0
CLONE R=39001 match=2048 ok=1
CLONE R=39002 match=2048 ok=1
CLONE R=39003 match=2048 ok=1
CLONE R=39005 match=2048 ok=1
CLONE R=39006 match=2048 ok=1
CLONE R=39007 match=2048 ok=1
CLONE R=39008 match=2048 ok=1
CLONE R=39009 match=2048 ok=1
CLONE R=39010 match=2048 ok=1
CLONE R=39011 match=687 ok=0
CLONE R=39012 match=2048 ok=1
CLONE R=39013 match=714 ok=0
CLONE R=39014 match=2048 ok=1
CLONE R=39015 match=721 ok=0
CLONE R=39016 match=2048 ok=1
CLONE R=39017 match=2048 ok=1
CLONE R=39018 match=2048 ok=1
CLONE R=39019 match=460 ok=0
CLONE R=39020 match=2048 ok=1
CLONE R=39021 match=514 ok=0
CLONE R=39022 match=2048 ok=1
CLONE R=39023 match=528 ok=0
CLONE R=39024 match=2048 ok=1
CLONE R=39025 match=2048 ok=1
CLONE R=39026 match=2048 ok=1
CLONE R=39027 match=461 ok=0
CLONE R=39028 match=2048 ok=1
CLONE R=39029 match=467 ok=0
CLONE R=39030 match=2048 ok=1
CLONE R=39031 match=408 ok=0
CLONE R=39032 match=2048 ok=1
CLONE R=39033 match=2048 ok=1
CLONE R=39034 match=2048 ok=1
CLONE R=39035 match=2048 ok=1
CLONE R=39036 match=2048 ok=1
CLONE R=39037 match=2048 ok=1
CLONE R=39038 match=2048 ok=1
CLONE R=39039 match=2048 ok=1
# clone_check: ok=516 fail=108
