Opened /dev/xdma0_h2c_2 -> 3
Opened /dev/xdma0_c2h_2 -> 4
Successfully reset the FPGA!
# rw_screen: 0/624 rows with any pattern/antipattern miss
FAULT R=54144 -> T=54148  offset=+4  xor=0x00004  popcnt=1
FAULT R=54144 -> T=54152  offset=+8  xor=0x00008  popcnt=1
FAULT R=54144 -> T=54156  offset=+12  xor=0x0000c  popcnt=2
FAULT R=54144 -> T=54400  offset=+256  xor=0x00700  popcnt=3
FAULT R=54144 -> T=54404  offset=+260  xor=0x00704  popcnt=4
FAULT R=54144 -> T=54408  offset=+264  xor=0x00708  popcnt=4
FAULT R=54145 -> T=54144  offset=-1  xor=0x00001  popcnt=1
FAULT R=54145 -> T=54148  offset=+3  xor=0x00005  popcnt=2
FAULT R=54145 -> T=54149  offset=+4  xor=0x00004  popcnt=1
FAULT R=54145 -> T=54152  offset=+7  xor=0x00009  popcnt=2
FAULT R=54145 -> T=54153  offset=+8  xor=0x00008  popcnt=1
FAULT R=54145 -> T=54156  offset=+11  xor=0x0000d  popcnt=3
FAULT R=54145 -> T=54157  offset=+12  xor=0x0000c  popcnt=2
FAULT R=54145 -> T=54400  offset=+255  xor=0x00701  popcnt=4
FAULT R=54145 -> T=54401  offset=+256  xor=0x00700  popcnt=3
FAULT R=54145 -> T=54404  offset=+259  xor=0x00705  popcnt=5
FAULT R=54145 -> T=54405  offset=+260  xor=0x00704  popcnt=4
FAULT R=54145 -> T=54408  offset=+263  xor=0x00709  popcnt=5
FAULT R=54145 -> T=54409  offset=+264  xor=0x00708  popcnt=4
FAULT R=54145 -> T=54413  offset=+268  xor=0x0070c  popcnt=5
FAULT R=54146 -> T=54148  offset=+2  xor=0x00006  popcnt=2
FAULT R=54146 -> T=54154  offset=+8  xor=0x00008  popcnt=1
FAULT R=54146 -> T=54156  offset=+10  xor=0x0000e  popcnt=3
FAULT R=54146 -> T=54402  offset=+256  xor=0x00700  popcnt=3
FAULT R=54146 -> T=54404  offset=+258  xor=0x00706  popcnt=5
FAULT R=54147 -> T=54146  offset=-1  xor=0x00001  popcnt=1
FAULT R=54147 -> T=54148  offset=+1  xor=0x00007  popcnt=3
FAULT R=54147 -> T=54149  offset=+2  xor=0x00006  popcnt=2
FAULT R=54147 -> T=54154  offset=+7  xor=0x00009  popcnt=2
FAULT R=54147 -> T=54155  offset=+8  xor=0x00008  popcnt=1
FAULT R=54147 -> T=54156  offset=+9  xor=0x0000f  popcnt=4
FAULT R=54147 -> T=54157  offset=+10  xor=0x0000e  popcnt=3
FAULT R=54147 -> T=54402  offset=+255  xor=0x00701  popcnt=4
FAULT R=54147 -> T=54403  offset=+256  xor=0x00700  popcnt=3
FAULT R=54147 -> T=54404  offset=+257  xor=0x00707  popcnt=6
FAULT R=54147 -> T=54405  offset=+258  xor=0x00706  popcnt=5
FAULT R=54147 -> T=54411  offset=+264  xor=0x00708  popcnt=4
FAULT R=54147 -> T=54413  offset=+266  xor=0x0070e  popcnt=6
FAULT R=54148 -> T=54156  offset=+8  xor=0x00008  popcnt=1
FAULT R=54148 -> T=54404  offset=+256  xor=0x00700  popcnt=3
FAULT R=54149 -> T=54148  offset=-1  xor=0x00001  popcnt=1
FAULT R=54149 -> T=54156  offset=+7  xor=0x00009  popcnt=2
FAULT R=54149 -> T=54157  offset=+8  xor=0x00008  popcnt=1
FAULT R=54149 -> T=54404  offset=+255  xor=0x00701  popcnt=4
FAULT R=54149 -> T=54405  offset=+256  xor=0x00700  popcnt=3
FAULT R=54149 -> T=54413  offset=+264  xor=0x00708  popcnt=4
FAULT R=54150 -> T=54148  offset=-2  xor=0x00002  popcnt=1
FAULT R=54150 -> T=54156  offset=+6  xor=0x0000a  popcnt=2
FAULT R=54150 -> T=54158  offset=+8  xor=0x00008  popcnt=1
FAULT R=54150 -> T=54404  offset=+254  xor=0x00702  popcnt=4
FAULT R=54150 -> T=54406  offset=+256  xor=0x00700  popcnt=3
FAULT R=54150 -> T=54414  offset=+264  xor=0x00708  popcnt=4
FAULT R=54151 -> T=54148  offset=-3  xor=0x00003  popcnt=2
FAULT R=54151 -> T=54149  offset=-2  xor=0x00002  popcnt=1
FAULT R=54151 -> T=54150  offset=-1  xor=0x00001  popcnt=1
FAULT R=54151 -> T=54156  offset=+5  xor=0x0000b  popcnt=3
FAULT R=54151 -> T=54157  offset=+6  xor=0x0000a  popcnt=2
FAULT R=54151 -> T=54158  offset=+7  xor=0x00009  popcnt=2
FAULT R=54151 -> T=54159  offset=+8  xor=0x00008  popcnt=1
FAULT R=54151 -> T=54404  offset=+253  xor=0x00703  popcnt=5
FAULT R=54151 -> T=54405  offset=+254  xor=0x00702  popcnt=4
FAULT R=54151 -> T=54406  offset=+255  xor=0x00701  popcnt=4
FAULT R=54151 -> T=54407  offset=+256  xor=0x00700  popcnt=3
FAULT R=54151 -> T=54413  offset=+262  xor=0x0070a  popcnt=5
FAULT R=54151 -> T=54414  offset=+263  xor=0x00709  popcnt=5
FAULT R=54151 -> T=54415  offset=+264  xor=0x00708  popcnt=4
FAULT R=54152 -> T=54156  offset=+4  xor=0x00004  popcnt=1
FAULT R=54152 -> T=54408  offset=+256  xor=0x00700  popcnt=3
FAULT R=54153 -> T=54152  offset=-1  xor=0x00001  popcnt=1
FAULT R=54153 -> T=54156  offset=+3  xor=0x00005  popcnt=2
FAULT R=54153 -> T=54157  offset=+4  xor=0x00004  popcnt=1
FAULT R=54153 -> T=54408  offset=+255  xor=0x00701  popcnt=4
FAULT R=54153 -> T=54409  offset=+256  xor=0x00700  popcnt=3
FAULT R=54153 -> T=54413  offset=+260  xor=0x00704  popcnt=4
FAULT R=54154 -> T=54156  offset=+2  xor=0x00006  popcnt=2
FAULT R=54155 -> T=54154  offset=-1  xor=0x00001  popcnt=1
FAULT R=54155 -> T=54156  offset=+1  xor=0x00007  popcnt=3
FAULT R=54155 -> T=54157  offset=+2  xor=0x00006  popcnt=2
FAULT R=54155 -> T=54411  offset=+256  xor=0x00700  popcnt=3
FAULT R=54155 -> T=54413  offset=+258  xor=0x00706  popcnt=5
FAULT R=54157 -> T=54156  offset=-1  xor=0x00001  popcnt=1
FAULT R=54157 -> T=54413  offset=+256  xor=0x00700  popcnt=3
FAULT R=54158 -> T=54156  offset=-2  xor=0x00002  popcnt=1
FAULT R=54158 -> T=54414  offset=+256  xor=0x00700  popcnt=3
FAULT R=54159 -> T=54156  offset=-3  xor=0x00003  popcnt=2
FAULT R=54159 -> T=54157  offset=-2  xor=0x00002  popcnt=1
FAULT R=54159 -> T=54158  offset=-1  xor=0x00001  popcnt=1
FAULT R=54159 -> T=54413  offset=+254  xor=0x00702  popcnt=4
FAULT R=54159 -> T=54414  offset=+255  xor=0x00701  popcnt=4
FAULT R=54159 -> T=54415  offset=+256  xor=0x00700  popcnt=3
FAULT R=54160 -> T=54152  offset=-8  xor=0x00018  popcnt=2
FAULT R=54160 -> T=54156  offset=-4  xor=0x0001c  popcnt=3
FAULT R=54160 -> T=54164  offset=+4  xor=0x00004  popcnt=1
FAULT R=54160 -> T=54408  offset=+248  xor=0x00718  popcnt=5
FAULT R=54160 -> T=54416  offset=+256  xor=0x00700  popcnt=3
FAULT R=54161 -> T=54152  offset=-9  xor=0x00019  popcnt=3
FAULT R=54161 -> T=54153  offset=-8  xor=0x00018  popcnt=2
FAULT R=54161 -> T=54156  offset=-5  xor=0x0001d  popcnt=4
FAULT R=54161 -> T=54157  offset=-4  xor=0x0001c  popcnt=3
FAULT R=54161 -> T=54160  offset=-1  xor=0x00001  popcnt=1
FAULT R=54161 -> T=54164  offset=+3  xor=0x00005  popcnt=2
FAULT R=54161 -> T=54165  offset=+4  xor=0x00004  popcnt=1
FAULT R=54161 -> T=54408  offset=+247  xor=0x00719  popcnt=6
FAULT R=54161 -> T=54409  offset=+248  xor=0x00718  popcnt=5
FAULT R=54161 -> T=54413  offset=+252  xor=0x0071c  popcnt=6
FAULT R=54161 -> T=54416  offset=+255  xor=0x00701  popcnt=4
FAULT R=54161 -> T=54417  offset=+256  xor=0x00700  popcnt=3
FAULT R=54161 -> T=54421  offset=+260  xor=0x00704  popcnt=4
FAULT R=54162 -> T=54154  offset=-8  xor=0x00018  popcnt=2
FAULT R=54162 -> T=54156  offset=-6  xor=0x0001e  popcnt=4
FAULT R=54162 -> T=54164  offset=+2  xor=0x00006  popcnt=2
FAULT R=54163 -> T=54154  offset=-9  xor=0x00019  popcnt=3
FAULT R=54163 -> T=54155  offset=-8  xor=0x00018  popcnt=2
FAULT R=54163 -> T=54156  offset=-7  xor=0x0001f  popcnt=5
FAULT R=54163 -> T=54157  offset=-6  xor=0x0001e  popcnt=4
FAULT R=54163 -> T=54162  offset=-1  xor=0x00001  popcnt=1
FAULT R=54163 -> T=54164  offset=+1  xor=0x00007  popcnt=3
FAULT R=54163 -> T=54165  offset=+2  xor=0x00006  popcnt=2
FAULT R=54163 -> T=54411  offset=+248  xor=0x00718  popcnt=5
FAULT R=54163 -> T=54413  offset=+250  xor=0x0071e  popcnt=7
FAULT R=54163 -> T=54419  offset=+256  xor=0x00700  popcnt=3
FAULT R=54163 -> T=54421  offset=+258  xor=0x00706  popcnt=5
FAULT R=54164 -> T=54156  offset=-8  xor=0x00018  popcnt=2
FAULT R=54165 -> T=54156  offset=-9  xor=0x00019  popcnt=3
FAULT R=54165 -> T=54157  offset=-8  xor=0x00018  popcnt=2
FAULT R=54165 -> T=54164  offset=-1  xor=0x00001  popcnt=1
FAULT R=54165 -> T=54413  offset=+248  xor=0x00718  popcnt=5
FAULT R=54165 -> T=54421  offset=+256  xor=0x00700  popcnt=3
FAULT R=54166 -> T=54156  offset=-10  xor=0x0001a  popcnt=3
FAULT R=54166 -> T=54158  offset=-8  xor=0x00018  popcnt=2
FAULT R=54166 -> T=54164  offset=-2  xor=0x00002  popcnt=1
FAULT R=54166 -> T=54414  offset=+248  xor=0x00718  popcnt=5
FAULT R=54166 -> T=54422  offset=+256  xor=0x00700  popcnt=3
FAULT R=54167 -> T=54156  offset=-11  xor=0x0001b  popcnt=4
FAULT R=54167 -> T=54157  offset=-10  xor=0x0001a  popcnt=3
FAULT R=54167 -> T=54158  offset=-9  xor=0x00019  popcnt=3
FAULT R=54167 -> T=54159  offset=-8  xor=0x00018  popcnt=2
FAULT R=54167 -> T=54164  offset=-3  xor=0x00003  popcnt=2
FAULT R=54167 -> T=54165  offset=-2  xor=0x00002  popcnt=1
FAULT R=54167 -> T=54166  offset=-1  xor=0x00001  popcnt=1
FAULT R=54167 -> T=54413  offset=+246  xor=0x0071a  popcnt=6
FAULT R=54167 -> T=54414  offset=+247  xor=0x00719  popcnt=6
FAULT R=54167 -> T=54415  offset=+248  xor=0x00718  popcnt=5
FAULT R=54167 -> T=54421  offset=+254  xor=0x00702  popcnt=4
FAULT R=54167 -> T=54422  offset=+255  xor=0x00701  popcnt=4
FAULT R=54167 -> T=54423  offset=+256  xor=0x00700  popcnt=3
FAULT R=54168 -> T=54152  offset=-16  xor=0x00010  popcnt=1
FAULT R=54168 -> T=54156  offset=-12  xor=0x00014  popcnt=2
FAULT R=54168 -> T=54172  offset=+4  xor=0x00004  popcnt=1
FAULT R=54168 -> T=54408  offset=+240  xor=0x00710  popcnt=4
FAULT R=54168 -> T=54424  offset=+256  xor=0x00700  popcnt=3
FAULT R=54168 -> T=54428  offset=+260  xor=0x00704  popcnt=4
FAULT R=54169 -> T=54152  offset=-17  xor=0x00011  popcnt=2
FAULT R=54169 -> T=54153  offset=-16  xor=0x00010  popcnt=1
FAULT R=54169 -> T=54156  offset=-13  xor=0x00015  popcnt=3
FAULT R=54169 -> T=54157  offset=-12  xor=0x00014  popcnt=2
FAULT R=54169 -> T=54168  offset=-1  xor=0x00001  popcnt=1
FAULT R=54169 -> T=54172  offset=+3  xor=0x00005  popcnt=2
FAULT R=54169 -> T=54173  offset=+4  xor=0x00004  popcnt=1
FAULT R=54169 -> T=54408  offset=+239  xor=0x00711  popcnt=5
FAULT R=54169 -> T=54409  offset=+240  xor=0x00710  popcnt=4
FAULT R=54169 -> T=54413  offset=+244  xor=0x00714  popcnt=5
FAULT R=54169 -> T=54424  offset=+255  xor=0x00701  popcnt=4
FAULT R=54169 -> T=54425  offset=+256  xor=0x00700  popcnt=3
FAULT R=54169 -> T=54428  offset=+259  xor=0x00705  popcnt=5
FAULT R=54169 -> T=54429  offset=+260  xor=0x00704  popcnt=4
FAULT R=54170 -> T=54154  offset=-16  xor=0x00010  popcnt=1
FAULT R=54170 -> T=54156  offset=-14  xor=0x00016  popcnt=3
FAULT R=54170 -> T=54172  offset=+2  xor=0x00006  popcnt=2
FAULT R=54170 -> T=54426  offset=+256  xor=0x00700  popcnt=3
FAULT R=54170 -> T=54428  offset=+258  xor=0x00706  popcnt=5
FAULT R=54171 -> T=54154  offset=-17  xor=0x00011  popcnt=2
FAULT R=54171 -> T=54155  offset=-16  xor=0x00010  popcnt=1
FAULT R=54171 -> T=54156  offset=-15  xor=0x00017  popcnt=4
FAULT R=54171 -> T=54157  offset=-14  xor=0x00016  popcnt=3
FAULT R=54171 -> T=54170  offset=-1  xor=0x00001  popcnt=1
FAULT R=54171 -> T=54172  offset=+1  xor=0x00007  popcnt=3
FAULT R=54171 -> T=54173  offset=+2  xor=0x00006  popcnt=2
FAULT R=54171 -> T=54411  offset=+240  xor=0x00710  popcnt=4
FAULT R=54171 -> T=54413  offset=+242  xor=0x00716  popcnt=6
FAULT R=54171 -> T=54426  offset=+255  xor=0x00701  popcnt=4
FAULT R=54171 -> T=54427  offset=+256  xor=0x00700  popcnt=3
FAULT R=54171 -> T=54428  offset=+257  xor=0x00707  popcnt=6
FAULT R=54171 -> T=54429  offset=+258  xor=0x00706  popcnt=5
FAULT R=54172 -> T=54156  offset=-16  xor=0x00010  popcnt=1
FAULT R=54172 -> T=54428  offset=+256  xor=0x00700  popcnt=3
FAULT R=54173 -> T=54156  offset=-17  xor=0x00011  popcnt=2
FAULT R=54173 -> T=54157  offset=-16  xor=0x00010  popcnt=1
FAULT R=54173 -> T=54172  offset=-1  xor=0x00001  popcnt=1
FAULT R=54173 -> T=54413  offset=+240  xor=0x00710  popcnt=4
FAULT R=54173 -> T=54428  offset=+255  xor=0x00701  popcnt=4
FAULT R=54173 -> T=54429  offset=+256  xor=0x00700  popcnt=3
FAULT R=54174 -> T=54156  offset=-18  xor=0x00012  popcnt=2
FAULT R=54174 -> T=54158  offset=-16  xor=0x00010  popcnt=1
FAULT R=54174 -> T=54172  offset=-2  xor=0x00002  popcnt=1
FAULT R=54174 -> T=54414  offset=+240  xor=0x00710  popcnt=4
FAULT R=54174 -> T=54428  offset=+254  xor=0x00702  popcnt=4
FAULT R=54174 -> T=54430  offset=+256  xor=0x00700  popcnt=3
FAULT R=54175 -> T=54156  offset=-19  xor=0x00013  popcnt=3
FAULT R=54175 -> T=54157  offset=-18  xor=0x00012  popcnt=2
FAULT R=54175 -> T=54158  offset=-17  xor=0x00011  popcnt=2
FAULT R=54175 -> T=54159  offset=-16  xor=0x00010  popcnt=1
FAULT R=54175 -> T=54172  offset=-3  xor=0x00003  popcnt=2
FAULT R=54175 -> T=54173  offset=-2  xor=0x00002  popcnt=1
FAULT R=54175 -> T=54174  offset=-1  xor=0x00001  popcnt=1
FAULT R=54175 -> T=54413  offset=+238  xor=0x00712  popcnt=5
FAULT R=54175 -> T=54414  offset=+239  xor=0x00711  popcnt=5
FAULT R=54175 -> T=54415  offset=+240  xor=0x00710  popcnt=4
FAULT R=54175 -> T=54428  offset=+253  xor=0x00703  popcnt=5
FAULT R=54175 -> T=54429  offset=+254  xor=0x00702  popcnt=4
FAULT R=54175 -> T=54430  offset=+255  xor=0x00701  popcnt=4
FAULT R=54175 -> T=54431  offset=+256  xor=0x00700  popcnt=3
FAULT R=54176 -> T=54144  offset=-32  xor=0x00020  popcnt=1
FAULT R=54176 -> T=54148  offset=-28  xor=0x00024  popcnt=2
FAULT R=54176 -> T=54152  offset=-24  xor=0x00028  popcnt=2
FAULT R=54176 -> T=54156  offset=-20  xor=0x0002c  popcnt=3
FAULT R=54176 -> T=54180  offset=+4  xor=0x00004  popcnt=1
FAULT R=54176 -> T=54184  offset=+8  xor=0x00008  popcnt=1
FAULT R=54176 -> T=54188  offset=+12  xor=0x0000c  popcnt=2
FAULT R=54176 -> T=54400  offset=+224  xor=0x00720  popcnt=4
FAULT R=54176 -> T=54404  offset=+228  xor=0x00724  popcnt=5
FAULT R=54176 -> T=54408  offset=+232  xor=0x00728  popcnt=5
FAULT R=54176 -> T=54432  offset=+256  xor=0x00700  popcnt=3
FAULT R=54176 -> T=54436  offset=+260  xor=0x00704  popcnt=4
FAULT R=54176 -> T=54440  offset=+264  xor=0x00708  popcnt=4
FAULT R=54176 -> T=54444  offset=+268  xor=0x0070c  popcnt=5
FAULT R=54178 -> T=54146  offset=-32  xor=0x00020  popcnt=1
FAULT R=54178 -> T=54148  offset=-30  xor=0x00026  popcnt=3
FAULT R=54178 -> T=54154  offset=-24  xor=0x00028  popcnt=2
FAULT R=54178 -> T=54156  offset=-22  xor=0x0002e  popcnt=4
FAULT R=54178 -> T=54180  offset=+2  xor=0x00006  popcnt=2
FAULT R=54178 -> T=54186  offset=+8  xor=0x00008  popcnt=1
FAULT R=54178 -> T=54188  offset=+10  xor=0x0000e  popcnt=3
FAULT R=54178 -> T=54402  offset=+224  xor=0x00720  popcnt=4
FAULT R=54178 -> T=54404  offset=+226  xor=0x00726  popcnt=6
FAULT R=54178 -> T=54434  offset=+256  xor=0x00700  popcnt=3
FAULT R=54178 -> T=54436  offset=+258  xor=0x00706  popcnt=5
FAULT R=54178 -> T=54442  offset=+264  xor=0x00708  popcnt=4
FAULT R=54178 -> T=54444  offset=+266  xor=0x0070e  popcnt=6
FAULT R=54180 -> T=54148  offset=-32  xor=0x00020  popcnt=1
FAULT R=54180 -> T=54156  offset=-24  xor=0x00028  popcnt=2
FAULT R=54180 -> T=54188  offset=+8  xor=0x00008  popcnt=1
FAULT R=54180 -> T=54404  offset=+224  xor=0x00720  popcnt=4
FAULT R=54180 -> T=54436  offset=+256  xor=0x00700  popcnt=3
FAULT R=54180 -> T=54444  offset=+264  xor=0x00708  popcnt=4
FAULT R=54181 -> T=54148  offset=-33  xor=0x00021  popcnt=2
FAULT R=54181 -> T=54149  offset=-32  xor=0x00020  popcnt=1
FAULT R=54181 -> T=54156  offset=-25  xor=0x00029  popcnt=3
FAULT R=54181 -> T=54157  offset=-24  xor=0x00028  popcnt=2
FAULT R=54181 -> T=54180  offset=-1  xor=0x00001  popcnt=1
FAULT R=54181 -> T=54188  offset=+7  xor=0x00009  popcnt=2
FAULT R=54181 -> T=54189  offset=+8  xor=0x00008  popcnt=1
FAULT R=54181 -> T=54404  offset=+223  xor=0x00721  popcnt=5
FAULT R=54181 -> T=54405  offset=+224  xor=0x00720  popcnt=4
FAULT R=54181 -> T=54413  offset=+232  xor=0x00728  popcnt=5
FAULT R=54181 -> T=54436  offset=+255  xor=0x00701  popcnt=4
FAULT R=54181 -> T=54437  offset=+256  xor=0x00700  popcnt=3
FAULT R=54181 -> T=54444  offset=+263  xor=0x00709  popcnt=5
FAULT R=54181 -> T=54445  offset=+264  xor=0x00708  popcnt=4
FAULT R=54182 -> T=54148  offset=-34  xor=0x00022  popcnt=2
FAULT R=54182 -> T=54150  offset=-32  xor=0x00020  popcnt=1
FAULT R=54182 -> T=54156  offset=-26  xor=0x0002a  popcnt=3
FAULT R=54182 -> T=54158  offset=-24  xor=0x00028  popcnt=2
FAULT R=54182 -> T=54180  offset=-2  xor=0x00002  popcnt=1
FAULT R=54182 -> T=54188  offset=+6  xor=0x0000a  popcnt=2
FAULT R=54182 -> T=54190  offset=+8  xor=0x00008  popcnt=1
FAULT R=54182 -> T=54404  offset=+222  xor=0x00722  popcnt=5
FAULT R=54182 -> T=54406  offset=+224  xor=0x00720  popcnt=4
FAULT R=54182 -> T=54414  offset=+232  xor=0x00728  popcnt=5
FAULT R=54182 -> T=54436  offset=+254  xor=0x00702  popcnt=4
FAULT R=54182 -> T=54438  offset=+256  xor=0x00700  popcnt=3
FAULT R=54182 -> T=54444  offset=+262  xor=0x0070a  popcnt=5
FAULT R=54182 -> T=54446  offset=+264  xor=0x00708  popcnt=4
FAULT R=54184 -> T=54152  offset=-32  xor=0x00020  popcnt=1
FAULT R=54184 -> T=54156  offset=-28  xor=0x00024  popcnt=2
FAULT R=54184 -> T=54188  offset=+4  xor=0x00004  popcnt=1
FAULT R=54184 -> T=54408  offset=+224  xor=0x00720  popcnt=4
FAULT R=54184 -> T=54440  offset=+256  xor=0x00700  popcnt=3
FAULT R=54184 -> T=54444  offset=+260  xor=0x00704  popcnt=4
FAULT R=54185 -> T=54152  offset=-33  xor=0x00021  popcnt=2
FAULT R=54185 -> T=54153  offset=-32  xor=0x00020  popcnt=1
FAULT R=54185 -> T=54156  offset=-29  xor=0x00025  popcnt=3
FAULT R=54185 -> T=54157  offset=-28  xor=0x00024  popcnt=2
FAULT R=54185 -> T=54184  offset=-1  xor=0x00001  popcnt=1
FAULT R=54185 -> T=54188  offset=+3  xor=0x00005  popcnt=2
FAULT R=54185 -> T=54189  offset=+4  xor=0x00004  popcnt=1
FAULT R=54185 -> T=54408  offset=+223  xor=0x00721  popcnt=5
FAULT R=54185 -> T=54409  offset=+224  xor=0x00720  popcnt=4
FAULT R=54185 -> T=54413  offset=+228  xor=0x00724  popcnt=5
FAULT R=54185 -> T=54440  offset=+255  xor=0x00701  popcnt=4
FAULT R=54185 -> T=54441  offset=+256  xor=0x00700  popcnt=3
FAULT R=54185 -> T=54444  offset=+259  xor=0x00705  popcnt=5
FAULT R=54185 -> T=54445  offset=+260  xor=0x00704  popcnt=4
FAULT R=54186 -> T=54154  offset=-32  xor=0x00020  popcnt=1
FAULT R=54186 -> T=54156  offset=-30  xor=0x00026  popcnt=3
FAULT R=54186 -> T=54188  offset=+2  xor=0x00006  popcnt=2
FAULT R=54186 -> T=54442  offset=+256  xor=0x00700  popcnt=3
FAULT R=54186 -> T=54444  offset=+258  xor=0x00706  popcnt=5
FAULT R=54187 -> T=54154  offset=-33  xor=0x00021  popcnt=2
FAULT R=54187 -> T=54155  offset=-32  xor=0x00020  popcnt=1
FAULT R=54187 -> T=54156  offset=-31  xor=0x00027  popcnt=4
FAULT R=54187 -> T=54157  offset=-30  xor=0x00026  popcnt=3
FAULT R=54187 -> T=54186  offset=-1  xor=0x00001  popcnt=1
FAULT R=54187 -> T=54188  offset=+1  xor=0x00007  popcnt=3
FAULT R=54187 -> T=54189  offset=+2  xor=0x00006  popcnt=2
FAULT R=54187 -> T=54411  offset=+224  xor=0x00720  popcnt=4
FAULT R=54187 -> T=54413  offset=+226  xor=0x00726  popcnt=6
FAULT R=54187 -> T=54442  offset=+255  xor=0x00701  popcnt=4
FAULT R=54187 -> T=54443  offset=+256  xor=0x00700  popcnt=3
FAULT R=54187 -> T=54444  offset=+257  xor=0x00707  popcnt=6
FAULT R=54187 -> T=54445  offset=+258  xor=0x00706  popcnt=5
FAULT R=54188 -> T=54156  offset=-32  xor=0x00020  popcnt=1
FAULT R=54188 -> T=54444  offset=+256  xor=0x00700  popcnt=3
FAULT R=54189 -> T=54156  offset=-33  xor=0x00021  popcnt=2
FAULT R=54189 -> T=54157  offset=-32  xor=0x00020  popcnt=1
FAULT R=54189 -> T=54188  offset=-1  xor=0x00001  popcnt=1
FAULT R=54189 -> T=54413  offset=+224  xor=0x00720  popcnt=4
FAULT R=54189 -> T=54444  offset=+255  xor=0x00701  popcnt=4
FAULT R=54189 -> T=54445  offset=+256  xor=0x00700  popcnt=3
FAULT R=54190 -> T=54156  offset=-34  xor=0x00022  popcnt=2
FAULT R=54190 -> T=54158  offset=-32  xor=0x00020  popcnt=1
FAULT R=54190 -> T=54188  offset=-2  xor=0x00002  popcnt=1
FAULT R=54190 -> T=54414  offset=+224  xor=0x00720  popcnt=4
FAULT R=54190 -> T=54444  offset=+254  xor=0x00702  popcnt=4
FAULT R=54190 -> T=54446  offset=+256  xor=0x00700  popcnt=3
FAULT R=54191 -> T=54156  offset=-35  xor=0x00023  popcnt=3
FAULT R=54191 -> T=54157  offset=-34  xor=0x00022  popcnt=2
FAULT R=54191 -> T=54158  offset=-33  xor=0x00021  popcnt=2
FAULT R=54191 -> T=54159  offset=-32  xor=0x00020  popcnt=1
FAULT R=54191 -> T=54188  offset=-3  xor=0x00003  popcnt=2
FAULT R=54191 -> T=54189  offset=-2  xor=0x00002  popcnt=1
FAULT R=54191 -> T=54190  offset=-1  xor=0x00001  popcnt=1
FAULT R=54191 -> T=54413  offset=+222  xor=0x00722  popcnt=5
FAULT R=54191 -> T=54414  offset=+223  xor=0x00721  popcnt=5
FAULT R=54191 -> T=54415  offset=+224  xor=0x00720  popcnt=4
FAULT R=54191 -> T=54444  offset=+253  xor=0x00703  popcnt=5
FAULT R=54191 -> T=54445  offset=+254  xor=0x00702  popcnt=4
FAULT R=54191 -> T=54446  offset=+255  xor=0x00701  popcnt=4
FAULT R=54191 -> T=54447  offset=+256  xor=0x00700  popcnt=3
FAULT R=54192 -> T=54152  offset=-40  xor=0x00038  popcnt=3
FAULT R=54192 -> T=54156  offset=-36  xor=0x0003c  popcnt=4
FAULT R=54192 -> T=54160  offset=-32  xor=0x00020  popcnt=1
FAULT R=54192 -> T=54164  offset=-28  xor=0x00024  popcnt=2
FAULT R=54192 -> T=54184  offset=-8  xor=0x00018  popcnt=2
FAULT R=54192 -> T=54188  offset=-4  xor=0x0001c  popcnt=3
FAULT R=54192 -> T=54196  offset=+4  xor=0x00004  popcnt=1
FAULT R=54192 -> T=54408  offset=+216  xor=0x00738  popcnt=6
FAULT R=54192 -> T=54416  offset=+224  xor=0x00720  popcnt=4
FAULT R=54192 -> T=54440  offset=+248  xor=0x00718  popcnt=5
FAULT R=54192 -> T=54444  offset=+252  xor=0x0071c  popcnt=6
FAULT R=54192 -> T=54448  offset=+256  xor=0x00700  popcnt=3
FAULT R=54192 -> T=54452  offset=+260  xor=0x00704  popcnt=4
FAULT R=54194 -> T=54154  offset=-40  xor=0x00038  popcnt=3
FAULT R=54194 -> T=54156  offset=-38  xor=0x0003e  popcnt=5
FAULT R=54194 -> T=54162  offset=-32  xor=0x00020  popcnt=1
FAULT R=54194 -> T=54164  offset=-30  xor=0x00026  popcnt=3
FAULT R=54194 -> T=54186  offset=-8  xor=0x00018  popcnt=2
FAULT R=54194 -> T=54188  offset=-6  xor=0x0001e  popcnt=4
FAULT R=54194 -> T=54196  offset=+2  xor=0x00006  popcnt=2
FAULT R=54194 -> T=54442  offset=+248  xor=0x00718  popcnt=5
FAULT R=54194 -> T=54444  offset=+250  xor=0x0071e  popcnt=7
FAULT R=54194 -> T=54450  offset=+256  xor=0x00700  popcnt=3
FAULT R=54194 -> T=54452  offset=+258  xor=0x00706  popcnt=5
FAULT R=54196 -> T=54156  offset=-40  xor=0x00038  popcnt=3
FAULT R=54196 -> T=54164  offset=-32  xor=0x00020  popcnt=1
FAULT R=54196 -> T=54188  offset=-8  xor=0x00018  popcnt=2
FAULT R=54196 -> T=54444  offset=+248  xor=0x00718  popcnt=5
FAULT R=54196 -> T=54452  offset=+256  xor=0x00700  popcnt=3
FAULT R=54197 -> T=54156  offset=-41  xor=0x00039  popcnt=4
FAULT R=54197 -> T=54157  offset=-40  xor=0x00038  popcnt=3
FAULT R=54197 -> T=54164  offset=-33  xor=0x00021  popcnt=2
FAULT R=54197 -> T=54165  offset=-32  xor=0x00020  popcnt=1
FAULT R=54197 -> T=54188  offset=-9  xor=0x00019  popcnt=3
FAULT R=54197 -> T=54189  offset=-8  xor=0x00018  popcnt=2
FAULT R=54197 -> T=54196  offset=-1  xor=0x00001  popcnt=1
FAULT R=54197 -> T=54413  offset=+216  xor=0x00738  popcnt=6
FAULT R=54197 -> T=54421  offset=+224  xor=0x00720  popcnt=4
FAULT R=54197 -> T=54444  offset=+247  xor=0x00719  popcnt=6
FAULT R=54197 -> T=54445  offset=+248  xor=0x00718  popcnt=5
FAULT R=54197 -> T=54452  offset=+255  xor=0x00701  popcnt=4
FAULT R=54197 -> T=54453  offset=+256  xor=0x00700  popcnt=3
FAULT R=54198 -> T=54156  offset=-42  xor=0x0003a  popcnt=4
FAULT R=54198 -> T=54158  offset=-40  xor=0x00038  popcnt=3
FAULT R=54198 -> T=54164  offset=-34  xor=0x00022  popcnt=2
FAULT R=54198 -> T=54166  offset=-32  xor=0x00020  popcnt=1
FAULT R=54198 -> T=54188  offset=-10  xor=0x0001a  popcnt=3
FAULT R=54198 -> T=54190  offset=-8  xor=0x00018  popcnt=2
FAULT R=54198 -> T=54196  offset=-2  xor=0x00002  popcnt=1
FAULT R=54198 -> T=54414  offset=+216  xor=0x00738  popcnt=6
FAULT R=54198 -> T=54422  offset=+224  xor=0x00720  popcnt=4
FAULT R=54198 -> T=54444  offset=+246  xor=0x0071a  popcnt=6
FAULT R=54198 -> T=54446  offset=+248  xor=0x00718  popcnt=5
FAULT R=54198 -> T=54452  offset=+254  xor=0x00702  popcnt=4
FAULT R=54198 -> T=54454  offset=+256  xor=0x00700  popcnt=3
FAULT R=54200 -> T=54152  offset=-48  xor=0x00030  popcnt=2
FAULT R=54200 -> T=54156  offset=-44  xor=0x00034  popcnt=3
FAULT R=54200 -> T=54168  offset=-32  xor=0x00020  popcnt=1
FAULT R=54200 -> T=54172  offset=-28  xor=0x00024  popcnt=2
FAULT R=54200 -> T=54184  offset=-16  xor=0x00010  popcnt=1
FAULT R=54200 -> T=54188  offset=-12  xor=0x00014  popcnt=2
FAULT R=54200 -> T=54204  offset=+4  xor=0x00004  popcnt=1
FAULT R=54200 -> T=54408  offset=+208  xor=0x00730  popcnt=5
FAULT R=54200 -> T=54424  offset=+224  xor=0x00720  popcnt=4
FAULT R=54200 -> T=54428  offset=+228  xor=0x00724  popcnt=5
FAULT R=54200 -> T=54440  offset=+240  xor=0x00710  popcnt=4
FAULT R=54200 -> T=54444  offset=+244  xor=0x00714  popcnt=5
FAULT R=54200 -> T=54456  offset=+256  xor=0x00700  popcnt=3
FAULT R=54200 -> T=54460  offset=+260  xor=0x00704  popcnt=4
FAULT R=54202 -> T=54154  offset=-48  xor=0x00030  popcnt=2
FAULT R=54202 -> T=54156  offset=-46  xor=0x00036  popcnt=4
FAULT R=54202 -> T=54170  offset=-32  xor=0x00020  popcnt=1
FAULT R=54202 -> T=54172  offset=-30  xor=0x00026  popcnt=3
FAULT R=54202 -> T=54186  offset=-16  xor=0x00010  popcnt=1
FAULT R=54202 -> T=54188  offset=-14  xor=0x00016  popcnt=3
FAULT R=54202 -> T=54204  offset=+2  xor=0x00006  popcnt=2
FAULT R=54202 -> T=54426  offset=+224  xor=0x00720  popcnt=4
FAULT R=54202 -> T=54428  offset=+226  xor=0x00726  popcnt=6
FAULT R=54202 -> T=54442  offset=+240  xor=0x00710  popcnt=4
FAULT R=54202 -> T=54444  offset=+242  xor=0x00716  popcnt=6
FAULT R=54202 -> T=54458  offset=+256  xor=0x00700  popcnt=3
FAULT R=54202 -> T=54460  offset=+258  xor=0x00706  popcnt=5
FAULT R=54204 -> T=54156  offset=-48  xor=0x00030  popcnt=2
FAULT R=54204 -> T=54172  offset=-32  xor=0x00020  popcnt=1
FAULT R=54204 -> T=54188  offset=-16  xor=0x00010  popcnt=1
FAULT R=54204 -> T=54428  offset=+224  xor=0x00720  popcnt=4
FAULT R=54204 -> T=54444  offset=+240  xor=0x00710  popcnt=4
FAULT R=54204 -> T=54460  offset=+256  xor=0x00700  popcnt=3
FAULT R=54205 -> T=54156  offset=-49  xor=0x00031  popcnt=3
FAULT R=54205 -> T=54157  offset=-48  xor=0x00030  popcnt=2
FAULT R=54205 -> T=54172  offset=-33  xor=0x00021  popcnt=2
FAULT R=54205 -> T=54173  offset=-32  xor=0x00020  popcnt=1
FAULT R=54205 -> T=54188  offset=-17  xor=0x00011  popcnt=2
FAULT R=54205 -> T=54189  offset=-16  xor=0x00010  popcnt=1
FAULT R=54205 -> T=54204  offset=-1  xor=0x00001  popcnt=1
FAULT R=54205 -> T=54413  offset=+208  xor=0x00730  popcnt=5
FAULT R=54205 -> T=54428  offset=+223  xor=0x00721  popcnt=5
FAULT R=54205 -> T=54429  offset=+224  xor=0x00720  popcnt=4
FAULT R=54205 -> T=54444  offset=+239  xor=0x00711  popcnt=5
FAULT R=54205 -> T=54445  offset=+240  xor=0x00710  popcnt=4
FAULT R=54205 -> T=54460  offset=+255  xor=0x00701  popcnt=4
FAULT R=54205 -> T=54461  offset=+256  xor=0x00700  popcnt=3
FAULT R=54206 -> T=54156  offset=-50  xor=0x00032  popcnt=3
FAULT R=54206 -> T=54158  offset=-48  xor=0x00030  popcnt=2
FAULT R=54206 -> T=54172  offset=-34  xor=0x00022  popcnt=2
FAULT R=54206 -> T=54174  offset=-32  xor=0x00020  popcnt=1
FAULT R=54206 -> T=54188  offset=-18  xor=0x00012  popcnt=2
FAULT R=54206 -> T=54190  offset=-16  xor=0x00010  popcnt=1
FAULT R=54206 -> T=54204  offset=-2  xor=0x00002  popcnt=1
FAULT R=54206 -> T=54414  offset=+208  xor=0x00730  popcnt=5
FAULT R=54206 -> T=54428  offset=+222  xor=0x00722  popcnt=5
FAULT R=54206 -> T=54430  offset=+224  xor=0x00720  popcnt=4
FAULT R=54206 -> T=54444  offset=+238  xor=0x00712  popcnt=5
FAULT R=54206 -> T=54446  offset=+240  xor=0x00710  popcnt=4
FAULT R=54206 -> T=54460  offset=+254  xor=0x00702  popcnt=4
FAULT R=54206 -> T=54462  offset=+256  xor=0x00700  popcnt=3
FAULT R=54208 -> T=54144  offset=-64  xor=0x00040  popcnt=1
FAULT R=54208 -> T=54148  offset=-60  xor=0x00044  popcnt=2
FAULT R=54208 -> T=54152  offset=-56  xor=0x00048  popcnt=2
FAULT R=54208 -> T=54156  offset=-52  xor=0x0004c  popcnt=3
FAULT R=54208 -> T=54212  offset=+4  xor=0x00004  popcnt=1
FAULT R=54208 -> T=54216  offset=+8  xor=0x00008  popcnt=1
FAULT R=54208 -> T=54220  offset=+12  xor=0x0000c  popcnt=2
FAULT R=54208 -> T=54400  offset=+192  xor=0x00740  popcnt=4
FAULT R=54208 -> T=54404  offset=+196  xor=0x00744  popcnt=5
FAULT R=54208 -> T=54408  offset=+200  xor=0x00748  popcnt=5
FAULT R=54208 -> T=54464  offset=+256  xor=0x00700  popcnt=3
FAULT R=54208 -> T=54468  offset=+260  xor=0x00704  popcnt=4
FAULT R=54208 -> T=54472  offset=+264  xor=0x00708  popcnt=4
FAULT R=54208 -> T=54476  offset=+268  xor=0x0070c  popcnt=5
FAULT R=54210 -> T=54146  offset=-64  xor=0x00040  popcnt=1
FAULT R=54210 -> T=54148  offset=-62  xor=0x00046  popcnt=3
FAULT R=54210 -> T=54154  offset=-56  xor=0x00048  popcnt=2
FAULT R=54210 -> T=54156  offset=-54  xor=0x0004e  popcnt=4
FAULT R=54210 -> T=54212  offset=+2  xor=0x00006  popcnt=2
FAULT R=54210 -> T=54218  offset=+8  xor=0x00008  popcnt=1
FAULT R=54210 -> T=54220  offset=+10  xor=0x0000e  popcnt=3
FAULT R=54210 -> T=54402  offset=+192  xor=0x00740  popcnt=4
FAULT R=54210 -> T=54404  offset=+194  xor=0x00746  popcnt=6
FAULT R=54210 -> T=54466  offset=+256  xor=0x00700  popcnt=3
FAULT R=54210 -> T=54468  offset=+258  xor=0x00706  popcnt=5
FAULT R=54210 -> T=54474  offset=+264  xor=0x00708  popcnt=4
FAULT R=54210 -> T=54476  offset=+266  xor=0x0070e  popcnt=6
FAULT R=54212 -> T=54148  offset=-64  xor=0x00040  popcnt=1
FAULT R=54212 -> T=54156  offset=-56  xor=0x00048  popcnt=2
FAULT R=54212 -> T=54220  offset=+8  xor=0x00008  popcnt=1
FAULT R=54212 -> T=54404  offset=+192  xor=0x00740  popcnt=4
FAULT R=54212 -> T=54468  offset=+256  xor=0x00700  popcnt=3
FAULT R=54212 -> T=54476  offset=+264  xor=0x00708  popcnt=4
FAULT R=54213 -> T=54148  offset=-65  xor=0x00041  popcnt=2
FAULT R=54213 -> T=54149  offset=-64  xor=0x00040  popcnt=1
FAULT R=54213 -> T=54156  offset=-57  xor=0x00049  popcnt=3
FAULT R=54213 -> T=54157  offset=-56  xor=0x00048  popcnt=2
FAULT R=54213 -> T=54212  offset=-1  xor=0x00001  popcnt=1
FAULT R=54213 -> T=54220  offset=+7  xor=0x00009  popcnt=2
FAULT R=54213 -> T=54221  offset=+8  xor=0x00008  popcnt=1
FAULT R=54213 -> T=54404  offset=+191  xor=0x00741  popcnt=5
FAULT R=54213 -> T=54405  offset=+192  xor=0x00740  popcnt=4
FAULT R=54213 -> T=54413  offset=+200  xor=0x00748  popcnt=5
FAULT R=54213 -> T=54468  offset=+255  xor=0x00701  popcnt=4
FAULT R=54213 -> T=54469  offset=+256  xor=0x00700  popcnt=3
FAULT R=54213 -> T=54476  offset=+263  xor=0x00709  popcnt=5
FAULT R=54213 -> T=54477  offset=+264  xor=0x00708  popcnt=4
FAULT R=54214 -> T=54148  offset=-66  xor=0x00042  popcnt=2
FAULT R=54214 -> T=54150  offset=-64  xor=0x00040  popcnt=1
FAULT R=54214 -> T=54156  offset=-58  xor=0x0004a  popcnt=3
FAULT R=54214 -> T=54158  offset=-56  xor=0x00048  popcnt=2
FAULT R=54214 -> T=54212  offset=-2  xor=0x00002  popcnt=1
FAULT R=54214 -> T=54220  offset=+6  xor=0x0000a  popcnt=2
FAULT R=54214 -> T=54222  offset=+8  xor=0x00008  popcnt=1
FAULT R=54214 -> T=54404  offset=+190  xor=0x00742  popcnt=5
FAULT R=54214 -> T=54406  offset=+192  xor=0x00740  popcnt=4
FAULT R=54214 -> T=54414  offset=+200  xor=0x00748  popcnt=5
FAULT R=54214 -> T=54468  offset=+254  xor=0x00702  popcnt=4
FAULT R=54214 -> T=54470  offset=+256  xor=0x00700  popcnt=3
FAULT R=54214 -> T=54476  offset=+262  xor=0x0070a  popcnt=5
FAULT R=54214 -> T=54478  offset=+264  xor=0x00708  popcnt=4
FAULT R=54216 -> T=54152  offset=-64  xor=0x00040  popcnt=1
FAULT R=54216 -> T=54156  offset=-60  xor=0x00044  popcnt=2
FAULT R=54216 -> T=54220  offset=+4  xor=0x00004  popcnt=1
FAULT R=54216 -> T=54408  offset=+192  xor=0x00740  popcnt=4
FAULT R=54216 -> T=54472  offset=+256  xor=0x00700  popcnt=3
FAULT R=54216 -> T=54476  offset=+260  xor=0x00704  popcnt=4
FAULT R=54217 -> T=54152  offset=-65  xor=0x00041  popcnt=2
FAULT R=54217 -> T=54153  offset=-64  xor=0x00040  popcnt=1
FAULT R=54217 -> T=54156  offset=-61  xor=0x00045  popcnt=3
FAULT R=54217 -> T=54157  offset=-60  xor=0x00044  popcnt=2
FAULT R=54217 -> T=54216  offset=-1  xor=0x00001  popcnt=1
FAULT R=54217 -> T=54220  offset=+3  xor=0x00005  popcnt=2
FAULT R=54217 -> T=54221  offset=+4  xor=0x00004  popcnt=1
FAULT R=54217 -> T=54408  offset=+191  xor=0x00741  popcnt=5
FAULT R=54217 -> T=54409  offset=+192  xor=0x00740  popcnt=4
FAULT R=54217 -> T=54413  offset=+196  xor=0x00744  popcnt=5
FAULT R=54217 -> T=54472  offset=+255  xor=0x00701  popcnt=4
FAULT R=54217 -> T=54473  offset=+256  xor=0x00700  popcnt=3
FAULT R=54217 -> T=54476  offset=+259  xor=0x00705  popcnt=5
FAULT R=54217 -> T=54477  offset=+260  xor=0x00704  popcnt=4
FAULT R=54218 -> T=54154  offset=-64  xor=0x00040  popcnt=1
FAULT R=54218 -> T=54156  offset=-62  xor=0x00046  popcnt=3
FAULT R=54218 -> T=54220  offset=+2  xor=0x00006  popcnt=2
FAULT R=54218 -> T=54474  offset=+256  xor=0x00700  popcnt=3
FAULT R=54218 -> T=54476  offset=+258  xor=0x00706  popcnt=5
FAULT R=54219 -> T=54154  offset=-65  xor=0x00041  popcnt=2
FAULT R=54219 -> T=54155  offset=-64  xor=0x00040  popcnt=1
FAULT R=54219 -> T=54156  offset=-63  xor=0x00047  popcnt=4
FAULT R=54219 -> T=54157  offset=-62  xor=0x00046  popcnt=3
FAULT R=54219 -> T=54218  offset=-1  xor=0x00001  popcnt=1
FAULT R=54219 -> T=54220  offset=+1  xor=0x00007  popcnt=3
FAULT R=54219 -> T=54221  offset=+2  xor=0x00006  popcnt=2
FAULT R=54219 -> T=54411  offset=+192  xor=0x00740  popcnt=4
FAULT R=54219 -> T=54413  offset=+194  xor=0x00746  popcnt=6
FAULT R=54219 -> T=54474  offset=+255  xor=0x00701  popcnt=4
FAULT R=54219 -> T=54475  offset=+256  xor=0x00700  popcnt=3
FAULT R=54219 -> T=54476  offset=+257  xor=0x00707  popcnt=6
FAULT R=54219 -> T=54477  offset=+258  xor=0x00706  popcnt=5
FAULT R=54220 -> T=54156  offset=-64  xor=0x00040  popcnt=1
FAULT R=54220 -> T=54476  offset=+256  xor=0x00700  popcnt=3
FAULT R=54221 -> T=54156  offset=-65  xor=0x00041  popcnt=2
FAULT R=54221 -> T=54157  offset=-64  xor=0x00040  popcnt=1
FAULT R=54221 -> T=54220  offset=-1  xor=0x00001  popcnt=1
FAULT R=54221 -> T=54413  offset=+192  xor=0x00740  popcnt=4
FAULT R=54221 -> T=54476  offset=+255  xor=0x00701  popcnt=4
FAULT R=54221 -> T=54477  offset=+256  xor=0x00700  popcnt=3
FAULT R=54222 -> T=54156  offset=-66  xor=0x00042  popcnt=2
FAULT R=54222 -> T=54158  offset=-64  xor=0x00040  popcnt=1
FAULT R=54222 -> T=54220  offset=-2  xor=0x00002  popcnt=1
FAULT R=54222 -> T=54414  offset=+192  xor=0x00740  popcnt=4
FAULT R=54222 -> T=54476  offset=+254  xor=0x00702  popcnt=4
FAULT R=54222 -> T=54478  offset=+256  xor=0x00700  popcnt=3
FAULT R=54223 -> T=54156  offset=-67  xor=0x00043  popcnt=3
FAULT R=54223 -> T=54157  offset=-66  xor=0x00042  popcnt=2
FAULT R=54223 -> T=54158  offset=-65  xor=0x00041  popcnt=2
FAULT R=54223 -> T=54159  offset=-64  xor=0x00040  popcnt=1
FAULT R=54223 -> T=54220  offset=-3  xor=0x00003  popcnt=2
FAULT R=54223 -> T=54221  offset=-2  xor=0x00002  popcnt=1
FAULT R=54223 -> T=54222  offset=-1  xor=0x00001  popcnt=1
FAULT R=54223 -> T=54413  offset=+190  xor=0x00742  popcnt=5
FAULT R=54223 -> T=54414  offset=+191  xor=0x00741  popcnt=5
FAULT R=54223 -> T=54415  offset=+192  xor=0x00740  popcnt=4
FAULT R=54223 -> T=54476  offset=+253  xor=0x00703  popcnt=5
FAULT R=54223 -> T=54477  offset=+254  xor=0x00702  popcnt=4
FAULT R=54223 -> T=54478  offset=+255  xor=0x00701  popcnt=4
FAULT R=54223 -> T=54479  offset=+256  xor=0x00700  popcnt=3
FAULT R=54224 -> T=54152  offset=-72  xor=0x00058  popcnt=3
FAULT R=54224 -> T=54156  offset=-68  xor=0x0005c  popcnt=4
FAULT R=54224 -> T=54160  offset=-64  xor=0x00040  popcnt=1
FAULT R=54224 -> T=54164  offset=-60  xor=0x00044  popcnt=2
FAULT R=54224 -> T=54216  offset=-8  xor=0x00018  popcnt=2
FAULT R=54224 -> T=54220  offset=-4  xor=0x0001c  popcnt=3
FAULT R=54224 -> T=54228  offset=+4  xor=0x00004  popcnt=1
FAULT R=54224 -> T=54408  offset=+184  xor=0x00758  popcnt=6
FAULT R=54224 -> T=54416  offset=+192  xor=0x00740  popcnt=4
FAULT R=54224 -> T=54472  offset=+248  xor=0x00718  popcnt=5
FAULT R=54224 -> T=54476  offset=+252  xor=0x0071c  popcnt=6
FAULT R=54224 -> T=54480  offset=+256  xor=0x00700  popcnt=3
FAULT R=54224 -> T=54484  offset=+260  xor=0x00704  popcnt=4
FAULT R=54226 -> T=54154  offset=-72  xor=0x00058  popcnt=3
FAULT R=54226 -> T=54156  offset=-70  xor=0x0005e  popcnt=5
FAULT R=54226 -> T=54162  offset=-64  xor=0x00040  popcnt=1
FAULT R=54226 -> T=54164  offset=-62  xor=0x00046  popcnt=3
FAULT R=54226 -> T=54218  offset=-8  xor=0x00018  popcnt=2
FAULT R=54226 -> T=54220  offset=-6  xor=0x0001e  popcnt=4
FAULT R=54226 -> T=54228  offset=+2  xor=0x00006  popcnt=2
FAULT R=54226 -> T=54474  offset=+248  xor=0x00718  popcnt=5
FAULT R=54226 -> T=54476  offset=+250  xor=0x0071e  popcnt=7
FAULT R=54226 -> T=54482  offset=+256  xor=0x00700  popcnt=3
FAULT R=54226 -> T=54484  offset=+258  xor=0x00706  popcnt=5
FAULT R=54228 -> T=54156  offset=-72  xor=0x00058  popcnt=3
FAULT R=54228 -> T=54164  offset=-64  xor=0x00040  popcnt=1
FAULT R=54228 -> T=54220  offset=-8  xor=0x00018  popcnt=2
FAULT R=54228 -> T=54476  offset=+248  xor=0x00718  popcnt=5
FAULT R=54228 -> T=54484  offset=+256  xor=0x00700  popcnt=3
FAULT R=54229 -> T=54156  offset=-73  xor=0x00059  popcnt=4
FAULT R=54229 -> T=54157  offset=-72  xor=0x00058  popcnt=3
FAULT R=54229 -> T=54164  offset=-65  xor=0x00041  popcnt=2
FAULT R=54229 -> T=54165  offset=-64  xor=0x00040  popcnt=1
FAULT R=54229 -> T=54220  offset=-9  xor=0x00019  popcnt=3
FAULT R=54229 -> T=54221  offset=-8  xor=0x00018  popcnt=2
FAULT R=54229 -> T=54228  offset=-1  xor=0x00001  popcnt=1
FAULT R=54229 -> T=54413  offset=+184  xor=0x00758  popcnt=6
FAULT R=54229 -> T=54421  offset=+192  xor=0x00740  popcnt=4
FAULT R=54229 -> T=54476  offset=+247  xor=0x00719  popcnt=6
FAULT R=54229 -> T=54477  offset=+248  xor=0x00718  popcnt=5
FAULT R=54229 -> T=54484  offset=+255  xor=0x00701  popcnt=4
FAULT R=54229 -> T=54485  offset=+256  xor=0x00700  popcnt=3
FAULT R=54230 -> T=54156  offset=-74  xor=0x0005a  popcnt=4
FAULT R=54230 -> T=54158  offset=-72  xor=0x00058  popcnt=3
FAULT R=54230 -> T=54164  offset=-66  xor=0x00042  popcnt=2
FAULT R=54230 -> T=54166  offset=-64  xor=0x00040  popcnt=1
FAULT R=54230 -> T=54220  offset=-10  xor=0x0001a  popcnt=3
FAULT R=54230 -> T=54222  offset=-8  xor=0x00018  popcnt=2
FAULT R=54230 -> T=54228  offset=-2  xor=0x00002  popcnt=1
FAULT R=54230 -> T=54414  offset=+184  xor=0x00758  popcnt=6
FAULT R=54230 -> T=54422  offset=+192  xor=0x00740  popcnt=4
FAULT R=54230 -> T=54476  offset=+246  xor=0x0071a  popcnt=6
FAULT R=54230 -> T=54478  offset=+248  xor=0x00718  popcnt=5
FAULT R=54230 -> T=54484  offset=+254  xor=0x00702  popcnt=4
FAULT R=54230 -> T=54486  offset=+256  xor=0x00700  popcnt=3
FAULT R=54232 -> T=54152  offset=-80  xor=0x00050  popcnt=2
FAULT R=54232 -> T=54156  offset=-76  xor=0x00054  popcnt=3
FAULT R=54232 -> T=54168  offset=-64  xor=0x00040  popcnt=1
FAULT R=54232 -> T=54172  offset=-60  xor=0x00044  popcnt=2
FAULT R=54232 -> T=54216  offset=-16  xor=0x00010  popcnt=1
FAULT R=54232 -> T=54220  offset=-12  xor=0x00014  popcnt=2
FAULT R=54232 -> T=54236  offset=+4  xor=0x00004  popcnt=1
FAULT R=54232 -> T=54408  offset=+176  xor=0x00750  popcnt=5
FAULT R=54232 -> T=54424  offset=+192  xor=0x00740  popcnt=4
FAULT R=54232 -> T=54428  offset=+196  xor=0x00744  popcnt=5
FAULT R=54232 -> T=54472  offset=+240  xor=0x00710  popcnt=4
FAULT R=54232 -> T=54476  offset=+244  xor=0x00714  popcnt=5
FAULT R=54232 -> T=54488  offset=+256  xor=0x00700  popcnt=3
FAULT R=54232 -> T=54492  offset=+260  xor=0x00704  popcnt=4
FAULT R=54234 -> T=54154  offset=-80  xor=0x00050  popcnt=2
FAULT R=54234 -> T=54156  offset=-78  xor=0x00056  popcnt=4
FAULT R=54234 -> T=54170  offset=-64  xor=0x00040  popcnt=1
FAULT R=54234 -> T=54172  offset=-62  xor=0x00046  popcnt=3
FAULT R=54234 -> T=54218  offset=-16  xor=0x00010  popcnt=1
FAULT R=54234 -> T=54220  offset=-14  xor=0x00016  popcnt=3
FAULT R=54234 -> T=54236  offset=+2  xor=0x00006  popcnt=2
FAULT R=54234 -> T=54426  offset=+192  xor=0x00740  popcnt=4
FAULT R=54234 -> T=54428  offset=+194  xor=0x00746  popcnt=6
FAULT R=54234 -> T=54474  offset=+240  xor=0x00710  popcnt=4
FAULT R=54234 -> T=54476  offset=+242  xor=0x00716  popcnt=6
FAULT R=54234 -> T=54490  offset=+256  xor=0x00700  popcnt=3
FAULT R=54234 -> T=54492  offset=+258  xor=0x00706  popcnt=5
FAULT R=54236 -> T=54156  offset=-80  xor=0x00050  popcnt=2
FAULT R=54236 -> T=54172  offset=-64  xor=0x00040  popcnt=1
FAULT R=54236 -> T=54220  offset=-16  xor=0x00010  popcnt=1
FAULT R=54236 -> T=54428  offset=+192  xor=0x00740  popcnt=4
FAULT R=54236 -> T=54476  offset=+240  xor=0x00710  popcnt=4
FAULT R=54236 -> T=54492  offset=+256  xor=0x00700  popcnt=3
FAULT R=54237 -> T=54156  offset=-81  xor=0x00051  popcnt=3
FAULT R=54237 -> T=54157  offset=-80  xor=0x00050  popcnt=2
FAULT R=54237 -> T=54172  offset=-65  xor=0x00041  popcnt=2
FAULT R=54237 -> T=54173  offset=-64  xor=0x00040  popcnt=1
FAULT R=54237 -> T=54220  offset=-17  xor=0x00011  popcnt=2
FAULT R=54237 -> T=54221  offset=-16  xor=0x00010  popcnt=1
FAULT R=54237 -> T=54236  offset=-1  xor=0x00001  popcnt=1
FAULT R=54237 -> T=54413  offset=+176  xor=0x00750  popcnt=5
FAULT R=54237 -> T=54428  offset=+191  xor=0x00741  popcnt=5
FAULT R=54237 -> T=54429  offset=+192  xor=0x00740  popcnt=4
FAULT R=54237 -> T=54476  offset=+239  xor=0x00711  popcnt=5
FAULT R=54237 -> T=54477  offset=+240  xor=0x00710  popcnt=4
FAULT R=54237 -> T=54492  offset=+255  xor=0x00701  popcnt=4
FAULT R=54237 -> T=54493  offset=+256  xor=0x00700  popcnt=3
FAULT R=54238 -> T=54156  offset=-82  xor=0x00052  popcnt=3
FAULT R=54238 -> T=54158  offset=-80  xor=0x00050  popcnt=2
FAULT R=54238 -> T=54172  offset=-66  xor=0x00042  popcnt=2
FAULT R=54238 -> T=54174  offset=-64  xor=0x00040  popcnt=1
FAULT R=54238 -> T=54220  offset=-18  xor=0x00012  popcnt=2
FAULT R=54238 -> T=54222  offset=-16  xor=0x00010  popcnt=1
FAULT R=54238 -> T=54236  offset=-2  xor=0x00002  popcnt=1
FAULT R=54238 -> T=54414  offset=+176  xor=0x00750  popcnt=5
FAULT R=54238 -> T=54428  offset=+190  xor=0x00742  popcnt=5
FAULT R=54238 -> T=54430  offset=+192  xor=0x00740  popcnt=4
FAULT R=54238 -> T=54476  offset=+238  xor=0x00712  popcnt=5
FAULT R=54238 -> T=54478  offset=+240  xor=0x00710  popcnt=4
FAULT R=54238 -> T=54492  offset=+254  xor=0x00702  popcnt=4
FAULT R=54238 -> T=54494  offset=+256  xor=0x00700  popcnt=3
FAULT R=54240 -> T=54144  offset=-96  xor=0x00060  popcnt=2
FAULT R=54240 -> T=54148  offset=-92  xor=0x00064  popcnt=3
FAULT R=54240 -> T=54152  offset=-88  xor=0x00068  popcnt=3
FAULT R=54240 -> T=54156  offset=-84  xor=0x0006c  popcnt=4
FAULT R=54240 -> T=54244  offset=+4  xor=0x00004  popcnt=1
FAULT R=54240 -> T=54248  offset=+8  xor=0x00008  popcnt=1
FAULT R=54240 -> T=54252  offset=+12  xor=0x0000c  popcnt=2
FAULT R=54240 -> T=54400  offset=+160  xor=0x00760  popcnt=5
FAULT R=54240 -> T=54404  offset=+164  xor=0x00764  popcnt=6
FAULT R=54240 -> T=54408  offset=+168  xor=0x00768  popcnt=6
FAULT R=54240 -> T=54496  offset=+256  xor=0x00700  popcnt=3
FAULT R=54240 -> T=54500  offset=+260  xor=0x00704  popcnt=4
FAULT R=54240 -> T=54504  offset=+264  xor=0x00708  popcnt=4
FAULT R=54242 -> T=54146  offset=-96  xor=0x00060  popcnt=2
FAULT R=54242 -> T=54148  offset=-94  xor=0x00066  popcnt=4
FAULT R=54242 -> T=54154  offset=-88  xor=0x00068  popcnt=3
FAULT R=54242 -> T=54156  offset=-86  xor=0x0006e  popcnt=5
FAULT R=54242 -> T=54244  offset=+2  xor=0x00006  popcnt=2
FAULT R=54242 -> T=54250  offset=+8  xor=0x00008  popcnt=1
FAULT R=54242 -> T=54252  offset=+10  xor=0x0000e  popcnt=3
FAULT R=54242 -> T=54402  offset=+160  xor=0x00760  popcnt=5
FAULT R=54242 -> T=54404  offset=+162  xor=0x00766  popcnt=7
FAULT R=54242 -> T=54498  offset=+256  xor=0x00700  popcnt=3
FAULT R=54242 -> T=54500  offset=+258  xor=0x00706  popcnt=5
FAULT R=54244 -> T=54148  offset=-96  xor=0x00060  popcnt=2
FAULT R=54244 -> T=54156  offset=-88  xor=0x00068  popcnt=3
FAULT R=54244 -> T=54252  offset=+8  xor=0x00008  popcnt=1
FAULT R=54244 -> T=54404  offset=+160  xor=0x00760  popcnt=5
FAULT R=54244 -> T=54500  offset=+256  xor=0x00700  popcnt=3
FAULT R=54245 -> T=54148  offset=-97  xor=0x00061  popcnt=3
FAULT R=54245 -> T=54149  offset=-96  xor=0x00060  popcnt=2
FAULT R=54245 -> T=54156  offset=-89  xor=0x00069  popcnt=4
FAULT R=54245 -> T=54157  offset=-88  xor=0x00068  popcnt=3
FAULT R=54245 -> T=54244  offset=-1  xor=0x00001  popcnt=1
FAULT R=54245 -> T=54252  offset=+7  xor=0x00009  popcnt=2
FAULT R=54245 -> T=54253  offset=+8  xor=0x00008  popcnt=1
FAULT R=54245 -> T=54404  offset=+159  xor=0x00761  popcnt=6
FAULT R=54245 -> T=54405  offset=+160  xor=0x00760  popcnt=5
FAULT R=54245 -> T=54413  offset=+168  xor=0x00768  popcnt=6
FAULT R=54245 -> T=54500  offset=+255  xor=0x00701  popcnt=4
FAULT R=54245 -> T=54501  offset=+256  xor=0x00700  popcnt=3
FAULT R=54245 -> T=54509  offset=+264  xor=0x00708  popcnt=4
FAULT R=54246 -> T=54148  offset=-98  xor=0x00062  popcnt=3
FAULT R=54246 -> T=54150  offset=-96  xor=0x00060  popcnt=2
FAULT R=54246 -> T=54156  offset=-90  xor=0x0006a  popcnt=4
FAULT R=54246 -> T=54158  offset=-88  xor=0x00068  popcnt=3
FAULT R=54246 -> T=54244  offset=-2  xor=0x00002  popcnt=1
FAULT R=54246 -> T=54252  offset=+6  xor=0x0000a  popcnt=2
FAULT R=54246 -> T=54254  offset=+8  xor=0x00008  popcnt=1
FAULT R=54246 -> T=54404  offset=+158  xor=0x00762  popcnt=6
FAULT R=54246 -> T=54406  offset=+160  xor=0x00760  popcnt=5
FAULT R=54246 -> T=54414  offset=+168  xor=0x00768  popcnt=6
FAULT R=54246 -> T=54500  offset=+254  xor=0x00702  popcnt=4
FAULT R=54246 -> T=54502  offset=+256  xor=0x00700  popcnt=3
FAULT R=54246 -> T=54510  offset=+264  xor=0x00708  popcnt=4
FAULT R=54248 -> T=54152  offset=-96  xor=0x00060  popcnt=2
FAULT R=54248 -> T=54156  offset=-92  xor=0x00064  popcnt=3
FAULT R=54248 -> T=54252  offset=+4  xor=0x00004  popcnt=1
FAULT R=54248 -> T=54408  offset=+160  xor=0x00760  popcnt=5
FAULT R=54248 -> T=54504  offset=+256  xor=0x00700  popcnt=3
FAULT R=54249 -> T=54152  offset=-97  xor=0x00061  popcnt=3
FAULT R=54249 -> T=54153  offset=-96  xor=0x00060  popcnt=2
FAULT R=54249 -> T=54156  offset=-93  xor=0x00065  popcnt=4
FAULT R=54249 -> T=54157  offset=-92  xor=0x00064  popcnt=3
FAULT R=54249 -> T=54248  offset=-1  xor=0x00001  popcnt=1
FAULT R=54249 -> T=54252  offset=+3  xor=0x00005  popcnt=2
FAULT R=54249 -> T=54253  offset=+4  xor=0x00004  popcnt=1
FAULT R=54249 -> T=54408  offset=+159  xor=0x00761  popcnt=6
FAULT R=54249 -> T=54409  offset=+160  xor=0x00760  popcnt=5
FAULT R=54249 -> T=54413  offset=+164  xor=0x00764  popcnt=6
FAULT R=54249 -> T=54504  offset=+255  xor=0x00701  popcnt=4
FAULT R=54249 -> T=54505  offset=+256  xor=0x00700  popcnt=3
FAULT R=54249 -> T=54509  offset=+260  xor=0x00704  popcnt=4
FAULT R=54250 -> T=54154  offset=-96  xor=0x00060  popcnt=2
FAULT R=54250 -> T=54156  offset=-94  xor=0x00066  popcnt=4
FAULT R=54250 -> T=54252  offset=+2  xor=0x00006  popcnt=2
FAULT R=54251 -> T=54154  offset=-97  xor=0x00061  popcnt=3
FAULT R=54251 -> T=54155  offset=-96  xor=0x00060  popcnt=2
FAULT R=54251 -> T=54156  offset=-95  xor=0x00067  popcnt=5
FAULT R=54251 -> T=54157  offset=-94  xor=0x00066  popcnt=4
FAULT R=54251 -> T=54250  offset=-1  xor=0x00001  popcnt=1
FAULT R=54251 -> T=54252  offset=+1  xor=0x00007  popcnt=3
FAULT R=54251 -> T=54253  offset=+2  xor=0x00006  popcnt=2
FAULT R=54251 -> T=54411  offset=+160  xor=0x00760  popcnt=5
FAULT R=54251 -> T=54413  offset=+162  xor=0x00766  popcnt=7
FAULT R=54251 -> T=54507  offset=+256  xor=0x00700  popcnt=3
FAULT R=54251 -> T=54509  offset=+258  xor=0x00706  popcnt=5
FAULT R=54252 -> T=54156  offset=-96  xor=0x00060  popcnt=2
FAULT R=54253 -> T=54156  offset=-97  xor=0x00061  popcnt=3
FAULT R=54253 -> T=54157  offset=-96  xor=0x00060  popcnt=2
FAULT R=54253 -> T=54252  offset=-1  xor=0x00001  popcnt=1
FAULT R=54253 -> T=54413  offset=+160  xor=0x00760  popcnt=5
FAULT R=54253 -> T=54509  offset=+256  xor=0x00700  popcnt=3
FAULT R=54254 -> T=54156  offset=-98  xor=0x00062  popcnt=3
FAULT R=54254 -> T=54158  offset=-96  xor=0x00060  popcnt=2
FAULT R=54254 -> T=54252  offset=-2  xor=0x00002  popcnt=1
FAULT R=54254 -> T=54414  offset=+160  xor=0x00760  popcnt=5
FAULT R=54254 -> T=54510  offset=+256  xor=0x00700  popcnt=3
FAULT R=54255 -> T=54156  offset=-99  xor=0x00063  popcnt=4
FAULT R=54255 -> T=54157  offset=-98  xor=0x00062  popcnt=3
FAULT R=54255 -> T=54158  offset=-97  xor=0x00061  popcnt=3
FAULT R=54255 -> T=54159  offset=-96  xor=0x00060  popcnt=2
FAULT R=54255 -> T=54252  offset=-3  xor=0x00003  popcnt=2
FAULT R=54255 -> T=54253  offset=-2  xor=0x00002  popcnt=1
FAULT R=54255 -> T=54254  offset=-1  xor=0x00001  popcnt=1
FAULT R=54255 -> T=54413  offset=+158  xor=0x00762  popcnt=6
FAULT R=54255 -> T=54414  offset=+159  xor=0x00761  popcnt=6
FAULT R=54255 -> T=54415  offset=+160  xor=0x00760  popcnt=5
FAULT R=54255 -> T=54509  offset=+254  xor=0x00702  popcnt=4
FAULT R=54255 -> T=54510  offset=+255  xor=0x00701  popcnt=4
FAULT R=54255 -> T=54511  offset=+256  xor=0x00700  popcnt=3
FAULT R=54256 -> T=54152  offset=-104  xor=0x00078  popcnt=4
FAULT R=54256 -> T=54156  offset=-100  xor=0x0007c  popcnt=5
FAULT R=54256 -> T=54160  offset=-96  xor=0x00060  popcnt=2
FAULT R=54256 -> T=54164  offset=-92  xor=0x00064  popcnt=3
FAULT R=54256 -> T=54248  offset=-8  xor=0x00018  popcnt=2
FAULT R=54256 -> T=54252  offset=-4  xor=0x0001c  popcnt=3
FAULT R=54256 -> T=54260  offset=+4  xor=0x00004  popcnt=1
FAULT R=54256 -> T=54408  offset=+152  xor=0x00778  popcnt=7
FAULT R=54256 -> T=54416  offset=+160  xor=0x00760  popcnt=5
FAULT R=54256 -> T=54504  offset=+248  xor=0x00718  popcnt=5
FAULT R=54256 -> T=54512  offset=+256  xor=0x00700  popcnt=3
FAULT R=54258 -> T=54154  offset=-104  xor=0x00078  popcnt=4
FAULT R=54258 -> T=54156  offset=-102  xor=0x0007e  popcnt=6
FAULT R=54258 -> T=54162  offset=-96  xor=0x00060  popcnt=2
FAULT R=54258 -> T=54164  offset=-94  xor=0x00066  popcnt=4
FAULT R=54258 -> T=54250  offset=-8  xor=0x00018  popcnt=2
FAULT R=54258 -> T=54252  offset=-6  xor=0x0001e  popcnt=4
FAULT R=54258 -> T=54260  offset=+2  xor=0x00006  popcnt=2
FAULT R=54260 -> T=54156  offset=-104  xor=0x00078  popcnt=4
FAULT R=54260 -> T=54164  offset=-96  xor=0x00060  popcnt=2
FAULT R=54260 -> T=54252  offset=-8  xor=0x00018  popcnt=2
FAULT R=54261 -> T=54156  offset=-105  xor=0x00079  popcnt=5
FAULT R=54261 -> T=54157  offset=-104  xor=0x00078  popcnt=4
FAULT R=54261 -> T=54164  offset=-97  xor=0x00061  popcnt=3
FAULT R=54261 -> T=54165  offset=-96  xor=0x00060  popcnt=2
FAULT R=54261 -> T=54252  offset=-9  xor=0x00019  popcnt=3
FAULT R=54261 -> T=54253  offset=-8  xor=0x00018  popcnt=2
FAULT R=54261 -> T=54260  offset=-1  xor=0x00001  popcnt=1
FAULT R=54261 -> T=54413  offset=+152  xor=0x00778  popcnt=7
FAULT R=54261 -> T=54421  offset=+160  xor=0x00760  popcnt=5
FAULT R=54261 -> T=54509  offset=+248  xor=0x00718  popcnt=5
FAULT R=54261 -> T=54517  offset=+256  xor=0x00700  popcnt=3
FAULT R=54262 -> T=54156  offset=-106  xor=0x0007a  popcnt=5
FAULT R=54262 -> T=54158  offset=-104  xor=0x00078  popcnt=4
FAULT R=54262 -> T=54164  offset=-98  xor=0x00062  popcnt=3
FAULT R=54262 -> T=54166  offset=-96  xor=0x00060  popcnt=2
FAULT R=54262 -> T=54252  offset=-10  xor=0x0001a  popcnt=3
FAULT R=54262 -> T=54254  offset=-8  xor=0x00018  popcnt=2
FAULT R=54262 -> T=54260  offset=-2  xor=0x00002  popcnt=1
FAULT R=54262 -> T=54414  offset=+152  xor=0x00778  popcnt=7
FAULT R=54262 -> T=54422  offset=+160  xor=0x00760  popcnt=5
FAULT R=54262 -> T=54510  offset=+248  xor=0x00718  popcnt=5
FAULT R=54262 -> T=54518  offset=+256  xor=0x00700  popcnt=3
FAULT R=54264 -> T=54152  offset=-112  xor=0x00070  popcnt=3
FAULT R=54264 -> T=54156  offset=-108  xor=0x00074  popcnt=4
FAULT R=54264 -> T=54168  offset=-96  xor=0x00060  popcnt=2
FAULT R=54264 -> T=54172  offset=-92  xor=0x00064  popcnt=3
FAULT R=54264 -> T=54248  offset=-16  xor=0x00010  popcnt=1
FAULT R=54264 -> T=54252  offset=-12  xor=0x00014  popcnt=2
FAULT R=54264 -> T=54268  offset=+4  xor=0x00004  popcnt=1
FAULT R=54264 -> T=54408  offset=+144  xor=0x00770  popcnt=6
FAULT R=54264 -> T=54424  offset=+160  xor=0x00760  popcnt=5
FAULT R=54264 -> T=54428  offset=+164  xor=0x00764  popcnt=6
FAULT R=54264 -> T=54504  offset=+240  xor=0x00710  popcnt=4
FAULT R=54264 -> T=54520  offset=+256  xor=0x00700  popcnt=3
FAULT R=54264 -> T=54524  offset=+260  xor=0x00704  popcnt=4
FAULT R=54266 -> T=54154  offset=-112  xor=0x00070  popcnt=3
FAULT R=54266 -> T=54156  offset=-110  xor=0x00076  popcnt=5
FAULT R=54266 -> T=54170  offset=-96  xor=0x00060  popcnt=2
FAULT R=54266 -> T=54172  offset=-94  xor=0x00066  popcnt=4
FAULT R=54266 -> T=54250  offset=-16  xor=0x00010  popcnt=1
FAULT R=54266 -> T=54252  offset=-14  xor=0x00016  popcnt=3
FAULT R=54266 -> T=54268  offset=+2  xor=0x00006  popcnt=2
FAULT R=54266 -> T=54426  offset=+160  xor=0x00760  popcnt=5
FAULT R=54266 -> T=54428  offset=+162  xor=0x00766  popcnt=7
FAULT R=54266 -> T=54522  offset=+256  xor=0x00700  popcnt=3
FAULT R=54266 -> T=54524  offset=+258  xor=0x00706  popcnt=5
FAULT R=54268 -> T=54156  offset=-112  xor=0x00070  popcnt=3
FAULT R=54268 -> T=54172  offset=-96  xor=0x00060  popcnt=2
FAULT R=54268 -> T=54252  offset=-16  xor=0x00010  popcnt=1
FAULT R=54268 -> T=54428  offset=+160  xor=0x00760  popcnt=5
FAULT R=54268 -> T=54524  offset=+256  xor=0x00700  popcnt=3
FAULT R=54269 -> T=54156  offset=-113  xor=0x00071  popcnt=4
FAULT R=54269 -> T=54157  offset=-112  xor=0x00070  popcnt=3
FAULT R=54269 -> T=54172  offset=-97  xor=0x00061  popcnt=3
FAULT R=54269 -> T=54173  offset=-96  xor=0x00060  popcnt=2
FAULT R=54269 -> T=54252  offset=-17  xor=0x00011  popcnt=2
FAULT R=54269 -> T=54253  offset=-16  xor=0x00010  popcnt=1
FAULT R=54269 -> T=54268  offset=-1  xor=0x00001  popcnt=1
FAULT R=54269 -> T=54413  offset=+144  xor=0x00770  popcnt=6
FAULT R=54269 -> T=54428  offset=+159  xor=0x00761  popcnt=6
FAULT R=54269 -> T=54429  offset=+160  xor=0x00760  popcnt=5
FAULT R=54269 -> T=54509  offset=+240  xor=0x00710  popcnt=4
FAULT R=54269 -> T=54524  offset=+255  xor=0x00701  popcnt=4
FAULT R=54269 -> T=54525  offset=+256  xor=0x00700  popcnt=3
FAULT R=54270 -> T=54156  offset=-114  xor=0x00072  popcnt=4
FAULT R=54270 -> T=54158  offset=-112  xor=0x00070  popcnt=3
FAULT R=54270 -> T=54172  offset=-98  xor=0x00062  popcnt=3
FAULT R=54270 -> T=54174  offset=-96  xor=0x00060  popcnt=2
FAULT R=54270 -> T=54252  offset=-18  xor=0x00012  popcnt=2
FAULT R=54270 -> T=54254  offset=-16  xor=0x00010  popcnt=1
FAULT R=54270 -> T=54268  offset=-2  xor=0x00002  popcnt=1
FAULT R=54270 -> T=54414  offset=+144  xor=0x00770  popcnt=6
FAULT R=54270 -> T=54428  offset=+158  xor=0x00762  popcnt=6
FAULT R=54270 -> T=54430  offset=+160  xor=0x00760  popcnt=5
FAULT R=54270 -> T=54510  offset=+240  xor=0x00710  popcnt=4
FAULT R=54270 -> T=54524  offset=+254  xor=0x00702  popcnt=4
FAULT R=54270 -> T=54526  offset=+256  xor=0x00700  popcnt=3
FAULT R=54272 -> T=54276  offset=+4  xor=0x00004  popcnt=1
FAULT R=54272 -> T=54280  offset=+8  xor=0x00008  popcnt=1
FAULT R=54272 -> T=54284  offset=+12  xor=0x0000c  popcnt=2
FAULT R=54272 -> T=54400  offset=+128  xor=0x00080  popcnt=1
FAULT R=54272 -> T=54404  offset=+132  xor=0x00084  popcnt=2
FAULT R=54272 -> T=54408  offset=+136  xor=0x00088  popcnt=2
FAULT R=54273 -> T=54272  offset=-1  xor=0x00001  popcnt=1
FAULT R=54273 -> T=54276  offset=+3  xor=0x00005  popcnt=2
FAULT R=54273 -> T=54277  offset=+4  xor=0x00004  popcnt=1
FAULT R=54273 -> T=54280  offset=+7  xor=0x00009  popcnt=2
FAULT R=54273 -> T=54281  offset=+8  xor=0x00008  popcnt=1
FAULT R=54273 -> T=54284  offset=+11  xor=0x0000d  popcnt=3
FAULT R=54273 -> T=54285  offset=+12  xor=0x0000c  popcnt=2
FAULT R=54273 -> T=54400  offset=+127  xor=0x00081  popcnt=2
FAULT R=54273 -> T=54401  offset=+128  xor=0x00080  popcnt=1
FAULT R=54273 -> T=54404  offset=+131  xor=0x00085  popcnt=3
FAULT R=54273 -> T=54405  offset=+132  xor=0x00084  popcnt=2
FAULT R=54273 -> T=54408  offset=+135  xor=0x00089  popcnt=3
FAULT R=54273 -> T=54409  offset=+136  xor=0x00088  popcnt=2
FAULT R=54273 -> T=54413  offset=+140  xor=0x0008c  popcnt=3
FAULT R=54274 -> T=54276  offset=+2  xor=0x00006  popcnt=2
FAULT R=54274 -> T=54282  offset=+8  xor=0x00008  popcnt=1
FAULT R=54274 -> T=54284  offset=+10  xor=0x0000e  popcnt=3
FAULT R=54274 -> T=54402  offset=+128  xor=0x00080  popcnt=1
FAULT R=54274 -> T=54404  offset=+130  xor=0x00086  popcnt=3
FAULT R=54275 -> T=54274  offset=-1  xor=0x00001  popcnt=1
FAULT R=54275 -> T=54276  offset=+1  xor=0x00007  popcnt=3
FAULT R=54275 -> T=54277  offset=+2  xor=0x00006  popcnt=2
FAULT R=54275 -> T=54282  offset=+7  xor=0x00009  popcnt=2
FAULT R=54275 -> T=54283  offset=+8  xor=0x00008  popcnt=1
FAULT R=54275 -> T=54284  offset=+9  xor=0x0000f  popcnt=4
FAULT R=54275 -> T=54285  offset=+10  xor=0x0000e  popcnt=3
FAULT R=54275 -> T=54402  offset=+127  xor=0x00081  popcnt=2
FAULT R=54275 -> T=54403  offset=+128  xor=0x00080  popcnt=1
FAULT R=54275 -> T=54404  offset=+129  xor=0x00087  popcnt=4
FAULT R=54275 -> T=54405  offset=+130  xor=0x00086  popcnt=3
FAULT R=54275 -> T=54411  offset=+136  xor=0x00088  popcnt=2
FAULT R=54275 -> T=54413  offset=+138  xor=0x0008e  popcnt=4
FAULT R=54276 -> T=54284  offset=+8  xor=0x00008  popcnt=1
FAULT R=54276 -> T=54404  offset=+128  xor=0x00080  popcnt=1
FAULT R=54277 -> T=54276  offset=-1  xor=0x00001  popcnt=1
FAULT R=54277 -> T=54284  offset=+7  xor=0x00009  popcnt=2
FAULT R=54277 -> T=54285  offset=+8  xor=0x00008  popcnt=1
FAULT R=54277 -> T=54404  offset=+127  xor=0x00081  popcnt=2
FAULT R=54277 -> T=54405  offset=+128  xor=0x00080  popcnt=1
FAULT R=54277 -> T=54413  offset=+136  xor=0x00088  popcnt=2
FAULT R=54278 -> T=54276  offset=-2  xor=0x00002  popcnt=1
FAULT R=54278 -> T=54284  offset=+6  xor=0x0000a  popcnt=2
FAULT R=54278 -> T=54286  offset=+8  xor=0x00008  popcnt=1
FAULT R=54278 -> T=54404  offset=+126  xor=0x00082  popcnt=2
FAULT R=54278 -> T=54406  offset=+128  xor=0x00080  popcnt=1
FAULT R=54278 -> T=54414  offset=+136  xor=0x00088  popcnt=2
FAULT R=54279 -> T=54276  offset=-3  xor=0x00003  popcnt=2
FAULT R=54279 -> T=54277  offset=-2  xor=0x00002  popcnt=1
FAULT R=54279 -> T=54278  offset=-1  xor=0x00001  popcnt=1
FAULT R=54279 -> T=54284  offset=+5  xor=0x0000b  popcnt=3
FAULT R=54279 -> T=54285  offset=+6  xor=0x0000a  popcnt=2
FAULT R=54279 -> T=54286  offset=+7  xor=0x00009  popcnt=2
FAULT R=54279 -> T=54287  offset=+8  xor=0x00008  popcnt=1
FAULT R=54279 -> T=54404  offset=+125  xor=0x00083  popcnt=3
FAULT R=54279 -> T=54405  offset=+126  xor=0x00082  popcnt=2
FAULT R=54279 -> T=54406  offset=+127  xor=0x00081  popcnt=2
FAULT R=54279 -> T=54407  offset=+128  xor=0x00080  popcnt=1
FAULT R=54279 -> T=54413  offset=+134  xor=0x0008a  popcnt=3
FAULT R=54279 -> T=54414  offset=+135  xor=0x00089  popcnt=3
FAULT R=54279 -> T=54415  offset=+136  xor=0x00088  popcnt=2
FAULT R=54280 -> T=54284  offset=+4  xor=0x00004  popcnt=1
FAULT R=54280 -> T=54408  offset=+128  xor=0x00080  popcnt=1
FAULT R=54281 -> T=54280  offset=-1  xor=0x00001  popcnt=1
FAULT R=54281 -> T=54284  offset=+3  xor=0x00005  popcnt=2
FAULT R=54281 -> T=54285  offset=+4  xor=0x00004  popcnt=1
FAULT R=54281 -> T=54408  offset=+127  xor=0x00081  popcnt=2
FAULT R=54281 -> T=54409  offset=+128  xor=0x00080  popcnt=1
FAULT R=54281 -> T=54413  offset=+132  xor=0x00084  popcnt=2
FAULT R=54282 -> T=54284  offset=+2  xor=0x00006  popcnt=2
FAULT R=54283 -> T=54282  offset=-1  xor=0x00001  popcnt=1
FAULT R=54283 -> T=54284  offset=+1  xor=0x00007  popcnt=3
FAULT R=54283 -> T=54285  offset=+2  xor=0x00006  popcnt=2
FAULT R=54283 -> T=54411  offset=+128  xor=0x00080  popcnt=1
FAULT R=54283 -> T=54413  offset=+130  xor=0x00086  popcnt=3
FAULT R=54285 -> T=54284  offset=-1  xor=0x00001  popcnt=1
FAULT R=54285 -> T=54413  offset=+128  xor=0x00080  popcnt=1
FAULT R=54286 -> T=54284  offset=-2  xor=0x00002  popcnt=1
FAULT R=54286 -> T=54414  offset=+128  xor=0x00080  popcnt=1
FAULT R=54287 -> T=54284  offset=-3  xor=0x00003  popcnt=2
FAULT R=54287 -> T=54285  offset=-2  xor=0x00002  popcnt=1
FAULT R=54287 -> T=54286  offset=-1  xor=0x00001  popcnt=1
FAULT R=54287 -> T=54413  offset=+126  xor=0x00082  popcnt=2
FAULT R=54287 -> T=54414  offset=+127  xor=0x00081  popcnt=2
FAULT R=54287 -> T=54415  offset=+128  xor=0x00080  popcnt=1
FAULT R=54288 -> T=54280  offset=-8  xor=0x00018  popcnt=2
FAULT R=54288 -> T=54284  offset=-4  xor=0x0001c  popcnt=3
FAULT R=54288 -> T=54292  offset=+4  xor=0x00004  popcnt=1
FAULT R=54288 -> T=54408  offset=+120  xor=0x00098  popcnt=3
FAULT R=54288 -> T=54416  offset=+128  xor=0x00080  popcnt=1
FAULT R=54289 -> T=54280  offset=-9  xor=0x00019  popcnt=3
FAULT R=54289 -> T=54281  offset=-8  xor=0x00018  popcnt=2
FAULT R=54289 -> T=54284  offset=-5  xor=0x0001d  popcnt=4
FAULT R=54289 -> T=54285  offset=-4  xor=0x0001c  popcnt=3
FAULT R=54289 -> T=54288  offset=-1  xor=0x00001  popcnt=1
FAULT R=54289 -> T=54292  offset=+3  xor=0x00005  popcnt=2
FAULT R=54289 -> T=54293  offset=+4  xor=0x00004  popcnt=1
FAULT R=54289 -> T=54408  offset=+119  xor=0x00099  popcnt=4
FAULT R=54289 -> T=54409  offset=+120  xor=0x00098  popcnt=3
FAULT R=54289 -> T=54413  offset=+124  xor=0x0009c  popcnt=4
FAULT R=54289 -> T=54416  offset=+127  xor=0x00081  popcnt=2
FAULT R=54289 -> T=54417  offset=+128  xor=0x00080  popcnt=1
FAULT R=54289 -> T=54421  offset=+132  xor=0x00084  popcnt=2
FAULT R=54290 -> T=54282  offset=-8  xor=0x00018  popcnt=2
FAULT R=54290 -> T=54284  offset=-6  xor=0x0001e  popcnt=4
FAULT R=54290 -> T=54292  offset=+2  xor=0x00006  popcnt=2
FAULT R=54291 -> T=54282  offset=-9  xor=0x00019  popcnt=3
FAULT R=54291 -> T=54283  offset=-8  xor=0x00018  popcnt=2
FAULT R=54291 -> T=54284  offset=-7  xor=0x0001f  popcnt=5
FAULT R=54291 -> T=54285  offset=-6  xor=0x0001e  popcnt=4
FAULT R=54291 -> T=54290  offset=-1  xor=0x00001  popcnt=1
FAULT R=54291 -> T=54292  offset=+1  xor=0x00007  popcnt=3
FAULT R=54291 -> T=54293  offset=+2  xor=0x00006  popcnt=2
FAULT R=54291 -> T=54411  offset=+120  xor=0x00098  popcnt=3
FAULT R=54291 -> T=54413  offset=+122  xor=0x0009e  popcnt=5
FAULT R=54291 -> T=54419  offset=+128  xor=0x00080  popcnt=1
FAULT R=54291 -> T=54421  offset=+130  xor=0x00086  popcnt=3
FAULT R=54292 -> T=54284  offset=-8  xor=0x00018  popcnt=2
FAULT R=54293 -> T=54284  offset=-9  xor=0x00019  popcnt=3
FAULT R=54293 -> T=54285  offset=-8  xor=0x00018  popcnt=2
FAULT R=54293 -> T=54292  offset=-1  xor=0x00001  popcnt=1
FAULT R=54293 -> T=54413  offset=+120  xor=0x00098  popcnt=3
FAULT R=54293 -> T=54421  offset=+128  xor=0x00080  popcnt=1
FAULT R=54294 -> T=54284  offset=-10  xor=0x0001a  popcnt=3
FAULT R=54294 -> T=54286  offset=-8  xor=0x00018  popcnt=2
FAULT R=54294 -> T=54292  offset=-2  xor=0x00002  popcnt=1
FAULT R=54294 -> T=54414  offset=+120  xor=0x00098  popcnt=3
FAULT R=54294 -> T=54422  offset=+128  xor=0x00080  popcnt=1
FAULT R=54295 -> T=54284  offset=-11  xor=0x0001b  popcnt=4
FAULT R=54295 -> T=54285  offset=-10  xor=0x0001a  popcnt=3
FAULT R=54295 -> T=54286  offset=-9  xor=0x00019  popcnt=3
FAULT R=54295 -> T=54287  offset=-8  xor=0x00018  popcnt=2
FAULT R=54295 -> T=54292  offset=-3  xor=0x00003  popcnt=2
FAULT R=54295 -> T=54293  offset=-2  xor=0x00002  popcnt=1
FAULT R=54295 -> T=54294  offset=-1  xor=0x00001  popcnt=1
FAULT R=54295 -> T=54413  offset=+118  xor=0x0009a  popcnt=4
FAULT R=54295 -> T=54414  offset=+119  xor=0x00099  popcnt=4
FAULT R=54295 -> T=54415  offset=+120  xor=0x00098  popcnt=3
FAULT R=54295 -> T=54421  offset=+126  xor=0x00082  popcnt=2
FAULT R=54295 -> T=54422  offset=+127  xor=0x00081  popcnt=2
FAULT R=54295 -> T=54423  offset=+128  xor=0x00080  popcnt=1
FAULT R=54296 -> T=54280  offset=-16  xor=0x00010  popcnt=1
FAULT R=54296 -> T=54284  offset=-12  xor=0x00014  popcnt=2
FAULT R=54296 -> T=54300  offset=+4  xor=0x00004  popcnt=1
FAULT R=54296 -> T=54408  offset=+112  xor=0x00090  popcnt=2
FAULT R=54296 -> T=54424  offset=+128  xor=0x00080  popcnt=1
FAULT R=54296 -> T=54428  offset=+132  xor=0x00084  popcnt=2
FAULT R=54297 -> T=54280  offset=-17  xor=0x00011  popcnt=2
FAULT R=54297 -> T=54281  offset=-16  xor=0x00010  popcnt=1
FAULT R=54297 -> T=54284  offset=-13  xor=0x00015  popcnt=3
FAULT R=54297 -> T=54285  offset=-12  xor=0x00014  popcnt=2
FAULT R=54297 -> T=54296  offset=-1  xor=0x00001  popcnt=1
FAULT R=54297 -> T=54300  offset=+3  xor=0x00005  popcnt=2
FAULT R=54297 -> T=54301  offset=+4  xor=0x00004  popcnt=1
FAULT R=54297 -> T=54408  offset=+111  xor=0x00091  popcnt=3
FAULT R=54297 -> T=54409  offset=+112  xor=0x00090  popcnt=2
FAULT R=54297 -> T=54413  offset=+116  xor=0x00094  popcnt=3
FAULT R=54297 -> T=54424  offset=+127  xor=0x00081  popcnt=2
FAULT R=54297 -> T=54425  offset=+128  xor=0x00080  popcnt=1
FAULT R=54297 -> T=54428  offset=+131  xor=0x00085  popcnt=3
FAULT R=54297 -> T=54429  offset=+132  xor=0x00084  popcnt=2
FAULT R=54298 -> T=54282  offset=-16  xor=0x00010  popcnt=1
FAULT R=54298 -> T=54284  offset=-14  xor=0x00016  popcnt=3
FAULT R=54298 -> T=54300  offset=+2  xor=0x00006  popcnt=2
FAULT R=54298 -> T=54426  offset=+128  xor=0x00080  popcnt=1
FAULT R=54298 -> T=54428  offset=+130  xor=0x00086  popcnt=3
FAULT R=54299 -> T=54282  offset=-17  xor=0x00011  popcnt=2
FAULT R=54299 -> T=54283  offset=-16  xor=0x00010  popcnt=1
FAULT R=54299 -> T=54284  offset=-15  xor=0x00017  popcnt=4
FAULT R=54299 -> T=54285  offset=-14  xor=0x00016  popcnt=3
FAULT R=54299 -> T=54298  offset=-1  xor=0x00001  popcnt=1
FAULT R=54299 -> T=54300  offset=+1  xor=0x00007  popcnt=3
FAULT R=54299 -> T=54301  offset=+2  xor=0x00006  popcnt=2
FAULT R=54299 -> T=54411  offset=+112  xor=0x00090  popcnt=2
FAULT R=54299 -> T=54413  offset=+114  xor=0x00096  popcnt=4
FAULT R=54299 -> T=54426  offset=+127  xor=0x00081  popcnt=2
FAULT R=54299 -> T=54427  offset=+128  xor=0x00080  popcnt=1
FAULT R=54299 -> T=54428  offset=+129  xor=0x00087  popcnt=4
FAULT R=54299 -> T=54429  offset=+130  xor=0x00086  popcnt=3
FAULT R=54300 -> T=54284  offset=-16  xor=0x00010  popcnt=1
FAULT R=54300 -> T=54428  offset=+128  xor=0x00080  popcnt=1
FAULT R=54301 -> T=54284  offset=-17  xor=0x00011  popcnt=2
FAULT R=54301 -> T=54285  offset=-16  xor=0x00010  popcnt=1
FAULT R=54301 -> T=54300  offset=-1  xor=0x00001  popcnt=1
FAULT R=54301 -> T=54413  offset=+112  xor=0x00090  popcnt=2
FAULT R=54301 -> T=54428  offset=+127  xor=0x00081  popcnt=2
FAULT R=54301 -> T=54429  offset=+128  xor=0x00080  popcnt=1
FAULT R=54302 -> T=54284  offset=-18  xor=0x00012  popcnt=2
FAULT R=54302 -> T=54286  offset=-16  xor=0x00010  popcnt=1
FAULT R=54302 -> T=54300  offset=-2  xor=0x00002  popcnt=1
FAULT R=54302 -> T=54414  offset=+112  xor=0x00090  popcnt=2
FAULT R=54302 -> T=54428  offset=+126  xor=0x00082  popcnt=2
FAULT R=54302 -> T=54430  offset=+128  xor=0x00080  popcnt=1
FAULT R=54303 -> T=54284  offset=-19  xor=0x00013  popcnt=3
FAULT R=54303 -> T=54285  offset=-18  xor=0x00012  popcnt=2
FAULT R=54303 -> T=54286  offset=-17  xor=0x00011  popcnt=2
FAULT R=54303 -> T=54287  offset=-16  xor=0x00010  popcnt=1
FAULT R=54303 -> T=54300  offset=-3  xor=0x00003  popcnt=2
FAULT R=54303 -> T=54301  offset=-2  xor=0x00002  popcnt=1
FAULT R=54303 -> T=54302  offset=-1  xor=0x00001  popcnt=1
FAULT R=54303 -> T=54413  offset=+110  xor=0x00092  popcnt=3
FAULT R=54303 -> T=54414  offset=+111  xor=0x00091  popcnt=3
FAULT R=54303 -> T=54415  offset=+112  xor=0x00090  popcnt=2
FAULT R=54303 -> T=54428  offset=+125  xor=0x00083  popcnt=3
FAULT R=54303 -> T=54429  offset=+126  xor=0x00082  popcnt=2
FAULT R=54303 -> T=54430  offset=+127  xor=0x00081  popcnt=2
FAULT R=54303 -> T=54431  offset=+128  xor=0x00080  popcnt=1
FAULT R=54304 -> T=54272  offset=-32  xor=0x00020  popcnt=1
FAULT R=54304 -> T=54276  offset=-28  xor=0x00024  popcnt=2
FAULT R=54304 -> T=54280  offset=-24  xor=0x00028  popcnt=2
FAULT R=54304 -> T=54284  offset=-20  xor=0x0002c  popcnt=3
FAULT R=54304 -> T=54308  offset=+4  xor=0x00004  popcnt=1
FAULT R=54304 -> T=54312  offset=+8  xor=0x00008  popcnt=1
FAULT R=54304 -> T=54316  offset=+12  xor=0x0000c  popcnt=2
FAULT R=54304 -> T=54400  offset=+96  xor=0x000a0  popcnt=2
FAULT R=54304 -> T=54404  offset=+100  xor=0x000a4  popcnt=3
FAULT R=54304 -> T=54408  offset=+104  xor=0x000a8  popcnt=3
FAULT R=54304 -> T=54432  offset=+128  xor=0x00080  popcnt=1
FAULT R=54304 -> T=54436  offset=+132  xor=0x00084  popcnt=2
FAULT R=54304 -> T=54440  offset=+136  xor=0x00088  popcnt=2
FAULT R=54304 -> T=54444  offset=+140  xor=0x0008c  popcnt=3
FAULT R=54306 -> T=54274  offset=-32  xor=0x00020  popcnt=1
FAULT R=54306 -> T=54276  offset=-30  xor=0x00026  popcnt=3
FAULT R=54306 -> T=54282  offset=-24  xor=0x00028  popcnt=2
FAULT R=54306 -> T=54284  offset=-22  xor=0x0002e  popcnt=4
FAULT R=54306 -> T=54308  offset=+2  xor=0x00006  popcnt=2
FAULT R=54306 -> T=54314  offset=+8  xor=0x00008  popcnt=1
FAULT R=54306 -> T=54316  offset=+10  xor=0x0000e  popcnt=3
FAULT R=54306 -> T=54402  offset=+96  xor=0x000a0  popcnt=2
FAULT R=54306 -> T=54404  offset=+98  xor=0x000a6  popcnt=4
FAULT R=54306 -> T=54434  offset=+128  xor=0x00080  popcnt=1
FAULT R=54306 -> T=54436  offset=+130  xor=0x00086  popcnt=3
FAULT R=54306 -> T=54442  offset=+136  xor=0x00088  popcnt=2
FAULT R=54306 -> T=54444  offset=+138  xor=0x0008e  popcnt=4
FAULT R=54308 -> T=54276  offset=-32  xor=0x00020  popcnt=1
FAULT R=54308 -> T=54284  offset=-24  xor=0x00028  popcnt=2
FAULT R=54308 -> T=54316  offset=+8  xor=0x00008  popcnt=1
FAULT R=54308 -> T=54404  offset=+96  xor=0x000a0  popcnt=2
FAULT R=54308 -> T=54436  offset=+128  xor=0x00080  popcnt=1
FAULT R=54308 -> T=54444  offset=+136  xor=0x00088  popcnt=2
FAULT R=54309 -> T=54276  offset=-33  xor=0x00021  popcnt=2
FAULT R=54309 -> T=54277  offset=-32  xor=0x00020  popcnt=1
FAULT R=54309 -> T=54284  offset=-25  xor=0x00029  popcnt=3
FAULT R=54309 -> T=54285  offset=-24  xor=0x00028  popcnt=2
FAULT R=54309 -> T=54308  offset=-1  xor=0x00001  popcnt=1
FAULT R=54309 -> T=54316  offset=+7  xor=0x00009  popcnt=2
FAULT R=54309 -> T=54317  offset=+8  xor=0x00008  popcnt=1
FAULT R=54309 -> T=54404  offset=+95  xor=0x000a1  popcnt=3
FAULT R=54309 -> T=54405  offset=+96  xor=0x000a0  popcnt=2
FAULT R=54309 -> T=54413  offset=+104  xor=0x000a8  popcnt=3
FAULT R=54309 -> T=54436  offset=+127  xor=0x00081  popcnt=2
FAULT R=54309 -> T=54437  offset=+128  xor=0x00080  popcnt=1
FAULT R=54309 -> T=54444  offset=+135  xor=0x00089  popcnt=3
FAULT R=54309 -> T=54445  offset=+136  xor=0x00088  popcnt=2
FAULT R=54310 -> T=54276  offset=-34  xor=0x00022  popcnt=2
FAULT R=54310 -> T=54278  offset=-32  xor=0x00020  popcnt=1
FAULT R=54310 -> T=54284  offset=-26  xor=0x0002a  popcnt=3
FAULT R=54310 -> T=54286  offset=-24  xor=0x00028  popcnt=2
FAULT R=54310 -> T=54308  offset=-2  xor=0x00002  popcnt=1
FAULT R=54310 -> T=54316  offset=+6  xor=0x0000a  popcnt=2
FAULT R=54310 -> T=54318  offset=+8  xor=0x00008  popcnt=1
FAULT R=54310 -> T=54404  offset=+94  xor=0x000a2  popcnt=3
FAULT R=54310 -> T=54406  offset=+96  xor=0x000a0  popcnt=2
FAULT R=54310 -> T=54414  offset=+104  xor=0x000a8  popcnt=3
FAULT R=54310 -> T=54436  offset=+126  xor=0x00082  popcnt=2
FAULT R=54310 -> T=54438  offset=+128  xor=0x00080  popcnt=1
FAULT R=54310 -> T=54444  offset=+134  xor=0x0008a  popcnt=3
FAULT R=54310 -> T=54446  offset=+136  xor=0x00088  popcnt=2
FAULT R=54312 -> T=54280  offset=-32  xor=0x00020  popcnt=1
FAULT R=54312 -> T=54284  offset=-28  xor=0x00024  popcnt=2
FAULT R=54312 -> T=54316  offset=+4  xor=0x00004  popcnt=1
FAULT R=54312 -> T=54408  offset=+96  xor=0x000a0  popcnt=2
FAULT R=54312 -> T=54440  offset=+128  xor=0x00080  popcnt=1
FAULT R=54312 -> T=54444  offset=+132  xor=0x00084  popcnt=2
FAULT R=54313 -> T=54280  offset=-33  xor=0x00021  popcnt=2
FAULT R=54313 -> T=54281  offset=-32  xor=0x00020  popcnt=1
FAULT R=54313 -> T=54284  offset=-29  xor=0x00025  popcnt=3
FAULT R=54313 -> T=54285  offset=-28  xor=0x00024  popcnt=2
FAULT R=54313 -> T=54312  offset=-1  xor=0x00001  popcnt=1
FAULT R=54313 -> T=54316  offset=+3  xor=0x00005  popcnt=2
FAULT R=54313 -> T=54317  offset=+4  xor=0x00004  popcnt=1
FAULT R=54313 -> T=54408  offset=+95  xor=0x000a1  popcnt=3
FAULT R=54313 -> T=54409  offset=+96  xor=0x000a0  popcnt=2
FAULT R=54313 -> T=54413  offset=+100  xor=0x000a4  popcnt=3
FAULT R=54313 -> T=54440  offset=+127  xor=0x00081  popcnt=2
FAULT R=54313 -> T=54441  offset=+128  xor=0x00080  popcnt=1
FAULT R=54313 -> T=54444  offset=+131  xor=0x00085  popcnt=3
FAULT R=54313 -> T=54445  offset=+132  xor=0x00084  popcnt=2
FAULT R=54314 -> T=54282  offset=-32  xor=0x00020  popcnt=1
FAULT R=54314 -> T=54284  offset=-30  xor=0x00026  popcnt=3
FAULT R=54314 -> T=54316  offset=+2  xor=0x00006  popcnt=2
FAULT R=54314 -> T=54442  offset=+128  xor=0x00080  popcnt=1
FAULT R=54314 -> T=54444  offset=+130  xor=0x00086  popcnt=3
FAULT R=54315 -> T=54282  offset=-33  xor=0x00021  popcnt=2
FAULT R=54315 -> T=54283  offset=-32  xor=0x00020  popcnt=1
FAULT R=54315 -> T=54284  offset=-31  xor=0x00027  popcnt=4
FAULT R=54315 -> T=54285  offset=-30  xor=0x00026  popcnt=3
FAULT R=54315 -> T=54314  offset=-1  xor=0x00001  popcnt=1
FAULT R=54315 -> T=54316  offset=+1  xor=0x00007  popcnt=3
FAULT R=54315 -> T=54317  offset=+2  xor=0x00006  popcnt=2
FAULT R=54315 -> T=54411  offset=+96  xor=0x000a0  popcnt=2
FAULT R=54315 -> T=54413  offset=+98  xor=0x000a6  popcnt=4
FAULT R=54315 -> T=54442  offset=+127  xor=0x00081  popcnt=2
FAULT R=54315 -> T=54443  offset=+128  xor=0x00080  popcnt=1
FAULT R=54315 -> T=54444  offset=+129  xor=0x00087  popcnt=4
FAULT R=54315 -> T=54445  offset=+130  xor=0x00086  popcnt=3
FAULT R=54316 -> T=54284  offset=-32  xor=0x00020  popcnt=1
FAULT R=54316 -> T=54444  offset=+128  xor=0x00080  popcnt=1
FAULT R=54317 -> T=54284  offset=-33  xor=0x00021  popcnt=2
FAULT R=54317 -> T=54285  offset=-32  xor=0x00020  popcnt=1
FAULT R=54317 -> T=54316  offset=-1  xor=0x00001  popcnt=1
FAULT R=54317 -> T=54413  offset=+96  xor=0x000a0  popcnt=2
FAULT R=54317 -> T=54444  offset=+127  xor=0x00081  popcnt=2
FAULT R=54317 -> T=54445  offset=+128  xor=0x00080  popcnt=1
FAULT R=54318 -> T=54284  offset=-34  xor=0x00022  popcnt=2
FAULT R=54318 -> T=54286  offset=-32  xor=0x00020  popcnt=1
FAULT R=54318 -> T=54316  offset=-2  xor=0x00002  popcnt=1
FAULT R=54318 -> T=54414  offset=+96  xor=0x000a0  popcnt=2
FAULT R=54318 -> T=54444  offset=+126  xor=0x00082  popcnt=2
FAULT R=54318 -> T=54446  offset=+128  xor=0x00080  popcnt=1
FAULT R=54319 -> T=54284  offset=-35  xor=0x00023  popcnt=3
FAULT R=54319 -> T=54285  offset=-34  xor=0x00022  popcnt=2
FAULT R=54319 -> T=54286  offset=-33  xor=0x00021  popcnt=2
FAULT R=54319 -> T=54287  offset=-32  xor=0x00020  popcnt=1
FAULT R=54319 -> T=54316  offset=-3  xor=0x00003  popcnt=2
FAULT R=54319 -> T=54317  offset=-2  xor=0x00002  popcnt=1
FAULT R=54319 -> T=54318  offset=-1  xor=0x00001  popcnt=1
FAULT R=54319 -> T=54413  offset=+94  xor=0x000a2  popcnt=3
FAULT R=54319 -> T=54414  offset=+95  xor=0x000a1  popcnt=3
FAULT R=54319 -> T=54415  offset=+96  xor=0x000a0  popcnt=2
FAULT R=54319 -> T=54444  offset=+125  xor=0x00083  popcnt=3
FAULT R=54319 -> T=54445  offset=+126  xor=0x00082  popcnt=2
FAULT R=54319 -> T=54446  offset=+127  xor=0x00081  popcnt=2
FAULT R=54319 -> T=54447  offset=+128  xor=0x00080  popcnt=1
FAULT R=54320 -> T=54280  offset=-40  xor=0x00038  popcnt=3
FAULT R=54320 -> T=54284  offset=-36  xor=0x0003c  popcnt=4
FAULT R=54320 -> T=54288  offset=-32  xor=0x00020  popcnt=1
FAULT R=54320 -> T=54292  offset=-28  xor=0x00024  popcnt=2
FAULT R=54320 -> T=54312  offset=-8  xor=0x00018  popcnt=2
FAULT R=54320 -> T=54316  offset=-4  xor=0x0001c  popcnt=3
FAULT R=54320 -> T=54324  offset=+4  xor=0x00004  popcnt=1
FAULT R=54320 -> T=54408  offset=+88  xor=0x000b8  popcnt=4
FAULT R=54320 -> T=54416  offset=+96  xor=0x000a0  popcnt=2
FAULT R=54320 -> T=54440  offset=+120  xor=0x00098  popcnt=3
FAULT R=54320 -> T=54444  offset=+124  xor=0x0009c  popcnt=4
FAULT R=54320 -> T=54448  offset=+128  xor=0x00080  popcnt=1
FAULT R=54320 -> T=54452  offset=+132  xor=0x00084  popcnt=2
FAULT R=54322 -> T=54282  offset=-40  xor=0x00038  popcnt=3
FAULT R=54322 -> T=54284  offset=-38  xor=0x0003e  popcnt=5
FAULT R=54322 -> T=54290  offset=-32  xor=0x00020  popcnt=1
FAULT R=54322 -> T=54292  offset=-30  xor=0x00026  popcnt=3
FAULT R=54322 -> T=54314  offset=-8  xor=0x00018  popcnt=2
FAULT R=54322 -> T=54316  offset=-6  xor=0x0001e  popcnt=4
FAULT R=54322 -> T=54324  offset=+2  xor=0x00006  popcnt=2
FAULT R=54322 -> T=54442  offset=+120  xor=0x00098  popcnt=3
FAULT R=54322 -> T=54444  offset=+122  xor=0x0009e  popcnt=5
FAULT R=54322 -> T=54450  offset=+128  xor=0x00080  popcnt=1
FAULT R=54322 -> T=54452  offset=+130  xor=0x00086  popcnt=3
FAULT R=54324 -> T=54284  offset=-40  xor=0x00038  popcnt=3
FAULT R=54324 -> T=54292  offset=-32  xor=0x00020  popcnt=1
FAULT R=54324 -> T=54316  offset=-8  xor=0x00018  popcnt=2
FAULT R=54324 -> T=54444  offset=+120  xor=0x00098  popcnt=3
FAULT R=54324 -> T=54452  offset=+128  xor=0x00080  popcnt=1
FAULT R=54325 -> T=54284  offset=-41  xor=0x00039  popcnt=4
FAULT R=54325 -> T=54285  offset=-40  xor=0x00038  popcnt=3
FAULT R=54325 -> T=54292  offset=-33  xor=0x00021  popcnt=2
FAULT R=54325 -> T=54293  offset=-32  xor=0x00020  popcnt=1
FAULT R=54325 -> T=54316  offset=-9  xor=0x00019  popcnt=3
FAULT R=54325 -> T=54317  offset=-8  xor=0x00018  popcnt=2
FAULT R=54325 -> T=54324  offset=-1  xor=0x00001  popcnt=1
FAULT R=54325 -> T=54413  offset=+88  xor=0x000b8  popcnt=4
FAULT R=54325 -> T=54421  offset=+96  xor=0x000a0  popcnt=2
FAULT R=54325 -> T=54444  offset=+119  xor=0x00099  popcnt=4
FAULT R=54325 -> T=54445  offset=+120  xor=0x00098  popcnt=3
FAULT R=54325 -> T=54452  offset=+127  xor=0x00081  popcnt=2
FAULT R=54325 -> T=54453  offset=+128  xor=0x00080  popcnt=1
FAULT R=54326 -> T=54284  offset=-42  xor=0x0003a  popcnt=4
FAULT R=54326 -> T=54286  offset=-40  xor=0x00038  popcnt=3
FAULT R=54326 -> T=54292  offset=-34  xor=0x00022  popcnt=2
FAULT R=54326 -> T=54294  offset=-32  xor=0x00020  popcnt=1
FAULT R=54326 -> T=54316  offset=-10  xor=0x0001a  popcnt=3
FAULT R=54326 -> T=54318  offset=-8  xor=0x00018  popcnt=2
FAULT R=54326 -> T=54324  offset=-2  xor=0x00002  popcnt=1
FAULT R=54326 -> T=54414  offset=+88  xor=0x000b8  popcnt=4
FAULT R=54326 -> T=54422  offset=+96  xor=0x000a0  popcnt=2
FAULT R=54326 -> T=54444  offset=+118  xor=0x0009a  popcnt=4
FAULT R=54326 -> T=54446  offset=+120  xor=0x00098  popcnt=3
FAULT R=54326 -> T=54452  offset=+126  xor=0x00082  popcnt=2
FAULT R=54326 -> T=54454  offset=+128  xor=0x00080  popcnt=1
FAULT R=54328 -> T=54280  offset=-48  xor=0x00030  popcnt=2
FAULT R=54328 -> T=54284  offset=-44  xor=0x00034  popcnt=3
FAULT R=54328 -> T=54296  offset=-32  xor=0x00020  popcnt=1
FAULT R=54328 -> T=54300  offset=-28  xor=0x00024  popcnt=2
FAULT R=54328 -> T=54312  offset=-16  xor=0x00010  popcnt=1
FAULT R=54328 -> T=54316  offset=-12  xor=0x00014  popcnt=2
FAULT R=54328 -> T=54332  offset=+4  xor=0x00004  popcnt=1
FAULT R=54328 -> T=54408  offset=+80  xor=0x000b0  popcnt=3
FAULT R=54328 -> T=54424  offset=+96  xor=0x000a0  popcnt=2
FAULT R=54328 -> T=54428  offset=+100  xor=0x000a4  popcnt=3
FAULT R=54328 -> T=54440  offset=+112  xor=0x00090  popcnt=2
FAULT R=54328 -> T=54444  offset=+116  xor=0x00094  popcnt=3
FAULT R=54328 -> T=54456  offset=+128  xor=0x00080  popcnt=1
FAULT R=54328 -> T=54460  offset=+132  xor=0x00084  popcnt=2
FAULT R=54330 -> T=54282  offset=-48  xor=0x00030  popcnt=2
FAULT R=54330 -> T=54284  offset=-46  xor=0x00036  popcnt=4
FAULT R=54330 -> T=54298  offset=-32  xor=0x00020  popcnt=1
FAULT R=54330 -> T=54300  offset=-30  xor=0x00026  popcnt=3
FAULT R=54330 -> T=54314  offset=-16  xor=0x00010  popcnt=1
FAULT R=54330 -> T=54316  offset=-14  xor=0x00016  popcnt=3
FAULT R=54330 -> T=54332  offset=+2  xor=0x00006  popcnt=2
FAULT R=54330 -> T=54426  offset=+96  xor=0x000a0  popcnt=2
FAULT R=54330 -> T=54428  offset=+98  xor=0x000a6  popcnt=4
FAULT R=54330 -> T=54442  offset=+112  xor=0x00090  popcnt=2
FAULT R=54330 -> T=54444  offset=+114  xor=0x00096  popcnt=4
FAULT R=54330 -> T=54458  offset=+128  xor=0x00080  popcnt=1
FAULT R=54330 -> T=54460  offset=+130  xor=0x00086  popcnt=3
FAULT R=54332 -> T=54284  offset=-48  xor=0x00030  popcnt=2
FAULT R=54332 -> T=54300  offset=-32  xor=0x00020  popcnt=1
FAULT R=54332 -> T=54316  offset=-16  xor=0x00010  popcnt=1
FAULT R=54332 -> T=54428  offset=+96  xor=0x000a0  popcnt=2
FAULT R=54332 -> T=54444  offset=+112  xor=0x00090  popcnt=2
FAULT R=54332 -> T=54460  offset=+128  xor=0x00080  popcnt=1
FAULT R=54333 -> T=54284  offset=-49  xor=0x00031  popcnt=3
FAULT R=54333 -> T=54285  offset=-48  xor=0x00030  popcnt=2
FAULT R=54333 -> T=54300  offset=-33  xor=0x00021  popcnt=2
FAULT R=54333 -> T=54301  offset=-32  xor=0x00020  popcnt=1
FAULT R=54333 -> T=54316  offset=-17  xor=0x00011  popcnt=2
FAULT R=54333 -> T=54317  offset=-16  xor=0x00010  popcnt=1
FAULT R=54333 -> T=54332  offset=-1  xor=0x00001  popcnt=1
FAULT R=54333 -> T=54413  offset=+80  xor=0x000b0  popcnt=3
FAULT R=54333 -> T=54428  offset=+95  xor=0x000a1  popcnt=3
FAULT R=54333 -> T=54429  offset=+96  xor=0x000a0  popcnt=2
FAULT R=54333 -> T=54444  offset=+111  xor=0x00091  popcnt=3
FAULT R=54333 -> T=54445  offset=+112  xor=0x00090  popcnt=2
FAULT R=54333 -> T=54460  offset=+127  xor=0x00081  popcnt=2
FAULT R=54333 -> T=54461  offset=+128  xor=0x00080  popcnt=1
FAULT R=54334 -> T=54284  offset=-50  xor=0x00032  popcnt=3
FAULT R=54334 -> T=54286  offset=-48  xor=0x00030  popcnt=2
FAULT R=54334 -> T=54300  offset=-34  xor=0x00022  popcnt=2
FAULT R=54334 -> T=54302  offset=-32  xor=0x00020  popcnt=1
FAULT R=54334 -> T=54316  offset=-18  xor=0x00012  popcnt=2
FAULT R=54334 -> T=54318  offset=-16  xor=0x00010  popcnt=1
FAULT R=54334 -> T=54332  offset=-2  xor=0x00002  popcnt=1
FAULT R=54334 -> T=54414  offset=+80  xor=0x000b0  popcnt=3
FAULT R=54334 -> T=54428  offset=+94  xor=0x000a2  popcnt=3
FAULT R=54334 -> T=54430  offset=+96  xor=0x000a0  popcnt=2
FAULT R=54334 -> T=54444  offset=+110  xor=0x00092  popcnt=3
FAULT R=54334 -> T=54446  offset=+112  xor=0x00090  popcnt=2
FAULT R=54334 -> T=54460  offset=+126  xor=0x00082  popcnt=2
FAULT R=54334 -> T=54462  offset=+128  xor=0x00080  popcnt=1
FAULT R=54336 -> T=54272  offset=-64  xor=0x00040  popcnt=1
FAULT R=54336 -> T=54276  offset=-60  xor=0x00044  popcnt=2
FAULT R=54336 -> T=54280  offset=-56  xor=0x00048  popcnt=2
FAULT R=54336 -> T=54284  offset=-52  xor=0x0004c  popcnt=3
FAULT R=54336 -> T=54340  offset=+4  xor=0x00004  popcnt=1
FAULT R=54336 -> T=54344  offset=+8  xor=0x00008  popcnt=1
FAULT R=54336 -> T=54348  offset=+12  xor=0x0000c  popcnt=2
FAULT R=54336 -> T=54400  offset=+64  xor=0x000c0  popcnt=2
FAULT R=54336 -> T=54404  offset=+68  xor=0x000c4  popcnt=3
FAULT R=54336 -> T=54408  offset=+72  xor=0x000c8  popcnt=3
FAULT R=54336 -> T=54464  offset=+128  xor=0x00080  popcnt=1
FAULT R=54336 -> T=54468  offset=+132  xor=0x00084  popcnt=2
FAULT R=54336 -> T=54472  offset=+136  xor=0x00088  popcnt=2
FAULT R=54336 -> T=54476  offset=+140  xor=0x0008c  popcnt=3
FAULT R=54338 -> T=54274  offset=-64  xor=0x00040  popcnt=1
FAULT R=54338 -> T=54276  offset=-62  xor=0x00046  popcnt=3
FAULT R=54338 -> T=54282  offset=-56  xor=0x00048  popcnt=2
FAULT R=54338 -> T=54284  offset=-54  xor=0x0004e  popcnt=4
FAULT R=54338 -> T=54340  offset=+2  xor=0x00006  popcnt=2
FAULT R=54338 -> T=54346  offset=+8  xor=0x00008  popcnt=1
FAULT R=54338 -> T=54348  offset=+10  xor=0x0000e  popcnt=3
FAULT R=54338 -> T=54402  offset=+64  xor=0x000c0  popcnt=2
FAULT R=54338 -> T=54404  offset=+66  xor=0x000c6  popcnt=4
FAULT R=54338 -> T=54466  offset=+128  xor=0x00080  popcnt=1
FAULT R=54338 -> T=54468  offset=+130  xor=0x00086  popcnt=3
FAULT R=54338 -> T=54474  offset=+136  xor=0x00088  popcnt=2
FAULT R=54338 -> T=54476  offset=+138  xor=0x0008e  popcnt=4
FAULT R=54340 -> T=54276  offset=-64  xor=0x00040  popcnt=1
FAULT R=54340 -> T=54284  offset=-56  xor=0x00048  popcnt=2
FAULT R=54340 -> T=54348  offset=+8  xor=0x00008  popcnt=1
FAULT R=54340 -> T=54404  offset=+64  xor=0x000c0  popcnt=2
FAULT R=54340 -> T=54468  offset=+128  xor=0x00080  popcnt=1
FAULT R=54340 -> T=54476  offset=+136  xor=0x00088  popcnt=2
FAULT R=54341 -> T=54276  offset=-65  xor=0x00041  popcnt=2
FAULT R=54341 -> T=54277  offset=-64  xor=0x00040  popcnt=1
FAULT R=54341 -> T=54284  offset=-57  xor=0x00049  popcnt=3
FAULT R=54341 -> T=54285  offset=-56  xor=0x00048  popcnt=2
FAULT R=54341 -> T=54340  offset=-1  xor=0x00001  popcnt=1
FAULT R=54341 -> T=54348  offset=+7  xor=0x00009  popcnt=2
FAULT R=54341 -> T=54349  offset=+8  xor=0x00008  popcnt=1
FAULT R=54341 -> T=54404  offset=+63  xor=0x000c1  popcnt=3
FAULT R=54341 -> T=54405  offset=+64  xor=0x000c0  popcnt=2
FAULT R=54341 -> T=54413  offset=+72  xor=0x000c8  popcnt=3
FAULT R=54341 -> T=54468  offset=+127  xor=0x00081  popcnt=2
FAULT R=54341 -> T=54469  offset=+128  xor=0x00080  popcnt=1
FAULT R=54341 -> T=54476  offset=+135  xor=0x00089  popcnt=3
FAULT R=54341 -> T=54477  offset=+136  xor=0x00088  popcnt=2
FAULT R=54342 -> T=54276  offset=-66  xor=0x00042  popcnt=2
FAULT R=54342 -> T=54278  offset=-64  xor=0x00040  popcnt=1
FAULT R=54342 -> T=54284  offset=-58  xor=0x0004a  popcnt=3
FAULT R=54342 -> T=54286  offset=-56  xor=0x00048  popcnt=2
FAULT R=54342 -> T=54340  offset=-2  xor=0x00002  popcnt=1
FAULT R=54342 -> T=54348  offset=+6  xor=0x0000a  popcnt=2
FAULT R=54342 -> T=54350  offset=+8  xor=0x00008  popcnt=1
FAULT R=54342 -> T=54404  offset=+62  xor=0x000c2  popcnt=3
FAULT R=54342 -> T=54406  offset=+64  xor=0x000c0  popcnt=2
FAULT R=54342 -> T=54414  offset=+72  xor=0x000c8  popcnt=3
FAULT R=54342 -> T=54468  offset=+126  xor=0x00082  popcnt=2
FAULT R=54342 -> T=54470  offset=+128  xor=0x00080  popcnt=1
FAULT R=54342 -> T=54476  offset=+134  xor=0x0008a  popcnt=3
FAULT R=54342 -> T=54478  offset=+136  xor=0x00088  popcnt=2
FAULT R=54344 -> T=54280  offset=-64  xor=0x00040  popcnt=1
FAULT R=54344 -> T=54284  offset=-60  xor=0x00044  popcnt=2
FAULT R=54344 -> T=54348  offset=+4  xor=0x00004  popcnt=1
FAULT R=54344 -> T=54408  offset=+64  xor=0x000c0  popcnt=2
FAULT R=54344 -> T=54472  offset=+128  xor=0x00080  popcnt=1
FAULT R=54344 -> T=54476  offset=+132  xor=0x00084  popcnt=2
FAULT R=54345 -> T=54280  offset=-65  xor=0x00041  popcnt=2
FAULT R=54345 -> T=54281  offset=-64  xor=0x00040  popcnt=1
FAULT R=54345 -> T=54284  offset=-61  xor=0x00045  popcnt=3
FAULT R=54345 -> T=54285  offset=-60  xor=0x00044  popcnt=2
FAULT R=54345 -> T=54344  offset=-1  xor=0x00001  popcnt=1
FAULT R=54345 -> T=54348  offset=+3  xor=0x00005  popcnt=2
FAULT R=54345 -> T=54349  offset=+4  xor=0x00004  popcnt=1
FAULT R=54345 -> T=54408  offset=+63  xor=0x000c1  popcnt=3
FAULT R=54345 -> T=54409  offset=+64  xor=0x000c0  popcnt=2
FAULT R=54345 -> T=54413  offset=+68  xor=0x000c4  popcnt=3
FAULT R=54345 -> T=54472  offset=+127  xor=0x00081  popcnt=2
FAULT R=54345 -> T=54473  offset=+128  xor=0x00080  popcnt=1
FAULT R=54345 -> T=54476  offset=+131  xor=0x00085  popcnt=3
FAULT R=54345 -> T=54477  offset=+132  xor=0x00084  popcnt=2
FAULT R=54346 -> T=54282  offset=-64  xor=0x00040  popcnt=1
FAULT R=54346 -> T=54284  offset=-62  xor=0x00046  popcnt=3
FAULT R=54346 -> T=54348  offset=+2  xor=0x00006  popcnt=2
FAULT R=54346 -> T=54474  offset=+128  xor=0x00080  popcnt=1
FAULT R=54346 -> T=54476  offset=+130  xor=0x00086  popcnt=3
FAULT R=54347 -> T=54282  offset=-65  xor=0x00041  popcnt=2
FAULT R=54347 -> T=54283  offset=-64  xor=0x00040  popcnt=1
FAULT R=54347 -> T=54284  offset=-63  xor=0x00047  popcnt=4
FAULT R=54347 -> T=54285  offset=-62  xor=0x00046  popcnt=3
FAULT R=54347 -> T=54346  offset=-1  xor=0x00001  popcnt=1
FAULT R=54347 -> T=54348  offset=+1  xor=0x00007  popcnt=3
FAULT R=54347 -> T=54349  offset=+2  xor=0x00006  popcnt=2
FAULT R=54347 -> T=54411  offset=+64  xor=0x000c0  popcnt=2
FAULT R=54347 -> T=54413  offset=+66  xor=0x000c6  popcnt=4
FAULT R=54347 -> T=54474  offset=+127  xor=0x00081  popcnt=2
FAULT R=54347 -> T=54475  offset=+128  xor=0x00080  popcnt=1
FAULT R=54347 -> T=54476  offset=+129  xor=0x00087  popcnt=4
FAULT R=54347 -> T=54477  offset=+130  xor=0x00086  popcnt=3
FAULT R=54348 -> T=54284  offset=-64  xor=0x00040  popcnt=1
FAULT R=54348 -> T=54476  offset=+128  xor=0x00080  popcnt=1
FAULT R=54349 -> T=54284  offset=-65  xor=0x00041  popcnt=2
FAULT R=54349 -> T=54285  offset=-64  xor=0x00040  popcnt=1
FAULT R=54349 -> T=54348  offset=-1  xor=0x00001  popcnt=1
FAULT R=54349 -> T=54413  offset=+64  xor=0x000c0  popcnt=2
FAULT R=54349 -> T=54476  offset=+127  xor=0x00081  popcnt=2
FAULT R=54349 -> T=54477  offset=+128  xor=0x00080  popcnt=1
FAULT R=54350 -> T=54284  offset=-66  xor=0x00042  popcnt=2
FAULT R=54350 -> T=54286  offset=-64  xor=0x00040  popcnt=1
FAULT R=54350 -> T=54348  offset=-2  xor=0x00002  popcnt=1
FAULT R=54350 -> T=54414  offset=+64  xor=0x000c0  popcnt=2
FAULT R=54350 -> T=54476  offset=+126  xor=0x00082  popcnt=2
FAULT R=54350 -> T=54478  offset=+128  xor=0x00080  popcnt=1
FAULT R=54351 -> T=54284  offset=-67  xor=0x00043  popcnt=3
FAULT R=54351 -> T=54285  offset=-66  xor=0x00042  popcnt=2
FAULT R=54351 -> T=54286  offset=-65  xor=0x00041  popcnt=2
FAULT R=54351 -> T=54287  offset=-64  xor=0x00040  popcnt=1
FAULT R=54351 -> T=54348  offset=-3  xor=0x00003  popcnt=2
FAULT R=54351 -> T=54349  offset=-2  xor=0x00002  popcnt=1
FAULT R=54351 -> T=54350  offset=-1  xor=0x00001  popcnt=1
FAULT R=54351 -> T=54413  offset=+62  xor=0x000c2  popcnt=3
FAULT R=54351 -> T=54414  offset=+63  xor=0x000c1  popcnt=3
FAULT R=54351 -> T=54415  offset=+64  xor=0x000c0  popcnt=2
FAULT R=54351 -> T=54476  offset=+125  xor=0x00083  popcnt=3
FAULT R=54351 -> T=54477  offset=+126  xor=0x00082  popcnt=2
FAULT R=54351 -> T=54478  offset=+127  xor=0x00081  popcnt=2
FAULT R=54351 -> T=54479  offset=+128  xor=0x00080  popcnt=1
FAULT R=54352 -> T=54280  offset=-72  xor=0x00058  popcnt=3
FAULT R=54352 -> T=54284  offset=-68  xor=0x0005c  popcnt=4
FAULT R=54352 -> T=54288  offset=-64  xor=0x00040  popcnt=1
FAULT R=54352 -> T=54292  offset=-60  xor=0x00044  popcnt=2
FAULT R=54352 -> T=54344  offset=-8  xor=0x00018  popcnt=2
FAULT R=54352 -> T=54348  offset=-4  xor=0x0001c  popcnt=3
FAULT R=54352 -> T=54356  offset=+4  xor=0x00004  popcnt=1
FAULT R=54352 -> T=54408  offset=+56  xor=0x000d8  popcnt=4
FAULT R=54352 -> T=54416  offset=+64  xor=0x000c0  popcnt=2
FAULT R=54352 -> T=54472  offset=+120  xor=0x00098  popcnt=3
FAULT R=54352 -> T=54476  offset=+124  xor=0x0009c  popcnt=4
FAULT R=54352 -> T=54480  offset=+128  xor=0x00080  popcnt=1
FAULT R=54352 -> T=54484  offset=+132  xor=0x00084  popcnt=2
FAULT R=54354 -> T=54282  offset=-72  xor=0x00058  popcnt=3
FAULT R=54354 -> T=54284  offset=-70  xor=0x0005e  popcnt=5
FAULT R=54354 -> T=54290  offset=-64  xor=0x00040  popcnt=1
FAULT R=54354 -> T=54292  offset=-62  xor=0x00046  popcnt=3
FAULT R=54354 -> T=54346  offset=-8  xor=0x00018  popcnt=2
FAULT R=54354 -> T=54348  offset=-6  xor=0x0001e  popcnt=4
FAULT R=54354 -> T=54356  offset=+2  xor=0x00006  popcnt=2
FAULT R=54354 -> T=54474  offset=+120  xor=0x00098  popcnt=3
FAULT R=54354 -> T=54476  offset=+122  xor=0x0009e  popcnt=5
FAULT R=54354 -> T=54482  offset=+128  xor=0x00080  popcnt=1
FAULT R=54354 -> T=54484  offset=+130  xor=0x00086  popcnt=3
FAULT R=54356 -> T=54284  offset=-72  xor=0x00058  popcnt=3
FAULT R=54356 -> T=54292  offset=-64  xor=0x00040  popcnt=1
FAULT R=54356 -> T=54348  offset=-8  xor=0x00018  popcnt=2
FAULT R=54356 -> T=54476  offset=+120  xor=0x00098  popcnt=3
FAULT R=54356 -> T=54484  offset=+128  xor=0x00080  popcnt=1
FAULT R=54357 -> T=54284  offset=-73  xor=0x00059  popcnt=4
FAULT R=54357 -> T=54285  offset=-72  xor=0x00058  popcnt=3
FAULT R=54357 -> T=54292  offset=-65  xor=0x00041  popcnt=2
FAULT R=54357 -> T=54293  offset=-64  xor=0x00040  popcnt=1
FAULT R=54357 -> T=54348  offset=-9  xor=0x00019  popcnt=3
FAULT R=54357 -> T=54349  offset=-8  xor=0x00018  popcnt=2
FAULT R=54357 -> T=54356  offset=-1  xor=0x00001  popcnt=1
FAULT R=54357 -> T=54413  offset=+56  xor=0x000d8  popcnt=4
FAULT R=54357 -> T=54421  offset=+64  xor=0x000c0  popcnt=2
FAULT R=54357 -> T=54476  offset=+119  xor=0x00099  popcnt=4
FAULT R=54357 -> T=54477  offset=+120  xor=0x00098  popcnt=3
FAULT R=54357 -> T=54484  offset=+127  xor=0x00081  popcnt=2
FAULT R=54357 -> T=54485  offset=+128  xor=0x00080  popcnt=1
FAULT R=54358 -> T=54284  offset=-74  xor=0x0005a  popcnt=4
FAULT R=54358 -> T=54286  offset=-72  xor=0x00058  popcnt=3
FAULT R=54358 -> T=54292  offset=-66  xor=0x00042  popcnt=2
FAULT R=54358 -> T=54294  offset=-64  xor=0x00040  popcnt=1
FAULT R=54358 -> T=54348  offset=-10  xor=0x0001a  popcnt=3
FAULT R=54358 -> T=54350  offset=-8  xor=0x00018  popcnt=2
FAULT R=54358 -> T=54356  offset=-2  xor=0x00002  popcnt=1
FAULT R=54358 -> T=54414  offset=+56  xor=0x000d8  popcnt=4
FAULT R=54358 -> T=54422  offset=+64  xor=0x000c0  popcnt=2
FAULT R=54358 -> T=54476  offset=+118  xor=0x0009a  popcnt=4
FAULT R=54358 -> T=54478  offset=+120  xor=0x00098  popcnt=3
FAULT R=54358 -> T=54484  offset=+126  xor=0x00082  popcnt=2
FAULT R=54358 -> T=54486  offset=+128  xor=0x00080  popcnt=1
FAULT R=54360 -> T=54280  offset=-80  xor=0x00050  popcnt=2
FAULT R=54360 -> T=54284  offset=-76  xor=0x00054  popcnt=3
FAULT R=54360 -> T=54296  offset=-64  xor=0x00040  popcnt=1
FAULT R=54360 -> T=54300  offset=-60  xor=0x00044  popcnt=2
FAULT R=54360 -> T=54344  offset=-16  xor=0x00010  popcnt=1
FAULT R=54360 -> T=54348  offset=-12  xor=0x00014  popcnt=2
FAULT R=54360 -> T=54364  offset=+4  xor=0x00004  popcnt=1
FAULT R=54360 -> T=54408  offset=+48  xor=0x000d0  popcnt=3
FAULT R=54360 -> T=54424  offset=+64  xor=0x000c0  popcnt=2
FAULT R=54360 -> T=54428  offset=+68  xor=0x000c4  popcnt=3
FAULT R=54360 -> T=54472  offset=+112  xor=0x00090  popcnt=2
FAULT R=54360 -> T=54476  offset=+116  xor=0x00094  popcnt=3
FAULT R=54360 -> T=54488  offset=+128  xor=0x00080  popcnt=1
FAULT R=54360 -> T=54492  offset=+132  xor=0x00084  popcnt=2
FAULT R=54362 -> T=54282  offset=-80  xor=0x00050  popcnt=2
FAULT R=54362 -> T=54284  offset=-78  xor=0x00056  popcnt=4
FAULT R=54362 -> T=54298  offset=-64  xor=0x00040  popcnt=1
FAULT R=54362 -> T=54300  offset=-62  xor=0x00046  popcnt=3
FAULT R=54362 -> T=54346  offset=-16  xor=0x00010  popcnt=1
FAULT R=54362 -> T=54348  offset=-14  xor=0x00016  popcnt=3
FAULT R=54362 -> T=54364  offset=+2  xor=0x00006  popcnt=2
FAULT R=54362 -> T=54426  offset=+64  xor=0x000c0  popcnt=2
FAULT R=54362 -> T=54428  offset=+66  xor=0x000c6  popcnt=4
FAULT R=54362 -> T=54474  offset=+112  xor=0x00090  popcnt=2
FAULT R=54362 -> T=54476  offset=+114  xor=0x00096  popcnt=4
FAULT R=54362 -> T=54490  offset=+128  xor=0x00080  popcnt=1
FAULT R=54362 -> T=54492  offset=+130  xor=0x00086  popcnt=3
FAULT R=54364 -> T=54284  offset=-80  xor=0x00050  popcnt=2
FAULT R=54364 -> T=54300  offset=-64  xor=0x00040  popcnt=1
FAULT R=54364 -> T=54348  offset=-16  xor=0x00010  popcnt=1
FAULT R=54364 -> T=54428  offset=+64  xor=0x000c0  popcnt=2
FAULT R=54364 -> T=54476  offset=+112  xor=0x00090  popcnt=2
FAULT R=54364 -> T=54492  offset=+128  xor=0x00080  popcnt=1
FAULT R=54365 -> T=54284  offset=-81  xor=0x00051  popcnt=3
FAULT R=54365 -> T=54285  offset=-80  xor=0x00050  popcnt=2
FAULT R=54365 -> T=54300  offset=-65  xor=0x00041  popcnt=2
FAULT R=54365 -> T=54301  offset=-64  xor=0x00040  popcnt=1
FAULT R=54365 -> T=54348  offset=-17  xor=0x00011  popcnt=2
FAULT R=54365 -> T=54349  offset=-16  xor=0x00010  popcnt=1
FAULT R=54365 -> T=54364  offset=-1  xor=0x00001  popcnt=1
FAULT R=54365 -> T=54413  offset=+48  xor=0x000d0  popcnt=3
FAULT R=54365 -> T=54428  offset=+63  xor=0x000c1  popcnt=3
FAULT R=54365 -> T=54429  offset=+64  xor=0x000c0  popcnt=2
FAULT R=54365 -> T=54476  offset=+111  xor=0x00091  popcnt=3
FAULT R=54365 -> T=54477  offset=+112  xor=0x00090  popcnt=2
FAULT R=54365 -> T=54492  offset=+127  xor=0x00081  popcnt=2
FAULT R=54365 -> T=54493  offset=+128  xor=0x00080  popcnt=1
FAULT R=54366 -> T=54284  offset=-82  xor=0x00052  popcnt=3
FAULT R=54366 -> T=54286  offset=-80  xor=0x00050  popcnt=2
FAULT R=54366 -> T=54300  offset=-66  xor=0x00042  popcnt=2
FAULT R=54366 -> T=54302  offset=-64  xor=0x00040  popcnt=1
FAULT R=54366 -> T=54348  offset=-18  xor=0x00012  popcnt=2
FAULT R=54366 -> T=54350  offset=-16  xor=0x00010  popcnt=1
FAULT R=54366 -> T=54364  offset=-2  xor=0x00002  popcnt=1
FAULT R=54366 -> T=54414  offset=+48  xor=0x000d0  popcnt=3
FAULT R=54366 -> T=54428  offset=+62  xor=0x000c2  popcnt=3
FAULT R=54366 -> T=54430  offset=+64  xor=0x000c0  popcnt=2
FAULT R=54366 -> T=54476  offset=+110  xor=0x00092  popcnt=3
FAULT R=54366 -> T=54478  offset=+112  xor=0x00090  popcnt=2
FAULT R=54366 -> T=54492  offset=+126  xor=0x00082  popcnt=2
FAULT R=54366 -> T=54494  offset=+128  xor=0x00080  popcnt=1
FAULT R=54368 -> T=54272  offset=-96  xor=0x00060  popcnt=2
FAULT R=54368 -> T=54276  offset=-92  xor=0x00064  popcnt=3
FAULT R=54368 -> T=54280  offset=-88  xor=0x00068  popcnt=3
FAULT R=54368 -> T=54284  offset=-84  xor=0x0006c  popcnt=4
FAULT R=54368 -> T=54372  offset=+4  xor=0x00004  popcnt=1
FAULT R=54368 -> T=54376  offset=+8  xor=0x00008  popcnt=1
FAULT R=54368 -> T=54380  offset=+12  xor=0x0000c  popcnt=2
FAULT R=54368 -> T=54400  offset=+32  xor=0x000e0  popcnt=3
FAULT R=54368 -> T=54404  offset=+36  xor=0x000e4  popcnt=4
FAULT R=54368 -> T=54408  offset=+40  xor=0x000e8  popcnt=4
FAULT R=54368 -> T=54496  offset=+128  xor=0x00080  popcnt=1
FAULT R=54368 -> T=54500  offset=+132  xor=0x00084  popcnt=2
FAULT R=54368 -> T=54504  offset=+136  xor=0x00088  popcnt=2
FAULT R=54370 -> T=54274  offset=-96  xor=0x00060  popcnt=2
FAULT R=54370 -> T=54276  offset=-94  xor=0x00066  popcnt=4
FAULT R=54370 -> T=54282  offset=-88  xor=0x00068  popcnt=3
FAULT R=54370 -> T=54284  offset=-86  xor=0x0006e  popcnt=5
FAULT R=54370 -> T=54372  offset=+2  xor=0x00006  popcnt=2
FAULT R=54370 -> T=54378  offset=+8  xor=0x00008  popcnt=1
FAULT R=54370 -> T=54380  offset=+10  xor=0x0000e  popcnt=3
FAULT R=54370 -> T=54402  offset=+32  xor=0x000e0  popcnt=3
FAULT R=54370 -> T=54404  offset=+34  xor=0x000e6  popcnt=5
FAULT R=54370 -> T=54498  offset=+128  xor=0x00080  popcnt=1
FAULT R=54370 -> T=54500  offset=+130  xor=0x00086  popcnt=3
FAULT R=54372 -> T=54276  offset=-96  xor=0x00060  popcnt=2
FAULT R=54372 -> T=54284  offset=-88  xor=0x00068  popcnt=3
FAULT R=54372 -> T=54380  offset=+8  xor=0x00008  popcnt=1
FAULT R=54372 -> T=54404  offset=+32  xor=0x000e0  popcnt=3
FAULT R=54372 -> T=54500  offset=+128  xor=0x00080  popcnt=1
FAULT R=54373 -> T=54276  offset=-97  xor=0x00061  popcnt=3
FAULT R=54373 -> T=54277  offset=-96  xor=0x00060  popcnt=2
FAULT R=54373 -> T=54284  offset=-89  xor=0x00069  popcnt=4
FAULT R=54373 -> T=54285  offset=-88  xor=0x00068  popcnt=3
FAULT R=54373 -> T=54372  offset=-1  xor=0x00001  popcnt=1
FAULT R=54373 -> T=54380  offset=+7  xor=0x00009  popcnt=2
FAULT R=54373 -> T=54381  offset=+8  xor=0x00008  popcnt=1
FAULT R=54373 -> T=54404  offset=+31  xor=0x000e1  popcnt=4
FAULT R=54373 -> T=54405  offset=+32  xor=0x000e0  popcnt=3
FAULT R=54373 -> T=54413  offset=+40  xor=0x000e8  popcnt=4
FAULT R=54373 -> T=54500  offset=+127  xor=0x00081  popcnt=2
FAULT R=54373 -> T=54501  offset=+128  xor=0x00080  popcnt=1
FAULT R=54373 -> T=54509  offset=+136  xor=0x00088  popcnt=2
FAULT R=54374 -> T=54276  offset=-98  xor=0x00062  popcnt=3
FAULT R=54374 -> T=54278  offset=-96  xor=0x00060  popcnt=2
FAULT R=54374 -> T=54284  offset=-90  xor=0x0006a  popcnt=4
FAULT R=54374 -> T=54286  offset=-88  xor=0x00068  popcnt=3
FAULT R=54374 -> T=54372  offset=-2  xor=0x00002  popcnt=1
FAULT R=54374 -> T=54380  offset=+6  xor=0x0000a  popcnt=2
FAULT R=54374 -> T=54382  offset=+8  xor=0x00008  popcnt=1
FAULT R=54374 -> T=54404  offset=+30  xor=0x000e2  popcnt=4
FAULT R=54374 -> T=54406  offset=+32  xor=0x000e0  popcnt=3
FAULT R=54374 -> T=54414  offset=+40  xor=0x000e8  popcnt=4
FAULT R=54374 -> T=54500  offset=+126  xor=0x00082  popcnt=2
FAULT R=54374 -> T=54502  offset=+128  xor=0x00080  popcnt=1
FAULT R=54374 -> T=54510  offset=+136  xor=0x00088  popcnt=2
FAULT R=54376 -> T=54280  offset=-96  xor=0x00060  popcnt=2
FAULT R=54376 -> T=54284  offset=-92  xor=0x00064  popcnt=3
FAULT R=54376 -> T=54380  offset=+4  xor=0x00004  popcnt=1
FAULT R=54376 -> T=54408  offset=+32  xor=0x000e0  popcnt=3
FAULT R=54376 -> T=54504  offset=+128  xor=0x00080  popcnt=1
FAULT R=54377 -> T=54280  offset=-97  xor=0x00061  popcnt=3
FAULT R=54377 -> T=54281  offset=-96  xor=0x00060  popcnt=2
FAULT R=54377 -> T=54284  offset=-93  xor=0x00065  popcnt=4
FAULT R=54377 -> T=54285  offset=-92  xor=0x00064  popcnt=3
FAULT R=54377 -> T=54376  offset=-1  xor=0x00001  popcnt=1
FAULT R=54377 -> T=54380  offset=+3  xor=0x00005  popcnt=2
FAULT R=54377 -> T=54381  offset=+4  xor=0x00004  popcnt=1
FAULT R=54377 -> T=54408  offset=+31  xor=0x000e1  popcnt=4
FAULT R=54377 -> T=54409  offset=+32  xor=0x000e0  popcnt=3
FAULT R=54377 -> T=54413  offset=+36  xor=0x000e4  popcnt=4
FAULT R=54377 -> T=54504  offset=+127  xor=0x00081  popcnt=2
FAULT R=54377 -> T=54505  offset=+128  xor=0x00080  popcnt=1
FAULT R=54377 -> T=54509  offset=+132  xor=0x00084  popcnt=2
FAULT R=54378 -> T=54282  offset=-96  xor=0x00060  popcnt=2
FAULT R=54378 -> T=54284  offset=-94  xor=0x00066  popcnt=4
FAULT R=54378 -> T=54380  offset=+2  xor=0x00006  popcnt=2
FAULT R=54379 -> T=54282  offset=-97  xor=0x00061  popcnt=3
FAULT R=54379 -> T=54283  offset=-96  xor=0x00060  popcnt=2
FAULT R=54379 -> T=54284  offset=-95  xor=0x00067  popcnt=5
FAULT R=54379 -> T=54285  offset=-94  xor=0x00066  popcnt=4
FAULT R=54379 -> T=54378  offset=-1  xor=0x00001  popcnt=1
FAULT R=54379 -> T=54380  offset=+1  xor=0x00007  popcnt=3
FAULT R=54379 -> T=54381  offset=+2  xor=0x00006  popcnt=2
FAULT R=54379 -> T=54411  offset=+32  xor=0x000e0  popcnt=3
FAULT R=54379 -> T=54413  offset=+34  xor=0x000e6  popcnt=5
FAULT R=54379 -> T=54507  offset=+128  xor=0x00080  popcnt=1
FAULT R=54379 -> T=54509  offset=+130  xor=0x00086  popcnt=3
FAULT R=54380 -> T=54284  offset=-96  xor=0x00060  popcnt=2
FAULT R=54381 -> T=54284  offset=-97  xor=0x00061  popcnt=3
FAULT R=54381 -> T=54285  offset=-96  xor=0x00060  popcnt=2
FAULT R=54381 -> T=54380  offset=-1  xor=0x00001  popcnt=1
FAULT R=54381 -> T=54413  offset=+32  xor=0x000e0  popcnt=3
FAULT R=54381 -> T=54509  offset=+128  xor=0x00080  popcnt=1
FAULT R=54382 -> T=54284  offset=-98  xor=0x00062  popcnt=3
FAULT R=54382 -> T=54286  offset=-96  xor=0x00060  popcnt=2
FAULT R=54382 -> T=54380  offset=-2  xor=0x00002  popcnt=1
FAULT R=54382 -> T=54414  offset=+32  xor=0x000e0  popcnt=3
FAULT R=54382 -> T=54510  offset=+128  xor=0x00080  popcnt=1
FAULT R=54383 -> T=54284  offset=-99  xor=0x00063  popcnt=4
FAULT R=54383 -> T=54285  offset=-98  xor=0x00062  popcnt=3
FAULT R=54383 -> T=54286  offset=-97  xor=0x00061  popcnt=3
FAULT R=54383 -> T=54287  offset=-96  xor=0x00060  popcnt=2
FAULT R=54383 -> T=54380  offset=-3  xor=0x00003  popcnt=2
FAULT R=54383 -> T=54381  offset=-2  xor=0x00002  popcnt=1
FAULT R=54383 -> T=54382  offset=-1  xor=0x00001  popcnt=1
FAULT R=54383 -> T=54413  offset=+30  xor=0x000e2  popcnt=4
FAULT R=54383 -> T=54414  offset=+31  xor=0x000e1  popcnt=4
FAULT R=54383 -> T=54415  offset=+32  xor=0x000e0  popcnt=3
FAULT R=54383 -> T=54509  offset=+126  xor=0x00082  popcnt=2
FAULT R=54383 -> T=54510  offset=+127  xor=0x00081  popcnt=2
FAULT R=54383 -> T=54511  offset=+128  xor=0x00080  popcnt=1
FAULT R=54384 -> T=54280  offset=-104  xor=0x00078  popcnt=4
FAULT R=54384 -> T=54284  offset=-100  xor=0x0007c  popcnt=5
FAULT R=54384 -> T=54288  offset=-96  xor=0x00060  popcnt=2
FAULT R=54384 -> T=54292  offset=-92  xor=0x00064  popcnt=3
FAULT R=54384 -> T=54376  offset=-8  xor=0x00018  popcnt=2
FAULT R=54384 -> T=54380  offset=-4  xor=0x0001c  popcnt=3
FAULT R=54384 -> T=54388  offset=+4  xor=0x00004  popcnt=1
FAULT R=54384 -> T=54408  offset=+24  xor=0x000f8  popcnt=5
FAULT R=54384 -> T=54416  offset=+32  xor=0x000e0  popcnt=3
FAULT R=54384 -> T=54504  offset=+120  xor=0x00098  popcnt=3
FAULT R=54384 -> T=54512  offset=+128  xor=0x00080  popcnt=1
FAULT R=54386 -> T=54282  offset=-104  xor=0x00078  popcnt=4
FAULT R=54386 -> T=54284  offset=-102  xor=0x0007e  popcnt=6
FAULT R=54386 -> T=54290  offset=-96  xor=0x00060  popcnt=2
FAULT R=54386 -> T=54292  offset=-94  xor=0x00066  popcnt=4
FAULT R=54386 -> T=54378  offset=-8  xor=0x00018  popcnt=2
FAULT R=54386 -> T=54380  offset=-6  xor=0x0001e  popcnt=4
FAULT R=54386 -> T=54388  offset=+2  xor=0x00006  popcnt=2
FAULT R=54388 -> T=54284  offset=-104  xor=0x00078  popcnt=4
FAULT R=54388 -> T=54292  offset=-96  xor=0x00060  popcnt=2
FAULT R=54388 -> T=54380  offset=-8  xor=0x00018  popcnt=2
FAULT R=54389 -> T=54284  offset=-105  xor=0x00079  popcnt=5
FAULT R=54389 -> T=54285  offset=-104  xor=0x00078  popcnt=4
FAULT R=54389 -> T=54292  offset=-97  xor=0x00061  popcnt=3
FAULT R=54389 -> T=54293  offset=-96  xor=0x00060  popcnt=2
FAULT R=54389 -> T=54380  offset=-9  xor=0x00019  popcnt=3
FAULT R=54389 -> T=54381  offset=-8  xor=0x00018  popcnt=2
FAULT R=54389 -> T=54388  offset=-1  xor=0x00001  popcnt=1
FAULT R=54389 -> T=54413  offset=+24  xor=0x000f8  popcnt=5
FAULT R=54389 -> T=54421  offset=+32  xor=0x000e0  popcnt=3
FAULT R=54389 -> T=54509  offset=+120  xor=0x00098  popcnt=3
FAULT R=54389 -> T=54517  offset=+128  xor=0x00080  popcnt=1
FAULT R=54390 -> T=54284  offset=-106  xor=0x0007a  popcnt=5
FAULT R=54390 -> T=54286  offset=-104  xor=0x00078  popcnt=4
FAULT R=54390 -> T=54292  offset=-98  xor=0x00062  popcnt=3
FAULT R=54390 -> T=54294  offset=-96  xor=0x00060  popcnt=2
FAULT R=54390 -> T=54380  offset=-10  xor=0x0001a  popcnt=3
FAULT R=54390 -> T=54382  offset=-8  xor=0x00018  popcnt=2
FAULT R=54390 -> T=54388  offset=-2  xor=0x00002  popcnt=1
FAULT R=54390 -> T=54414  offset=+24  xor=0x000f8  popcnt=5
FAULT R=54390 -> T=54422  offset=+32  xor=0x000e0  popcnt=3
FAULT R=54390 -> T=54510  offset=+120  xor=0x00098  popcnt=3
FAULT R=54390 -> T=54518  offset=+128  xor=0x00080  popcnt=1
FAULT R=54392 -> T=54280  offset=-112  xor=0x00070  popcnt=3
FAULT R=54392 -> T=54284  offset=-108  xor=0x00074  popcnt=4
FAULT R=54392 -> T=54296  offset=-96  xor=0x00060  popcnt=2
FAULT R=54392 -> T=54300  offset=-92  xor=0x00064  popcnt=3
FAULT R=54392 -> T=54376  offset=-16  xor=0x00010  popcnt=1
FAULT R=54392 -> T=54380  offset=-12  xor=0x00014  popcnt=2
FAULT R=54392 -> T=54396  offset=+4  xor=0x00004  popcnt=1
FAULT R=54392 -> T=54408  offset=+16  xor=0x000f0  popcnt=4
FAULT R=54392 -> T=54424  offset=+32  xor=0x000e0  popcnt=3
FAULT R=54392 -> T=54428  offset=+36  xor=0x000e4  popcnt=4
FAULT R=54392 -> T=54504  offset=+112  xor=0x00090  popcnt=2
FAULT R=54392 -> T=54520  offset=+128  xor=0x00080  popcnt=1
FAULT R=54392 -> T=54524  offset=+132  xor=0x00084  popcnt=2
FAULT R=54394 -> T=54282  offset=-112  xor=0x00070  popcnt=3
FAULT R=54394 -> T=54284  offset=-110  xor=0x00076  popcnt=5
FAULT R=54394 -> T=54298  offset=-96  xor=0x00060  popcnt=2
FAULT R=54394 -> T=54300  offset=-94  xor=0x00066  popcnt=4
FAULT R=54394 -> T=54378  offset=-16  xor=0x00010  popcnt=1
FAULT R=54394 -> T=54380  offset=-14  xor=0x00016  popcnt=3
FAULT R=54394 -> T=54396  offset=+2  xor=0x00006  popcnt=2
FAULT R=54394 -> T=54426  offset=+32  xor=0x000e0  popcnt=3
FAULT R=54394 -> T=54428  offset=+34  xor=0x000e6  popcnt=5
FAULT R=54394 -> T=54522  offset=+128  xor=0x00080  popcnt=1
FAULT R=54394 -> T=54524  offset=+130  xor=0x00086  popcnt=3
FAULT R=54396 -> T=54284  offset=-112  xor=0x00070  popcnt=3
FAULT R=54396 -> T=54300  offset=-96  xor=0x00060  popcnt=2
FAULT R=54396 -> T=54380  offset=-16  xor=0x00010  popcnt=1
FAULT R=54396 -> T=54428  offset=+32  xor=0x000e0  popcnt=3
FAULT R=54396 -> T=54524  offset=+128  xor=0x00080  popcnt=1
FAULT R=54397 -> T=54284  offset=-113  xor=0x00071  popcnt=4
FAULT R=54397 -> T=54285  offset=-112  xor=0x00070  popcnt=3
FAULT R=54397 -> T=54300  offset=-97  xor=0x00061  popcnt=3
FAULT R=54397 -> T=54301  offset=-96  xor=0x00060  popcnt=2
FAULT R=54397 -> T=54380  offset=-17  xor=0x00011  popcnt=2
FAULT R=54397 -> T=54381  offset=-16  xor=0x00010  popcnt=1
FAULT R=54397 -> T=54396  offset=-1  xor=0x00001  popcnt=1
FAULT R=54397 -> T=54413  offset=+16  xor=0x000f0  popcnt=4
FAULT R=54397 -> T=54428  offset=+31  xor=0x000e1  popcnt=4
FAULT R=54397 -> T=54429  offset=+32  xor=0x000e0  popcnt=3
FAULT R=54397 -> T=54509  offset=+112  xor=0x00090  popcnt=2
FAULT R=54397 -> T=54524  offset=+127  xor=0x00081  popcnt=2
FAULT R=54397 -> T=54525  offset=+128  xor=0x00080  popcnt=1
FAULT R=54398 -> T=54284  offset=-114  xor=0x00072  popcnt=4
FAULT R=54398 -> T=54286  offset=-112  xor=0x00070  popcnt=3
FAULT R=54398 -> T=54300  offset=-98  xor=0x00062  popcnt=3
FAULT R=54398 -> T=54302  offset=-96  xor=0x00060  popcnt=2
FAULT R=54398 -> T=54380  offset=-18  xor=0x00012  popcnt=2
FAULT R=54398 -> T=54382  offset=-16  xor=0x00010  popcnt=1
FAULT R=54398 -> T=54396  offset=-2  xor=0x00002  popcnt=1
FAULT R=54398 -> T=54414  offset=+16  xor=0x000f0  popcnt=4
FAULT R=54398 -> T=54428  offset=+30  xor=0x000e2  popcnt=4
FAULT R=54398 -> T=54430  offset=+32  xor=0x000e0  popcnt=3
FAULT R=54398 -> T=54510  offset=+112  xor=0x00090  popcnt=2
FAULT R=54398 -> T=54524  offset=+126  xor=0x00082  popcnt=2
FAULT R=54398 -> T=54526  offset=+128  xor=0x00080  popcnt=1
FAULT R=54400 -> T=54404  offset=+4  xor=0x00004  popcnt=1
FAULT R=54400 -> T=54408  offset=+8  xor=0x00008  popcnt=1
FAULT R=54401 -> T=54400  offset=-1  xor=0x00001  popcnt=1
FAULT R=54401 -> T=54404  offset=+3  xor=0x00005  popcnt=2
FAULT R=54401 -> T=54405  offset=+4  xor=0x00004  popcnt=1
FAULT R=54401 -> T=54408  offset=+7  xor=0x00009  popcnt=2
FAULT R=54401 -> T=54409  offset=+8  xor=0x00008  popcnt=1
FAULT R=54401 -> T=54413  offset=+12  xor=0x0000c  popcnt=2
FAULT R=54402 -> T=54404  offset=+2  xor=0x00006  popcnt=2
FAULT R=54403 -> T=54402  offset=-1  xor=0x00001  popcnt=1
FAULT R=54403 -> T=54404  offset=+1  xor=0x00007  popcnt=3
FAULT R=54403 -> T=54405  offset=+2  xor=0x00006  popcnt=2
FAULT R=54403 -> T=54411  offset=+8  xor=0x00008  popcnt=1
FAULT R=54403 -> T=54413  offset=+10  xor=0x0000e  popcnt=3
FAULT R=54405 -> T=54404  offset=-1  xor=0x00001  popcnt=1
FAULT R=54405 -> T=54413  offset=+8  xor=0x00008  popcnt=1
FAULT R=54406 -> T=54404  offset=-2  xor=0x00002  popcnt=1
FAULT R=54406 -> T=54414  offset=+8  xor=0x00008  popcnt=1
FAULT R=54407 -> T=54404  offset=-3  xor=0x00003  popcnt=2
FAULT R=54407 -> T=54405  offset=-2  xor=0x00002  popcnt=1
FAULT R=54407 -> T=54406  offset=-1  xor=0x00001  popcnt=1
FAULT R=54407 -> T=54413  offset=+6  xor=0x0000a  popcnt=2
FAULT R=54407 -> T=54414  offset=+7  xor=0x00009  popcnt=2
FAULT R=54407 -> T=54415  offset=+8  xor=0x00008  popcnt=1
FAULT R=54409 -> T=54408  offset=-1  xor=0x00001  popcnt=1
FAULT R=54409 -> T=54413  offset=+4  xor=0x00004  popcnt=1
FAULT R=54411 -> T=54413  offset=+2  xor=0x00006  popcnt=2
FAULT R=54415 -> T=54413  offset=-2  xor=0x00002  popcnt=1
FAULT R=54415 -> T=54414  offset=-1  xor=0x00001  popcnt=1
FAULT R=54416 -> T=54408  offset=-8  xor=0x00018  popcnt=2
FAULT R=54417 -> T=54408  offset=-9  xor=0x00019  popcnt=3
FAULT R=54417 -> T=54409  offset=-8  xor=0x00018  popcnt=2
FAULT R=54417 -> T=54413  offset=-4  xor=0x0001c  popcnt=3
FAULT R=54417 -> T=54416  offset=-1  xor=0x00001  popcnt=1
FAULT R=54417 -> T=54421  offset=+4  xor=0x00004  popcnt=1
FAULT R=54419 -> T=54411  offset=-8  xor=0x00018  popcnt=2
FAULT R=54419 -> T=54413  offset=-6  xor=0x0001e  popcnt=4
FAULT R=54419 -> T=54421  offset=+2  xor=0x00006  popcnt=2
FAULT R=54421 -> T=54413  offset=-8  xor=0x00018  popcnt=2
FAULT R=54422 -> T=54414  offset=-8  xor=0x00018  popcnt=2
FAULT R=54423 -> T=54413  offset=-10  xor=0x0001a  popcnt=3
FAULT R=54423 -> T=54414  offset=-9  xor=0x00019  popcnt=3
FAULT R=54423 -> T=54415  offset=-8  xor=0x00018  popcnt=2
FAULT R=54423 -> T=54421  offset=-2  xor=0x00002  popcnt=1
FAULT R=54423 -> T=54422  offset=-1  xor=0x00001  popcnt=1
FAULT R=54424 -> T=54408  offset=-16  xor=0x00010  popcnt=1
FAULT R=54424 -> T=54428  offset=+4  xor=0x00004  popcnt=1
FAULT R=54425 -> T=54408  offset=-17  xor=0x00011  popcnt=2
FAULT R=54425 -> T=54409  offset=-16  xor=0x00010  popcnt=1
FAULT R=54425 -> T=54413  offset=-12  xor=0x00014  popcnt=2
FAULT R=54425 -> T=54424  offset=-1  xor=0x00001  popcnt=1
FAULT R=54425 -> T=54428  offset=+3  xor=0x00005  popcnt=2
FAULT R=54425 -> T=54429  offset=+4  xor=0x00004  popcnt=1
FAULT R=54426 -> T=54428  offset=+2  xor=0x00006  popcnt=2
FAULT R=54427 -> T=54411  offset=-16  xor=0x00010  popcnt=1
FAULT R=54427 -> T=54413  offset=-14  xor=0x00016  popcnt=3
FAULT R=54427 -> T=54426  offset=-1  xor=0x00001  popcnt=1
FAULT R=54427 -> T=54428  offset=+1  xor=0x00007  popcnt=3
FAULT R=54427 -> T=54429  offset=+2  xor=0x00006  popcnt=2
FAULT R=54429 -> T=54413  offset=-16  xor=0x00010  popcnt=1
FAULT R=54429 -> T=54428  offset=-1  xor=0x00001  popcnt=1
FAULT R=54430 -> T=54414  offset=-16  xor=0x00010  popcnt=1
FAULT R=54430 -> T=54428  offset=-2  xor=0x00002  popcnt=1
FAULT R=54431 -> T=54413  offset=-18  xor=0x00012  popcnt=2
FAULT R=54431 -> T=54414  offset=-17  xor=0x00011  popcnt=2
FAULT R=54431 -> T=54415  offset=-16  xor=0x00010  popcnt=1
FAULT R=54431 -> T=54428  offset=-3  xor=0x00003  popcnt=2
FAULT R=54431 -> T=54429  offset=-2  xor=0x00002  popcnt=1
FAULT R=54431 -> T=54430  offset=-1  xor=0x00001  popcnt=1
FAULT R=54432 -> T=54400  offset=-32  xor=0x00020  popcnt=1
FAULT R=54432 -> T=54404  offset=-28  xor=0x00024  popcnt=2
FAULT R=54432 -> T=54408  offset=-24  xor=0x00028  popcnt=2
FAULT R=54432 -> T=54436  offset=+4  xor=0x00004  popcnt=1
FAULT R=54432 -> T=54440  offset=+8  xor=0x00008  popcnt=1
FAULT R=54432 -> T=54444  offset=+12  xor=0x0000c  popcnt=2
FAULT R=54433 -> T=54400  offset=-33  xor=0x00021  popcnt=2
FAULT R=54433 -> T=54401  offset=-32  xor=0x00020  popcnt=1
FAULT R=54433 -> T=54404  offset=-29  xor=0x00025  popcnt=3
FAULT R=54433 -> T=54405  offset=-28  xor=0x00024  popcnt=2
FAULT R=54433 -> T=54408  offset=-25  xor=0x00029  popcnt=3
FAULT R=54433 -> T=54409  offset=-24  xor=0x00028  popcnt=2
FAULT R=54433 -> T=54413  offset=-20  xor=0x0002c  popcnt=3
FAULT R=54433 -> T=54432  offset=-1  xor=0x00001  popcnt=1
FAULT R=54433 -> T=54436  offset=+3  xor=0x00005  popcnt=2
FAULT R=54433 -> T=54437  offset=+4  xor=0x00004  popcnt=1
FAULT R=54433 -> T=54440  offset=+7  xor=0x00009  popcnt=2
FAULT R=54433 -> T=54441  offset=+8  xor=0x00008  popcnt=1
FAULT R=54433 -> T=54444  offset=+11  xor=0x0000d  popcnt=3
FAULT R=54433 -> T=54445  offset=+12  xor=0x0000c  popcnt=2
FAULT R=54434 -> T=54402  offset=-32  xor=0x00020  popcnt=1
FAULT R=54434 -> T=54404  offset=-30  xor=0x00026  popcnt=3
FAULT R=54434 -> T=54436  offset=+2  xor=0x00006  popcnt=2
FAULT R=54434 -> T=54442  offset=+8  xor=0x00008  popcnt=1
FAULT R=54434 -> T=54444  offset=+10  xor=0x0000e  popcnt=3
FAULT R=54435 -> T=54402  offset=-33  xor=0x00021  popcnt=2
FAULT R=54435 -> T=54403  offset=-32  xor=0x00020  popcnt=1
FAULT R=54435 -> T=54404  offset=-31  xor=0x00027  popcnt=4
FAULT R=54435 -> T=54405  offset=-30  xor=0x00026  popcnt=3
FAULT R=54435 -> T=54411  offset=-24  xor=0x00028  popcnt=2
FAULT R=54435 -> T=54413  offset=-22  xor=0x0002e  popcnt=4
FAULT R=54435 -> T=54434  offset=-1  xor=0x00001  popcnt=1
FAULT R=54435 -> T=54436  offset=+1  xor=0x00007  popcnt=3
FAULT R=54435 -> T=54437  offset=+2  xor=0x00006  popcnt=2
FAULT R=54435 -> T=54442  offset=+7  xor=0x00009  popcnt=2
FAULT R=54435 -> T=54443  offset=+8  xor=0x00008  popcnt=1
FAULT R=54435 -> T=54444  offset=+9  xor=0x0000f  popcnt=4
FAULT R=54435 -> T=54445  offset=+10  xor=0x0000e  popcnt=3
FAULT R=54436 -> T=54404  offset=-32  xor=0x00020  popcnt=1
FAULT R=54436 -> T=54444  offset=+8  xor=0x00008  popcnt=1
FAULT R=54437 -> T=54404  offset=-33  xor=0x00021  popcnt=2
FAULT R=54437 -> T=54405  offset=-32  xor=0x00020  popcnt=1
FAULT R=54437 -> T=54413  offset=-24  xor=0x00028  popcnt=2
FAULT R=54437 -> T=54436  offset=-1  xor=0x00001  popcnt=1
FAULT R=54437 -> T=54444  offset=+7  xor=0x00009  popcnt=2
FAULT R=54437 -> T=54445  offset=+8  xor=0x00008  popcnt=1
FAULT R=54438 -> T=54404  offset=-34  xor=0x00022  popcnt=2
FAULT R=54438 -> T=54406  offset=-32  xor=0x00020  popcnt=1
FAULT R=54438 -> T=54414  offset=-24  xor=0x00028  popcnt=2
FAULT R=54438 -> T=54436  offset=-2  xor=0x00002  popcnt=1
FAULT R=54438 -> T=54444  offset=+6  xor=0x0000a  popcnt=2
FAULT R=54438 -> T=54446  offset=+8  xor=0x00008  popcnt=1
FAULT R=54439 -> T=54404  offset=-35  xor=0x00023  popcnt=3
FAULT R=54439 -> T=54405  offset=-34  xor=0x00022  popcnt=2
FAULT R=54439 -> T=54406  offset=-33  xor=0x00021  popcnt=2
FAULT R=54439 -> T=54407  offset=-32  xor=0x00020  popcnt=1
FAULT R=54439 -> T=54413  offset=-26  xor=0x0002a  popcnt=3
FAULT R=54439 -> T=54414  offset=-25  xor=0x00029  popcnt=3
FAULT R=54439 -> T=54415  offset=-24  xor=0x00028  popcnt=2
FAULT R=54439 -> T=54436  offset=-3  xor=0x00003  popcnt=2
FAULT R=54439 -> T=54437  offset=-2  xor=0x00002  popcnt=1
FAULT R=54439 -> T=54438  offset=-1  xor=0x00001  popcnt=1
FAULT R=54439 -> T=54444  offset=+5  xor=0x0000b  popcnt=3
FAULT R=54439 -> T=54445  offset=+6  xor=0x0000a  popcnt=2
FAULT R=54439 -> T=54446  offset=+7  xor=0x00009  popcnt=2
FAULT R=54439 -> T=54447  offset=+8  xor=0x00008  popcnt=1
FAULT R=54440 -> T=54408  offset=-32  xor=0x00020  popcnt=1
FAULT R=54440 -> T=54444  offset=+4  xor=0x00004  popcnt=1
FAULT R=54441 -> T=54408  offset=-33  xor=0x00021  popcnt=2
FAULT R=54441 -> T=54409  offset=-32  xor=0x00020  popcnt=1
FAULT R=54441 -> T=54413  offset=-28  xor=0x00024  popcnt=2
FAULT R=54441 -> T=54440  offset=-1  xor=0x00001  popcnt=1
FAULT R=54441 -> T=54444  offset=+3  xor=0x00005  popcnt=2
FAULT R=54441 -> T=54445  offset=+4  xor=0x00004  popcnt=1
FAULT R=54442 -> T=54444  offset=+2  xor=0x00006  popcnt=2
FAULT R=54443 -> T=54411  offset=-32  xor=0x00020  popcnt=1
FAULT R=54443 -> T=54413  offset=-30  xor=0x00026  popcnt=3
FAULT R=54443 -> T=54442  offset=-1  xor=0x00001  popcnt=1
FAULT R=54443 -> T=54444  offset=+1  xor=0x00007  popcnt=3
FAULT R=54443 -> T=54445  offset=+2  xor=0x00006  popcnt=2
FAULT R=54445 -> T=54413  offset=-32  xor=0x00020  popcnt=1
FAULT R=54445 -> T=54444  offset=-1  xor=0x00001  popcnt=1
FAULT R=54446 -> T=54414  offset=-32  xor=0x00020  popcnt=1
FAULT R=54446 -> T=54444  offset=-2  xor=0x00002  popcnt=1
FAULT R=54447 -> T=54413  offset=-34  xor=0x00022  popcnt=2
FAULT R=54447 -> T=54414  offset=-33  xor=0x00021  popcnt=2
FAULT R=54447 -> T=54415  offset=-32  xor=0x00020  popcnt=1
FAULT R=54447 -> T=54444  offset=-3  xor=0x00003  popcnt=2
FAULT R=54447 -> T=54445  offset=-2  xor=0x00002  popcnt=1
FAULT R=54447 -> T=54446  offset=-1  xor=0x00001  popcnt=1
FAULT R=54448 -> T=54408  offset=-40  xor=0x00038  popcnt=3
FAULT R=54448 -> T=54416  offset=-32  xor=0x00020  popcnt=1
FAULT R=54448 -> T=54440  offset=-8  xor=0x00018  popcnt=2
FAULT R=54448 -> T=54444  offset=-4  xor=0x0001c  popcnt=3
FAULT R=54448 -> T=54452  offset=+4  xor=0x00004  popcnt=1
FAULT R=54449 -> T=54408  offset=-41  xor=0x00039  popcnt=4
FAULT R=54449 -> T=54409  offset=-40  xor=0x00038  popcnt=3
FAULT R=54449 -> T=54413  offset=-36  xor=0x0003c  popcnt=4
FAULT R=54449 -> T=54416  offset=-33  xor=0x00021  popcnt=2
FAULT R=54449 -> T=54417  offset=-32  xor=0x00020  popcnt=1
FAULT R=54449 -> T=54421  offset=-28  xor=0x00024  popcnt=2
FAULT R=54449 -> T=54440  offset=-9  xor=0x00019  popcnt=3
FAULT R=54449 -> T=54441  offset=-8  xor=0x00018  popcnt=2
FAULT R=54449 -> T=54444  offset=-5  xor=0x0001d  popcnt=4
FAULT R=54449 -> T=54445  offset=-4  xor=0x0001c  popcnt=3
FAULT R=54449 -> T=54448  offset=-1  xor=0x00001  popcnt=1
FAULT R=54449 -> T=54452  offset=+3  xor=0x00005  popcnt=2
FAULT R=54449 -> T=54453  offset=+4  xor=0x00004  popcnt=1
FAULT R=54450 -> T=54442  offset=-8  xor=0x00018  popcnt=2
FAULT R=54450 -> T=54444  offset=-6  xor=0x0001e  popcnt=4
FAULT R=54450 -> T=54452  offset=+2  xor=0x00006  popcnt=2
FAULT R=54451 -> T=54411  offset=-40  xor=0x00038  popcnt=3
FAULT R=54451 -> T=54413  offset=-38  xor=0x0003e  popcnt=5
FAULT R=54451 -> T=54419  offset=-32  xor=0x00020  popcnt=1
FAULT R=54451 -> T=54421  offset=-30  xor=0x00026  popcnt=3
FAULT R=54451 -> T=54442  offset=-9  xor=0x00019  popcnt=3
FAULT R=54451 -> T=54443  offset=-8  xor=0x00018  popcnt=2
FAULT R=54451 -> T=54444  offset=-7  xor=0x0001f  popcnt=5
FAULT R=54451 -> T=54445  offset=-6  xor=0x0001e  popcnt=4
FAULT R=54451 -> T=54450  offset=-1  xor=0x00001  popcnt=1
FAULT R=54451 -> T=54452  offset=+1  xor=0x00007  popcnt=3
FAULT R=54451 -> T=54453  offset=+2  xor=0x00006  popcnt=2
FAULT R=54452 -> T=54444  offset=-8  xor=0x00018  popcnt=2
FAULT R=54453 -> T=54413  offset=-40  xor=0x00038  popcnt=3
FAULT R=54453 -> T=54421  offset=-32  xor=0x00020  popcnt=1
FAULT R=54453 -> T=54444  offset=-9  xor=0x00019  popcnt=3
FAULT R=54453 -> T=54445  offset=-8  xor=0x00018  popcnt=2
FAULT R=54453 -> T=54452  offset=-1  xor=0x00001  popcnt=1
FAULT R=54454 -> T=54414  offset=-40  xor=0x00038  popcnt=3
FAULT R=54454 -> T=54422  offset=-32  xor=0x00020  popcnt=1
FAULT R=54454 -> T=54444  offset=-10  xor=0x0001a  popcnt=3
FAULT R=54454 -> T=54446  offset=-8  xor=0x00018  popcnt=2
FAULT R=54454 -> T=54452  offset=-2  xor=0x00002  popcnt=1
FAULT R=54455 -> T=54413  offset=-42  xor=0x0003a  popcnt=4
FAULT R=54455 -> T=54414  offset=-41  xor=0x00039  popcnt=4
FAULT R=54455 -> T=54415  offset=-40  xor=0x00038  popcnt=3
FAULT R=54455 -> T=54421  offset=-34  xor=0x00022  popcnt=2
FAULT R=54455 -> T=54422  offset=-33  xor=0x00021  popcnt=2
FAULT R=54455 -> T=54423  offset=-32  xor=0x00020  popcnt=1
FAULT R=54455 -> T=54444  offset=-11  xor=0x0001b  popcnt=4
FAULT R=54455 -> T=54445  offset=-10  xor=0x0001a  popcnt=3
FAULT R=54455 -> T=54446  offset=-9  xor=0x00019  popcnt=3
FAULT R=54455 -> T=54447  offset=-8  xor=0x00018  popcnt=2
FAULT R=54455 -> T=54452  offset=-3  xor=0x00003  popcnt=2
FAULT R=54455 -> T=54453  offset=-2  xor=0x00002  popcnt=1
FAULT R=54455 -> T=54454  offset=-1  xor=0x00001  popcnt=1
FAULT R=54456 -> T=54408  offset=-48  xor=0x00030  popcnt=2
FAULT R=54456 -> T=54424  offset=-32  xor=0x00020  popcnt=1
FAULT R=54456 -> T=54428  offset=-28  xor=0x00024  popcnt=2
FAULT R=54456 -> T=54440  offset=-16  xor=0x00010  popcnt=1
FAULT R=54456 -> T=54444  offset=-12  xor=0x00014  popcnt=2
FAULT R=54456 -> T=54460  offset=+4  xor=0x00004  popcnt=1
FAULT R=54457 -> T=54408  offset=-49  xor=0x00031  popcnt=3
FAULT R=54457 -> T=54409  offset=-48  xor=0x00030  popcnt=2
FAULT R=54457 -> T=54413  offset=-44  xor=0x00034  popcnt=3
FAULT R=54457 -> T=54424  offset=-33  xor=0x00021  popcnt=2
FAULT R=54457 -> T=54425  offset=-32  xor=0x00020  popcnt=1
FAULT R=54457 -> T=54428  offset=-29  xor=0x00025  popcnt=3
FAULT R=54457 -> T=54429  offset=-28  xor=0x00024  popcnt=2
FAULT R=54457 -> T=54440  offset=-17  xor=0x00011  popcnt=2
FAULT R=54457 -> T=54441  offset=-16  xor=0x00010  popcnt=1
FAULT R=54457 -> T=54444  offset=-13  xor=0x00015  popcnt=3
FAULT R=54457 -> T=54445  offset=-12  xor=0x00014  popcnt=2
FAULT R=54457 -> T=54456  offset=-1  xor=0x00001  popcnt=1
FAULT R=54457 -> T=54460  offset=+3  xor=0x00005  popcnt=2
FAULT R=54457 -> T=54461  offset=+4  xor=0x00004  popcnt=1
FAULT R=54458 -> T=54426  offset=-32  xor=0x00020  popcnt=1
FAULT R=54458 -> T=54428  offset=-30  xor=0x00026  popcnt=3
FAULT R=54458 -> T=54442  offset=-16  xor=0x00010  popcnt=1
FAULT R=54458 -> T=54444  offset=-14  xor=0x00016  popcnt=3
FAULT R=54458 -> T=54460  offset=+2  xor=0x00006  popcnt=2
FAULT R=54459 -> T=54411  offset=-48  xor=0x00030  popcnt=2
FAULT R=54459 -> T=54413  offset=-46  xor=0x00036  popcnt=4
FAULT R=54459 -> T=54426  offset=-33  xor=0x00021  popcnt=2
FAULT R=54459 -> T=54427  offset=-32  xor=0x00020  popcnt=1
FAULT R=54459 -> T=54428  offset=-31  xor=0x00027  popcnt=4
FAULT R=54459 -> T=54429  offset=-30  xor=0x00026  popcnt=3
FAULT R=54459 -> T=54442  offset=-17  xor=0x00011  popcnt=2
FAULT R=54459 -> T=54443  offset=-16  xor=0x00010  popcnt=1
FAULT R=54459 -> T=54444  offset=-15  xor=0x00017  popcnt=4
FAULT R=54459 -> T=54445  offset=-14  xor=0x00016  popcnt=3
FAULT R=54459 -> T=54458  offset=-1  xor=0x00001  popcnt=1
FAULT R=54459 -> T=54460  offset=+1  xor=0x00007  popcnt=3
FAULT R=54459 -> T=54461  offset=+2  xor=0x00006  popcnt=2
FAULT R=54460 -> T=54428  offset=-32  xor=0x00020  popcnt=1
FAULT R=54460 -> T=54444  offset=-16  xor=0x00010  popcnt=1
FAULT R=54461 -> T=54413  offset=-48  xor=0x00030  popcnt=2
FAULT R=54461 -> T=54428  offset=-33  xor=0x00021  popcnt=2
FAULT R=54461 -> T=54429  offset=-32  xor=0x00020  popcnt=1
FAULT R=54461 -> T=54444  offset=-17  xor=0x00011  popcnt=2
FAULT R=54461 -> T=54445  offset=-16  xor=0x00010  popcnt=1
FAULT R=54461 -> T=54460  offset=-1  xor=0x00001  popcnt=1
FAULT R=54462 -> T=54414  offset=-48  xor=0x00030  popcnt=2
FAULT R=54462 -> T=54428  offset=-34  xor=0x00022  popcnt=2
FAULT R=54462 -> T=54430  offset=-32  xor=0x00020  popcnt=1
FAULT R=54462 -> T=54444  offset=-18  xor=0x00012  popcnt=2
FAULT R=54462 -> T=54446  offset=-16  xor=0x00010  popcnt=1
FAULT R=54462 -> T=54460  offset=-2  xor=0x00002  popcnt=1
FAULT R=54463 -> T=54413  offset=-50  xor=0x00032  popcnt=3
FAULT R=54463 -> T=54414  offset=-49  xor=0x00031  popcnt=3
FAULT R=54463 -> T=54415  offset=-48  xor=0x00030  popcnt=2
FAULT R=54463 -> T=54428  offset=-35  xor=0x00023  popcnt=3
FAULT R=54463 -> T=54429  offset=-34  xor=0x00022  popcnt=2
FAULT R=54463 -> T=54430  offset=-33  xor=0x00021  popcnt=2
FAULT R=54463 -> T=54431  offset=-32  xor=0x00020  popcnt=1
FAULT R=54463 -> T=54444  offset=-19  xor=0x00013  popcnt=3
FAULT R=54463 -> T=54445  offset=-18  xor=0x00012  popcnt=2
FAULT R=54463 -> T=54446  offset=-17  xor=0x00011  popcnt=2
FAULT R=54463 -> T=54447  offset=-16  xor=0x00010  popcnt=1
FAULT R=54463 -> T=54460  offset=-3  xor=0x00003  popcnt=2
FAULT R=54463 -> T=54461  offset=-2  xor=0x00002  popcnt=1
FAULT R=54463 -> T=54462  offset=-1  xor=0x00001  popcnt=1
FAULT R=54464 -> T=54400  offset=-64  xor=0x00040  popcnt=1
FAULT R=54464 -> T=54404  offset=-60  xor=0x00044  popcnt=2
FAULT R=54464 -> T=54408  offset=-56  xor=0x00048  popcnt=2
FAULT R=54464 -> T=54468  offset=+4  xor=0x00004  popcnt=1
FAULT R=54464 -> T=54472  offset=+8  xor=0x00008  popcnt=1
FAULT R=54464 -> T=54476  offset=+12  xor=0x0000c  popcnt=2
FAULT R=54465 -> T=54400  offset=-65  xor=0x00041  popcnt=2
FAULT R=54465 -> T=54401  offset=-64  xor=0x00040  popcnt=1
FAULT R=54465 -> T=54404  offset=-61  xor=0x00045  popcnt=3
FAULT R=54465 -> T=54405  offset=-60  xor=0x00044  popcnt=2
FAULT R=54465 -> T=54408  offset=-57  xor=0x00049  popcnt=3
FAULT R=54465 -> T=54409  offset=-56  xor=0x00048  popcnt=2
FAULT R=54465 -> T=54413  offset=-52  xor=0x0004c  popcnt=3
FAULT R=54465 -> T=54464  offset=-1  xor=0x00001  popcnt=1
FAULT R=54465 -> T=54468  offset=+3  xor=0x00005  popcnt=2
FAULT R=54465 -> T=54469  offset=+4  xor=0x00004  popcnt=1
FAULT R=54465 -> T=54472  offset=+7  xor=0x00009  popcnt=2
FAULT R=54465 -> T=54473  offset=+8  xor=0x00008  popcnt=1
FAULT R=54465 -> T=54476  offset=+11  xor=0x0000d  popcnt=3
FAULT R=54465 -> T=54477  offset=+12  xor=0x0000c  popcnt=2
FAULT R=54466 -> T=54402  offset=-64  xor=0x00040  popcnt=1
FAULT R=54466 -> T=54404  offset=-62  xor=0x00046  popcnt=3
FAULT R=54466 -> T=54468  offset=+2  xor=0x00006  popcnt=2
FAULT R=54466 -> T=54474  offset=+8  xor=0x00008  popcnt=1
FAULT R=54466 -> T=54476  offset=+10  xor=0x0000e  popcnt=3
FAULT R=54467 -> T=54402  offset=-65  xor=0x00041  popcnt=2
FAULT R=54467 -> T=54403  offset=-64  xor=0x00040  popcnt=1
FAULT R=54467 -> T=54404  offset=-63  xor=0x00047  popcnt=4
FAULT R=54467 -> T=54405  offset=-62  xor=0x00046  popcnt=3
FAULT R=54467 -> T=54411  offset=-56  xor=0x00048  popcnt=2
FAULT R=54467 -> T=54413  offset=-54  xor=0x0004e  popcnt=4
FAULT R=54467 -> T=54466  offset=-1  xor=0x00001  popcnt=1
FAULT R=54467 -> T=54468  offset=+1  xor=0x00007  popcnt=3
FAULT R=54467 -> T=54469  offset=+2  xor=0x00006  popcnt=2
FAULT R=54467 -> T=54474  offset=+7  xor=0x00009  popcnt=2
FAULT R=54467 -> T=54475  offset=+8  xor=0x00008  popcnt=1
FAULT R=54467 -> T=54476  offset=+9  xor=0x0000f  popcnt=4
FAULT R=54467 -> T=54477  offset=+10  xor=0x0000e  popcnt=3
FAULT R=54468 -> T=54404  offset=-64  xor=0x00040  popcnt=1
FAULT R=54468 -> T=54476  offset=+8  xor=0x00008  popcnt=1
FAULT R=54469 -> T=54404  offset=-65  xor=0x00041  popcnt=2
FAULT R=54469 -> T=54405  offset=-64  xor=0x00040  popcnt=1
FAULT R=54469 -> T=54413  offset=-56  xor=0x00048  popcnt=2
FAULT R=54469 -> T=54468  offset=-1  xor=0x00001  popcnt=1
FAULT R=54469 -> T=54476  offset=+7  xor=0x00009  popcnt=2
FAULT R=54469 -> T=54477  offset=+8  xor=0x00008  popcnt=1
FAULT R=54470 -> T=54404  offset=-66  xor=0x00042  popcnt=2
FAULT R=54470 -> T=54406  offset=-64  xor=0x00040  popcnt=1
FAULT R=54470 -> T=54414  offset=-56  xor=0x00048  popcnt=2
FAULT R=54470 -> T=54468  offset=-2  xor=0x00002  popcnt=1
FAULT R=54470 -> T=54476  offset=+6  xor=0x0000a  popcnt=2
FAULT R=54470 -> T=54478  offset=+8  xor=0x00008  popcnt=1
FAULT R=54471 -> T=54404  offset=-67  xor=0x00043  popcnt=3
FAULT R=54471 -> T=54405  offset=-66  xor=0x00042  popcnt=2
FAULT R=54471 -> T=54406  offset=-65  xor=0x00041  popcnt=2
FAULT R=54471 -> T=54407  offset=-64  xor=0x00040  popcnt=1
FAULT R=54471 -> T=54413  offset=-58  xor=0x0004a  popcnt=3
FAULT R=54471 -> T=54414  offset=-57  xor=0x00049  popcnt=3
FAULT R=54471 -> T=54415  offset=-56  xor=0x00048  popcnt=2
FAULT R=54471 -> T=54468  offset=-3  xor=0x00003  popcnt=2
FAULT R=54471 -> T=54469  offset=-2  xor=0x00002  popcnt=1
FAULT R=54471 -> T=54470  offset=-1  xor=0x00001  popcnt=1
FAULT R=54471 -> T=54476  offset=+5  xor=0x0000b  popcnt=3
FAULT R=54471 -> T=54477  offset=+6  xor=0x0000a  popcnt=2
FAULT R=54471 -> T=54478  offset=+7  xor=0x00009  popcnt=2
FAULT R=54471 -> T=54479  offset=+8  xor=0x00008  popcnt=1
FAULT R=54472 -> T=54408  offset=-64  xor=0x00040  popcnt=1
FAULT R=54472 -> T=54476  offset=+4  xor=0x00004  popcnt=1
FAULT R=54473 -> T=54408  offset=-65  xor=0x00041  popcnt=2
FAULT R=54473 -> T=54409  offset=-64  xor=0x00040  popcnt=1
FAULT R=54473 -> T=54413  offset=-60  xor=0x00044  popcnt=2
FAULT R=54473 -> T=54472  offset=-1  xor=0x00001  popcnt=1
FAULT R=54473 -> T=54476  offset=+3  xor=0x00005  popcnt=2
FAULT R=54473 -> T=54477  offset=+4  xor=0x00004  popcnt=1
FAULT R=54474 -> T=54476  offset=+2  xor=0x00006  popcnt=2
FAULT R=54475 -> T=54411  offset=-64  xor=0x00040  popcnt=1
FAULT R=54475 -> T=54413  offset=-62  xor=0x00046  popcnt=3
FAULT R=54475 -> T=54474  offset=-1  xor=0x00001  popcnt=1
FAULT R=54475 -> T=54476  offset=+1  xor=0x00007  popcnt=3
FAULT R=54475 -> T=54477  offset=+2  xor=0x00006  popcnt=2
FAULT R=54477 -> T=54413  offset=-64  xor=0x00040  popcnt=1
FAULT R=54477 -> T=54476  offset=-1  xor=0x00001  popcnt=1
FAULT R=54478 -> T=54414  offset=-64  xor=0x00040  popcnt=1
FAULT R=54478 -> T=54476  offset=-2  xor=0x00002  popcnt=1
FAULT R=54479 -> T=54413  offset=-66  xor=0x00042  popcnt=2
FAULT R=54479 -> T=54414  offset=-65  xor=0x00041  popcnt=2
FAULT R=54479 -> T=54415  offset=-64  xor=0x00040  popcnt=1
FAULT R=54479 -> T=54476  offset=-3  xor=0x00003  popcnt=2
FAULT R=54479 -> T=54477  offset=-2  xor=0x00002  popcnt=1
FAULT R=54479 -> T=54478  offset=-1  xor=0x00001  popcnt=1
FAULT R=54480 -> T=54408  offset=-72  xor=0x00058  popcnt=3
FAULT R=54480 -> T=54416  offset=-64  xor=0x00040  popcnt=1
FAULT R=54480 -> T=54472  offset=-8  xor=0x00018  popcnt=2
FAULT R=54480 -> T=54476  offset=-4  xor=0x0001c  popcnt=3
FAULT R=54480 -> T=54484  offset=+4  xor=0x00004  popcnt=1
FAULT R=54481 -> T=54408  offset=-73  xor=0x00059  popcnt=4
FAULT R=54481 -> T=54409  offset=-72  xor=0x00058  popcnt=3
FAULT R=54481 -> T=54413  offset=-68  xor=0x0005c  popcnt=4
FAULT R=54481 -> T=54416  offset=-65  xor=0x00041  popcnt=2
FAULT R=54481 -> T=54417  offset=-64  xor=0x00040  popcnt=1
FAULT R=54481 -> T=54421  offset=-60  xor=0x00044  popcnt=2
FAULT R=54481 -> T=54472  offset=-9  xor=0x00019  popcnt=3
FAULT R=54481 -> T=54473  offset=-8  xor=0x00018  popcnt=2
FAULT R=54481 -> T=54476  offset=-5  xor=0x0001d  popcnt=4
FAULT R=54481 -> T=54477  offset=-4  xor=0x0001c  popcnt=3
FAULT R=54481 -> T=54480  offset=-1  xor=0x00001  popcnt=1
FAULT R=54481 -> T=54484  offset=+3  xor=0x00005  popcnt=2
FAULT R=54481 -> T=54485  offset=+4  xor=0x00004  popcnt=1
FAULT R=54482 -> T=54474  offset=-8  xor=0x00018  popcnt=2
FAULT R=54482 -> T=54476  offset=-6  xor=0x0001e  popcnt=4
FAULT R=54482 -> T=54484  offset=+2  xor=0x00006  popcnt=2
FAULT R=54483 -> T=54411  offset=-72  xor=0x00058  popcnt=3
FAULT R=54483 -> T=54413  offset=-70  xor=0x0005e  popcnt=5
FAULT R=54483 -> T=54419  offset=-64  xor=0x00040  popcnt=1
FAULT R=54483 -> T=54421  offset=-62  xor=0x00046  popcnt=3
FAULT R=54483 -> T=54474  offset=-9  xor=0x00019  popcnt=3
FAULT R=54483 -> T=54475  offset=-8  xor=0x00018  popcnt=2
FAULT R=54483 -> T=54476  offset=-7  xor=0x0001f  popcnt=5
FAULT R=54483 -> T=54477  offset=-6  xor=0x0001e  popcnt=4
FAULT R=54483 -> T=54482  offset=-1  xor=0x00001  popcnt=1
FAULT R=54483 -> T=54484  offset=+1  xor=0x00007  popcnt=3
FAULT R=54483 -> T=54485  offset=+2  xor=0x00006  popcnt=2
FAULT R=54484 -> T=54476  offset=-8  xor=0x00018  popcnt=2
FAULT R=54485 -> T=54413  offset=-72  xor=0x00058  popcnt=3
FAULT R=54485 -> T=54421  offset=-64  xor=0x00040  popcnt=1
FAULT R=54485 -> T=54476  offset=-9  xor=0x00019  popcnt=3
FAULT R=54485 -> T=54477  offset=-8  xor=0x00018  popcnt=2
FAULT R=54485 -> T=54484  offset=-1  xor=0x00001  popcnt=1
FAULT R=54486 -> T=54414  offset=-72  xor=0x00058  popcnt=3
FAULT R=54486 -> T=54422  offset=-64  xor=0x00040  popcnt=1
FAULT R=54486 -> T=54476  offset=-10  xor=0x0001a  popcnt=3
FAULT R=54486 -> T=54478  offset=-8  xor=0x00018  popcnt=2
FAULT R=54486 -> T=54484  offset=-2  xor=0x00002  popcnt=1
FAULT R=54487 -> T=54413  offset=-74  xor=0x0005a  popcnt=4
FAULT R=54487 -> T=54414  offset=-73  xor=0x00059  popcnt=4
FAULT R=54487 -> T=54415  offset=-72  xor=0x00058  popcnt=3
FAULT R=54487 -> T=54421  offset=-66  xor=0x00042  popcnt=2
FAULT R=54487 -> T=54422  offset=-65  xor=0x00041  popcnt=2
FAULT R=54487 -> T=54423  offset=-64  xor=0x00040  popcnt=1
FAULT R=54487 -> T=54476  offset=-11  xor=0x0001b  popcnt=4
FAULT R=54487 -> T=54477  offset=-10  xor=0x0001a  popcnt=3
FAULT R=54487 -> T=54478  offset=-9  xor=0x00019  popcnt=3
FAULT R=54487 -> T=54479  offset=-8  xor=0x00018  popcnt=2
FAULT R=54487 -> T=54484  offset=-3  xor=0x00003  popcnt=2
FAULT R=54487 -> T=54485  offset=-2  xor=0x00002  popcnt=1
FAULT R=54487 -> T=54486  offset=-1  xor=0x00001  popcnt=1
FAULT R=54488 -> T=54408  offset=-80  xor=0x00050  popcnt=2
FAULT R=54488 -> T=54424  offset=-64  xor=0x00040  popcnt=1
FAULT R=54488 -> T=54428  offset=-60  xor=0x00044  popcnt=2
FAULT R=54488 -> T=54472  offset=-16  xor=0x00010  popcnt=1
FAULT R=54488 -> T=54476  offset=-12  xor=0x00014  popcnt=2
FAULT R=54488 -> T=54492  offset=+4  xor=0x00004  popcnt=1
FAULT R=54489 -> T=54408  offset=-81  xor=0x00051  popcnt=3
FAULT R=54489 -> T=54409  offset=-80  xor=0x00050  popcnt=2
FAULT R=54489 -> T=54413  offset=-76  xor=0x00054  popcnt=3
FAULT R=54489 -> T=54424  offset=-65  xor=0x00041  popcnt=2
FAULT R=54489 -> T=54425  offset=-64  xor=0x00040  popcnt=1
FAULT R=54489 -> T=54428  offset=-61  xor=0x00045  popcnt=3
FAULT R=54489 -> T=54429  offset=-60  xor=0x00044  popcnt=2
FAULT R=54489 -> T=54472  offset=-17  xor=0x00011  popcnt=2
FAULT R=54489 -> T=54473  offset=-16  xor=0x00010  popcnt=1
FAULT R=54489 -> T=54476  offset=-13  xor=0x00015  popcnt=3
FAULT R=54489 -> T=54477  offset=-12  xor=0x00014  popcnt=2
FAULT R=54489 -> T=54488  offset=-1  xor=0x00001  popcnt=1
FAULT R=54489 -> T=54492  offset=+3  xor=0x00005  popcnt=2
FAULT R=54489 -> T=54493  offset=+4  xor=0x00004  popcnt=1
FAULT R=54490 -> T=54426  offset=-64  xor=0x00040  popcnt=1
FAULT R=54490 -> T=54428  offset=-62  xor=0x00046  popcnt=3
FAULT R=54490 -> T=54474  offset=-16  xor=0x00010  popcnt=1
FAULT R=54490 -> T=54476  offset=-14  xor=0x00016  popcnt=3
FAULT R=54490 -> T=54492  offset=+2  xor=0x00006  popcnt=2
FAULT R=54491 -> T=54411  offset=-80  xor=0x00050  popcnt=2
FAULT R=54491 -> T=54413  offset=-78  xor=0x00056  popcnt=4
FAULT R=54491 -> T=54426  offset=-65  xor=0x00041  popcnt=2
FAULT R=54491 -> T=54427  offset=-64  xor=0x00040  popcnt=1
FAULT R=54491 -> T=54428  offset=-63  xor=0x00047  popcnt=4
FAULT R=54491 -> T=54429  offset=-62  xor=0x00046  popcnt=3
FAULT R=54491 -> T=54474  offset=-17  xor=0x00011  popcnt=2
FAULT R=54491 -> T=54475  offset=-16  xor=0x00010  popcnt=1
FAULT R=54491 -> T=54476  offset=-15  xor=0x00017  popcnt=4
FAULT R=54491 -> T=54477  offset=-14  xor=0x00016  popcnt=3
FAULT R=54491 -> T=54490  offset=-1  xor=0x00001  popcnt=1
FAULT R=54491 -> T=54492  offset=+1  xor=0x00007  popcnt=3
FAULT R=54491 -> T=54493  offset=+2  xor=0x00006  popcnt=2
FAULT R=54492 -> T=54428  offset=-64  xor=0x00040  popcnt=1
FAULT R=54492 -> T=54476  offset=-16  xor=0x00010  popcnt=1
FAULT R=54493 -> T=54413  offset=-80  xor=0x00050  popcnt=2
FAULT R=54493 -> T=54428  offset=-65  xor=0x00041  popcnt=2
FAULT R=54493 -> T=54429  offset=-64  xor=0x00040  popcnt=1
FAULT R=54493 -> T=54476  offset=-17  xor=0x00011  popcnt=2
FAULT R=54493 -> T=54477  offset=-16  xor=0x00010  popcnt=1
FAULT R=54493 -> T=54492  offset=-1  xor=0x00001  popcnt=1
FAULT R=54494 -> T=54414  offset=-80  xor=0x00050  popcnt=2
FAULT R=54494 -> T=54428  offset=-66  xor=0x00042  popcnt=2
FAULT R=54494 -> T=54430  offset=-64  xor=0x00040  popcnt=1
FAULT R=54494 -> T=54476  offset=-18  xor=0x00012  popcnt=2
FAULT R=54494 -> T=54478  offset=-16  xor=0x00010  popcnt=1
FAULT R=54494 -> T=54492  offset=-2  xor=0x00002  popcnt=1
FAULT R=54495 -> T=54413  offset=-82  xor=0x00052  popcnt=3
FAULT R=54495 -> T=54414  offset=-81  xor=0x00051  popcnt=3
FAULT R=54495 -> T=54415  offset=-80  xor=0x00050  popcnt=2
FAULT R=54495 -> T=54428  offset=-67  xor=0x00043  popcnt=3
FAULT R=54495 -> T=54429  offset=-66  xor=0x00042  popcnt=2
FAULT R=54495 -> T=54430  offset=-65  xor=0x00041  popcnt=2
FAULT R=54495 -> T=54431  offset=-64  xor=0x00040  popcnt=1
FAULT R=54495 -> T=54476  offset=-19  xor=0x00013  popcnt=3
FAULT R=54495 -> T=54477  offset=-18  xor=0x00012  popcnt=2
FAULT R=54495 -> T=54478  offset=-17  xor=0x00011  popcnt=2
FAULT R=54495 -> T=54479  offset=-16  xor=0x00010  popcnt=1
FAULT R=54495 -> T=54492  offset=-3  xor=0x00003  popcnt=2
FAULT R=54495 -> T=54493  offset=-2  xor=0x00002  popcnt=1
FAULT R=54495 -> T=54494  offset=-1  xor=0x00001  popcnt=1
FAULT R=54496 -> T=54400  offset=-96  xor=0x00060  popcnt=2
FAULT R=54496 -> T=54404  offset=-92  xor=0x00064  popcnt=3
FAULT R=54496 -> T=54408  offset=-88  xor=0x00068  popcnt=3
FAULT R=54496 -> T=54500  offset=+4  xor=0x00004  popcnt=1
FAULT R=54496 -> T=54504  offset=+8  xor=0x00008  popcnt=1
FAULT R=54497 -> T=54400  offset=-97  xor=0x00061  popcnt=3
FAULT R=54497 -> T=54401  offset=-96  xor=0x00060  popcnt=2
FAULT R=54497 -> T=54404  offset=-93  xor=0x00065  popcnt=4
FAULT R=54497 -> T=54405  offset=-92  xor=0x00064  popcnt=3
FAULT R=54497 -> T=54408  offset=-89  xor=0x00069  popcnt=4
FAULT R=54497 -> T=54409  offset=-88  xor=0x00068  popcnt=3
FAULT R=54497 -> T=54413  offset=-84  xor=0x0006c  popcnt=4
FAULT R=54497 -> T=54496  offset=-1  xor=0x00001  popcnt=1
FAULT R=54497 -> T=54500  offset=+3  xor=0x00005  popcnt=2
FAULT R=54497 -> T=54501  offset=+4  xor=0x00004  popcnt=1
FAULT R=54497 -> T=54504  offset=+7  xor=0x00009  popcnt=2
FAULT R=54497 -> T=54505  offset=+8  xor=0x00008  popcnt=1
FAULT R=54497 -> T=54509  offset=+12  xor=0x0000c  popcnt=2
FAULT R=54498 -> T=54402  offset=-96  xor=0x00060  popcnt=2
FAULT R=54498 -> T=54404  offset=-94  xor=0x00066  popcnt=4
FAULT R=54498 -> T=54500  offset=+2  xor=0x00006  popcnt=2
FAULT R=54499 -> T=54402  offset=-97  xor=0x00061  popcnt=3
FAULT R=54499 -> T=54403  offset=-96  xor=0x00060  popcnt=2
FAULT R=54499 -> T=54404  offset=-95  xor=0x00067  popcnt=5
FAULT R=54499 -> T=54405  offset=-94  xor=0x00066  popcnt=4
FAULT R=54499 -> T=54411  offset=-88  xor=0x00068  popcnt=3
FAULT R=54499 -> T=54413  offset=-86  xor=0x0006e  popcnt=5
FAULT R=54499 -> T=54498  offset=-1  xor=0x00001  popcnt=1
FAULT R=54499 -> T=54500  offset=+1  xor=0x00007  popcnt=3
FAULT R=54499 -> T=54501  offset=+2  xor=0x00006  popcnt=2
FAULT R=54499 -> T=54507  offset=+8  xor=0x00008  popcnt=1
FAULT R=54499 -> T=54509  offset=+10  xor=0x0000e  popcnt=3
FAULT R=54500 -> T=54404  offset=-96  xor=0x00060  popcnt=2
FAULT R=54501 -> T=54404  offset=-97  xor=0x00061  popcnt=3
FAULT R=54501 -> T=54405  offset=-96  xor=0x00060  popcnt=2
FAULT R=54501 -> T=54413  offset=-88  xor=0x00068  popcnt=3
FAULT R=54501 -> T=54500  offset=-1  xor=0x00001  popcnt=1
FAULT R=54501 -> T=54509  offset=+8  xor=0x00008  popcnt=1
FAULT R=54502 -> T=54404  offset=-98  xor=0x00062  popcnt=3
FAULT R=54502 -> T=54406  offset=-96  xor=0x00060  popcnt=2
FAULT R=54502 -> T=54414  offset=-88  xor=0x00068  popcnt=3
FAULT R=54502 -> T=54500  offset=-2  xor=0x00002  popcnt=1
FAULT R=54502 -> T=54510  offset=+8  xor=0x00008  popcnt=1
FAULT R=54503 -> T=54404  offset=-99  xor=0x00063  popcnt=4
FAULT R=54503 -> T=54405  offset=-98  xor=0x00062  popcnt=3
FAULT R=54503 -> T=54406  offset=-97  xor=0x00061  popcnt=3
FAULT R=54503 -> T=54407  offset=-96  xor=0x00060  popcnt=2
FAULT R=54503 -> T=54413  offset=-90  xor=0x0006a  popcnt=4
FAULT R=54503 -> T=54414  offset=-89  xor=0x00069  popcnt=4
FAULT R=54503 -> T=54415  offset=-88  xor=0x00068  popcnt=3
FAULT R=54503 -> T=54500  offset=-3  xor=0x00003  popcnt=2
FAULT R=54503 -> T=54501  offset=-2  xor=0x00002  popcnt=1
FAULT R=54503 -> T=54502  offset=-1  xor=0x00001  popcnt=1
FAULT R=54503 -> T=54509  offset=+6  xor=0x0000a  popcnt=2
FAULT R=54503 -> T=54510  offset=+7  xor=0x00009  popcnt=2
FAULT R=54503 -> T=54511  offset=+8  xor=0x00008  popcnt=1
FAULT R=54504 -> T=54408  offset=-96  xor=0x00060  popcnt=2
FAULT R=54505 -> T=54408  offset=-97  xor=0x00061  popcnt=3
FAULT R=54505 -> T=54409  offset=-96  xor=0x00060  popcnt=2
FAULT R=54505 -> T=54413  offset=-92  xor=0x00064  popcnt=3
FAULT R=54505 -> T=54504  offset=-1  xor=0x00001  popcnt=1
FAULT R=54505 -> T=54509  offset=+4  xor=0x00004  popcnt=1
FAULT R=54507 -> T=54411  offset=-96  xor=0x00060  popcnt=2
FAULT R=54507 -> T=54413  offset=-94  xor=0x00066  popcnt=4
FAULT R=54507 -> T=54509  offset=+2  xor=0x00006  popcnt=2
FAULT R=54509 -> T=54413  offset=-96  xor=0x00060  popcnt=2
FAULT R=54510 -> T=54414  offset=-96  xor=0x00060  popcnt=2
FAULT R=54511 -> T=54413  offset=-98  xor=0x00062  popcnt=3
FAULT R=54511 -> T=54414  offset=-97  xor=0x00061  popcnt=3
FAULT R=54511 -> T=54415  offset=-96  xor=0x00060  popcnt=2
FAULT R=54511 -> T=54509  offset=-2  xor=0x00002  popcnt=1
FAULT R=54511 -> T=54510  offset=-1  xor=0x00001  popcnt=1
FAULT R=54512 -> T=54408  offset=-104  xor=0x00078  popcnt=4
FAULT R=54512 -> T=54416  offset=-96  xor=0x00060  popcnt=2
FAULT R=54512 -> T=54504  offset=-8  xor=0x00018  popcnt=2
FAULT R=54513 -> T=54408  offset=-105  xor=0x00079  popcnt=5
FAULT R=54513 -> T=54409  offset=-104  xor=0x00078  popcnt=4
FAULT R=54513 -> T=54413  offset=-100  xor=0x0007c  popcnt=5
FAULT R=54513 -> T=54416  offset=-97  xor=0x00061  popcnt=3
FAULT R=54513 -> T=54417  offset=-96  xor=0x00060  popcnt=2
FAULT R=54513 -> T=54421  offset=-92  xor=0x00064  popcnt=3
FAULT R=54513 -> T=54504  offset=-9  xor=0x00019  popcnt=3
FAULT R=54513 -> T=54505  offset=-8  xor=0x00018  popcnt=2
FAULT R=54513 -> T=54509  offset=-4  xor=0x0001c  popcnt=3
FAULT R=54513 -> T=54512  offset=-1  xor=0x00001  popcnt=1
FAULT R=54513 -> T=54517  offset=+4  xor=0x00004  popcnt=1
FAULT R=54515 -> T=54411  offset=-104  xor=0x00078  popcnt=4
FAULT R=54515 -> T=54413  offset=-102  xor=0x0007e  popcnt=6
FAULT R=54515 -> T=54419  offset=-96  xor=0x00060  popcnt=2
FAULT R=54515 -> T=54421  offset=-94  xor=0x00066  popcnt=4
FAULT R=54515 -> T=54507  offset=-8  xor=0x00018  popcnt=2
FAULT R=54515 -> T=54509  offset=-6  xor=0x0001e  popcnt=4
FAULT R=54515 -> T=54517  offset=+2  xor=0x00006  popcnt=2
FAULT R=54517 -> T=54413  offset=-104  xor=0x00078  popcnt=4
FAULT R=54517 -> T=54421  offset=-96  xor=0x00060  popcnt=2
FAULT R=54517 -> T=54509  offset=-8  xor=0x00018  popcnt=2
FAULT R=54518 -> T=54414  offset=-104  xor=0x00078  popcnt=4
FAULT R=54518 -> T=54422  offset=-96  xor=0x00060  popcnt=2
FAULT R=54518 -> T=54510  offset=-8  xor=0x00018  popcnt=2
FAULT R=54519 -> T=54413  offset=-106  xor=0x0007a  popcnt=5
FAULT R=54519 -> T=54414  offset=-105  xor=0x00079  popcnt=5
FAULT R=54519 -> T=54415  offset=-104  xor=0x00078  popcnt=4
FAULT R=54519 -> T=54421  offset=-98  xor=0x00062  popcnt=3
FAULT R=54519 -> T=54422  offset=-97  xor=0x00061  popcnt=3
FAULT R=54519 -> T=54423  offset=-96  xor=0x00060  popcnt=2
FAULT R=54519 -> T=54509  offset=-10  xor=0x0001a  popcnt=3
FAULT R=54519 -> T=54510  offset=-9  xor=0x00019  popcnt=3
FAULT R=54519 -> T=54511  offset=-8  xor=0x00018  popcnt=2
FAULT R=54519 -> T=54517  offset=-2  xor=0x00002  popcnt=1
FAULT R=54519 -> T=54518  offset=-1  xor=0x00001  popcnt=1
FAULT R=54520 -> T=54408  offset=-112  xor=0x00070  popcnt=3
FAULT R=54520 -> T=54424  offset=-96  xor=0x00060  popcnt=2
FAULT R=54520 -> T=54428  offset=-92  xor=0x00064  popcnt=3
FAULT R=54520 -> T=54504  offset=-16  xor=0x00010  popcnt=1
FAULT R=54520 -> T=54524  offset=+4  xor=0x00004  popcnt=1
FAULT R=54521 -> T=54408  offset=-113  xor=0x00071  popcnt=4
FAULT R=54521 -> T=54409  offset=-112  xor=0x00070  popcnt=3
FAULT R=54521 -> T=54413  offset=-108  xor=0x00074  popcnt=4
FAULT R=54521 -> T=54424  offset=-97  xor=0x00061  popcnt=3
FAULT R=54521 -> T=54425  offset=-96  xor=0x00060  popcnt=2
FAULT R=54521 -> T=54428  offset=-93  xor=0x00065  popcnt=4
FAULT R=54521 -> T=54429  offset=-92  xor=0x00064  popcnt=3
FAULT R=54521 -> T=54504  offset=-17  xor=0x00011  popcnt=2
FAULT R=54521 -> T=54505  offset=-16  xor=0x00010  popcnt=1
FAULT R=54521 -> T=54509  offset=-12  xor=0x00014  popcnt=2
FAULT R=54521 -> T=54520  offset=-1  xor=0x00001  popcnt=1
FAULT R=54521 -> T=54524  offset=+3  xor=0x00005  popcnt=2
FAULT R=54521 -> T=54525  offset=+4  xor=0x00004  popcnt=1
FAULT R=54522 -> T=54426  offset=-96  xor=0x00060  popcnt=2
FAULT R=54522 -> T=54428  offset=-94  xor=0x00066  popcnt=4
FAULT R=54522 -> T=54524  offset=+2  xor=0x00006  popcnt=2
FAULT R=54523 -> T=54411  offset=-112  xor=0x00070  popcnt=3
FAULT R=54523 -> T=54413  offset=-110  xor=0x00076  popcnt=5
FAULT R=54523 -> T=54426  offset=-97  xor=0x00061  popcnt=3
FAULT R=54523 -> T=54427  offset=-96  xor=0x00060  popcnt=2
FAULT R=54523 -> T=54428  offset=-95  xor=0x00067  popcnt=5
FAULT R=54523 -> T=54429  offset=-94  xor=0x00066  popcnt=4
FAULT R=54523 -> T=54507  offset=-16  xor=0x00010  popcnt=1
FAULT R=54523 -> T=54509  offset=-14  xor=0x00016  popcnt=3
FAULT R=54523 -> T=54522  offset=-1  xor=0x00001  popcnt=1
FAULT R=54523 -> T=54524  offset=+1  xor=0x00007  popcnt=3
FAULT R=54523 -> T=54525  offset=+2  xor=0x00006  popcnt=2
FAULT R=54524 -> T=54428  offset=-96  xor=0x00060  popcnt=2
FAULT R=54525 -> T=54413  offset=-112  xor=0x00070  popcnt=3
FAULT R=54525 -> T=54428  offset=-97  xor=0x00061  popcnt=3
FAULT R=54525 -> T=54429  offset=-96  xor=0x00060  popcnt=2
FAULT R=54525 -> T=54509  offset=-16  xor=0x00010  popcnt=1
FAULT R=54525 -> T=54524  offset=-1  xor=0x00001  popcnt=1
FAULT R=54526 -> T=54414  offset=-112  xor=0x00070  popcnt=3
FAULT R=54526 -> T=54428  offset=-98  xor=0x00062  popcnt=3
FAULT R=54526 -> T=54430  offset=-96  xor=0x00060  popcnt=2
FAULT R=54526 -> T=54510  offset=-16  xor=0x00010  popcnt=1
FAULT R=54526 -> T=54524  offset=-2  xor=0x00002  popcnt=1
FAULT R=54527 -> T=54413  offset=-114  xor=0x00072  popcnt=4
FAULT R=54527 -> T=54414  offset=-113  xor=0x00071  popcnt=4
FAULT R=54527 -> T=54415  offset=-112  xor=0x00070  popcnt=3
FAULT R=54527 -> T=54428  offset=-99  xor=0x00063  popcnt=4
FAULT R=54527 -> T=54429  offset=-98  xor=0x00062  popcnt=3
FAULT R=54527 -> T=54430  offset=-97  xor=0x00061  popcnt=3
FAULT R=54527 -> T=54431  offset=-96  xor=0x00060  popcnt=2
FAULT R=54527 -> T=54509  offset=-18  xor=0x00012  popcnt=2
FAULT R=54527 -> T=54510  offset=-17  xor=0x00011  popcnt=2
FAULT R=54527 -> T=54511  offset=-16  xor=0x00010  popcnt=1
FAULT R=54527 -> T=54524  offset=-3  xor=0x00003  popcnt=2
FAULT R=54527 -> T=54525  offset=-2  xor=0x00002  popcnt=1
FAULT R=54527 -> T=54526  offset=-1  xor=0x00001  popcnt=1
FAULT R=54528 -> T=54400  offset=-128  xor=0x00180  popcnt=2
FAULT R=54528 -> T=54404  offset=-124  xor=0x00184  popcnt=3
FAULT R=54528 -> T=54408  offset=-120  xor=0x00188  popcnt=3
FAULT R=54528 -> T=54532  offset=+4  xor=0x00004  popcnt=1
FAULT R=54528 -> T=54536  offset=+8  xor=0x00008  popcnt=1
FAULT R=54528 -> T=54540  offset=+12  xor=0x0000c  popcnt=2
FAULT R=54529 -> T=54400  offset=-129  xor=0x00181  popcnt=3
FAULT R=54529 -> T=54401  offset=-128  xor=0x00180  popcnt=2
FAULT R=54529 -> T=54404  offset=-125  xor=0x00185  popcnt=4
FAULT R=54529 -> T=54405  offset=-124  xor=0x00184  popcnt=3
FAULT R=54529 -> T=54408  offset=-121  xor=0x00189  popcnt=4
FAULT R=54529 -> T=54409  offset=-120  xor=0x00188  popcnt=3
FAULT R=54529 -> T=54413  offset=-116  xor=0x0018c  popcnt=4
FAULT R=54529 -> T=54528  offset=-1  xor=0x00001  popcnt=1
FAULT R=54529 -> T=54532  offset=+3  xor=0x00005  popcnt=2
FAULT R=54529 -> T=54533  offset=+4  xor=0x00004  popcnt=1
FAULT R=54529 -> T=54536  offset=+7  xor=0x00009  popcnt=2
FAULT R=54529 -> T=54537  offset=+8  xor=0x00008  popcnt=1
FAULT R=54529 -> T=54540  offset=+11  xor=0x0000d  popcnt=3
FAULT R=54529 -> T=54541  offset=+12  xor=0x0000c  popcnt=2
FAULT R=54530 -> T=54402  offset=-128  xor=0x00180  popcnt=2
FAULT R=54530 -> T=54404  offset=-126  xor=0x00186  popcnt=4
FAULT R=54530 -> T=54532  offset=+2  xor=0x00006  popcnt=2
FAULT R=54530 -> T=54538  offset=+8  xor=0x00008  popcnt=1
FAULT R=54530 -> T=54540  offset=+10  xor=0x0000e  popcnt=3
FAULT R=54531 -> T=54402  offset=-129  xor=0x00181  popcnt=3
FAULT R=54531 -> T=54403  offset=-128  xor=0x00180  popcnt=2
FAULT R=54531 -> T=54404  offset=-127  xor=0x00187  popcnt=5
FAULT R=54531 -> T=54405  offset=-126  xor=0x00186  popcnt=4
FAULT R=54531 -> T=54411  offset=-120  xor=0x00188  popcnt=3
FAULT R=54531 -> T=54413  offset=-118  xor=0x0018e  popcnt=5
FAULT R=54531 -> T=54530  offset=-1  xor=0x00001  popcnt=1
FAULT R=54531 -> T=54532  offset=+1  xor=0x00007  popcnt=3
FAULT R=54531 -> T=54533  offset=+2  xor=0x00006  popcnt=2
FAULT R=54531 -> T=54538  offset=+7  xor=0x00009  popcnt=2
FAULT R=54531 -> T=54539  offset=+8  xor=0x00008  popcnt=1
FAULT R=54531 -> T=54540  offset=+9  xor=0x0000f  popcnt=4
FAULT R=54531 -> T=54541  offset=+10  xor=0x0000e  popcnt=3
FAULT R=54532 -> T=54404  offset=-128  xor=0x00180  popcnt=2
FAULT R=54532 -> T=54540  offset=+8  xor=0x00008  popcnt=1
FAULT R=54533 -> T=54404  offset=-129  xor=0x00181  popcnt=3
FAULT R=54533 -> T=54405  offset=-128  xor=0x00180  popcnt=2
FAULT R=54533 -> T=54413  offset=-120  xor=0x00188  popcnt=3
FAULT R=54533 -> T=54532  offset=-1  xor=0x00001  popcnt=1
FAULT R=54533 -> T=54540  offset=+7  xor=0x00009  popcnt=2
FAULT R=54533 -> T=54541  offset=+8  xor=0x00008  popcnt=1
FAULT R=54534 -> T=54404  offset=-130  xor=0x00182  popcnt=3
FAULT R=54534 -> T=54406  offset=-128  xor=0x00180  popcnt=2
FAULT R=54534 -> T=54414  offset=-120  xor=0x00188  popcnt=3
FAULT R=54534 -> T=54532  offset=-2  xor=0x00002  popcnt=1
FAULT R=54534 -> T=54540  offset=+6  xor=0x0000a  popcnt=2
FAULT R=54534 -> T=54542  offset=+8  xor=0x00008  popcnt=1
FAULT R=54535 -> T=54404  offset=-131  xor=0x00183  popcnt=4
FAULT R=54535 -> T=54405  offset=-130  xor=0x00182  popcnt=3
FAULT R=54535 -> T=54406  offset=-129  xor=0x00181  popcnt=3
FAULT R=54535 -> T=54407  offset=-128  xor=0x00180  popcnt=2
FAULT R=54535 -> T=54413  offset=-122  xor=0x0018a  popcnt=4
FAULT R=54535 -> T=54414  offset=-121  xor=0x00189  popcnt=4
FAULT R=54535 -> T=54415  offset=-120  xor=0x00188  popcnt=3
FAULT R=54535 -> T=54532  offset=-3  xor=0x00003  popcnt=2
FAULT R=54535 -> T=54533  offset=-2  xor=0x00002  popcnt=1
FAULT R=54535 -> T=54534  offset=-1  xor=0x00001  popcnt=1
FAULT R=54535 -> T=54540  offset=+5  xor=0x0000b  popcnt=3
FAULT R=54535 -> T=54541  offset=+6  xor=0x0000a  popcnt=2
FAULT R=54535 -> T=54542  offset=+7  xor=0x00009  popcnt=2
FAULT R=54535 -> T=54543  offset=+8  xor=0x00008  popcnt=1
FAULT R=54536 -> T=54408  offset=-128  xor=0x00180  popcnt=2
FAULT R=54536 -> T=54540  offset=+4  xor=0x00004  popcnt=1
FAULT R=54537 -> T=54408  offset=-129  xor=0x00181  popcnt=3
FAULT R=54537 -> T=54409  offset=-128  xor=0x00180  popcnt=2
FAULT R=54537 -> T=54413  offset=-124  xor=0x00184  popcnt=3
FAULT R=54537 -> T=54536  offset=-1  xor=0x00001  popcnt=1
FAULT R=54537 -> T=54540  offset=+3  xor=0x00005  popcnt=2
FAULT R=54537 -> T=54541  offset=+4  xor=0x00004  popcnt=1
FAULT R=54538 -> T=54540  offset=+2  xor=0x00006  popcnt=2
FAULT R=54539 -> T=54411  offset=-128  xor=0x00180  popcnt=2
FAULT R=54539 -> T=54413  offset=-126  xor=0x00186  popcnt=4
FAULT R=54539 -> T=54538  offset=-1  xor=0x00001  popcnt=1
FAULT R=54539 -> T=54540  offset=+1  xor=0x00007  popcnt=3
FAULT R=54539 -> T=54541  offset=+2  xor=0x00006  popcnt=2
FAULT R=54541 -> T=54413  offset=-128  xor=0x00180  popcnt=2
FAULT R=54541 -> T=54540  offset=-1  xor=0x00001  popcnt=1
FAULT R=54542 -> T=54414  offset=-128  xor=0x00180  popcnt=2
FAULT R=54542 -> T=54540  offset=-2  xor=0x00002  popcnt=1
FAULT R=54543 -> T=54413  offset=-130  xor=0x00182  popcnt=3
FAULT R=54543 -> T=54414  offset=-129  xor=0x00181  popcnt=3
FAULT R=54543 -> T=54415  offset=-128  xor=0x00180  popcnt=2
FAULT R=54543 -> T=54540  offset=-3  xor=0x00003  popcnt=2
FAULT R=54543 -> T=54541  offset=-2  xor=0x00002  popcnt=1
FAULT R=54543 -> T=54542  offset=-1  xor=0x00001  popcnt=1
FAULT R=54544 -> T=54408  offset=-136  xor=0x00198  popcnt=4
FAULT R=54544 -> T=54416  offset=-128  xor=0x00180  popcnt=2
FAULT R=54544 -> T=54536  offset=-8  xor=0x00018  popcnt=2
FAULT R=54544 -> T=54540  offset=-4  xor=0x0001c  popcnt=3
FAULT R=54544 -> T=54548  offset=+4  xor=0x00004  popcnt=1
FAULT R=54545 -> T=54408  offset=-137  xor=0x00199  popcnt=5
FAULT R=54545 -> T=54409  offset=-136  xor=0x00198  popcnt=4
FAULT R=54545 -> T=54413  offset=-132  xor=0x0019c  popcnt=5
FAULT R=54545 -> T=54416  offset=-129  xor=0x00181  popcnt=3
FAULT R=54545 -> T=54417  offset=-128  xor=0x00180  popcnt=2
FAULT R=54545 -> T=54421  offset=-124  xor=0x00184  popcnt=3
FAULT R=54545 -> T=54536  offset=-9  xor=0x00019  popcnt=3
FAULT R=54545 -> T=54537  offset=-8  xor=0x00018  popcnt=2
FAULT R=54545 -> T=54540  offset=-5  xor=0x0001d  popcnt=4
FAULT R=54545 -> T=54541  offset=-4  xor=0x0001c  popcnt=3
FAULT R=54545 -> T=54544  offset=-1  xor=0x00001  popcnt=1
FAULT R=54545 -> T=54548  offset=+3  xor=0x00005  popcnt=2
FAULT R=54545 -> T=54549  offset=+4  xor=0x00004  popcnt=1
FAULT R=54546 -> T=54538  offset=-8  xor=0x00018  popcnt=2
FAULT R=54546 -> T=54540  offset=-6  xor=0x0001e  popcnt=4
FAULT R=54546 -> T=54548  offset=+2  xor=0x00006  popcnt=2
FAULT R=54547 -> T=54411  offset=-136  xor=0x00198  popcnt=4
FAULT R=54547 -> T=54413  offset=-134  xor=0x0019e  popcnt=6
FAULT R=54547 -> T=54419  offset=-128  xor=0x00180  popcnt=2
FAULT R=54547 -> T=54421  offset=-126  xor=0x00186  popcnt=4
FAULT R=54547 -> T=54538  offset=-9  xor=0x00019  popcnt=3
FAULT R=54547 -> T=54539  offset=-8  xor=0x00018  popcnt=2
FAULT R=54547 -> T=54540  offset=-7  xor=0x0001f  popcnt=5
FAULT R=54547 -> T=54541  offset=-6  xor=0x0001e  popcnt=4
FAULT R=54547 -> T=54546  offset=-1  xor=0x00001  popcnt=1
FAULT R=54547 -> T=54548  offset=+1  xor=0x00007  popcnt=3
FAULT R=54547 -> T=54549  offset=+2  xor=0x00006  popcnt=2
FAULT R=54548 -> T=54540  offset=-8  xor=0x00018  popcnt=2
FAULT R=54549 -> T=54413  offset=-136  xor=0x00198  popcnt=4
FAULT R=54549 -> T=54421  offset=-128  xor=0x00180  popcnt=2
FAULT R=54549 -> T=54540  offset=-9  xor=0x00019  popcnt=3
FAULT R=54549 -> T=54541  offset=-8  xor=0x00018  popcnt=2
FAULT R=54549 -> T=54548  offset=-1  xor=0x00001  popcnt=1
FAULT R=54550 -> T=54414  offset=-136  xor=0x00198  popcnt=4
FAULT R=54550 -> T=54422  offset=-128  xor=0x00180  popcnt=2
FAULT R=54550 -> T=54540  offset=-10  xor=0x0001a  popcnt=3
FAULT R=54550 -> T=54542  offset=-8  xor=0x00018  popcnt=2
FAULT R=54550 -> T=54548  offset=-2  xor=0x00002  popcnt=1
FAULT R=54551 -> T=54413  offset=-138  xor=0x0019a  popcnt=5
FAULT R=54551 -> T=54414  offset=-137  xor=0x00199  popcnt=5
FAULT R=54551 -> T=54415  offset=-136  xor=0x00198  popcnt=4
FAULT R=54551 -> T=54421  offset=-130  xor=0x00182  popcnt=3
FAULT R=54551 -> T=54422  offset=-129  xor=0x00181  popcnt=3
FAULT R=54551 -> T=54423  offset=-128  xor=0x00180  popcnt=2
FAULT R=54551 -> T=54540  offset=-11  xor=0x0001b  popcnt=4
FAULT R=54551 -> T=54541  offset=-10  xor=0x0001a  popcnt=3
FAULT R=54551 -> T=54542  offset=-9  xor=0x00019  popcnt=3
FAULT R=54551 -> T=54543  offset=-8  xor=0x00018  popcnt=2
FAULT R=54551 -> T=54548  offset=-3  xor=0x00003  popcnt=2
FAULT R=54551 -> T=54549  offset=-2  xor=0x00002  popcnt=1
FAULT R=54551 -> T=54550  offset=-1  xor=0x00001  popcnt=1
FAULT R=54552 -> T=54408  offset=-144  xor=0x00190  popcnt=3
FAULT R=54552 -> T=54424  offset=-128  xor=0x00180  popcnt=2
FAULT R=54552 -> T=54428  offset=-124  xor=0x00184  popcnt=3
FAULT R=54552 -> T=54536  offset=-16  xor=0x00010  popcnt=1
FAULT R=54552 -> T=54540  offset=-12  xor=0x00014  popcnt=2
FAULT R=54552 -> T=54556  offset=+4  xor=0x00004  popcnt=1
FAULT R=54553 -> T=54408  offset=-145  xor=0x00191  popcnt=4
FAULT R=54553 -> T=54409  offset=-144  xor=0x00190  popcnt=3
FAULT R=54553 -> T=54413  offset=-140  xor=0x00194  popcnt=4
FAULT R=54553 -> T=54424  offset=-129  xor=0x00181  popcnt=3
FAULT R=54553 -> T=54425  offset=-128  xor=0x00180  popcnt=2
FAULT R=54553 -> T=54428  offset=-125  xor=0x00185  popcnt=4
FAULT R=54553 -> T=54429  offset=-124  xor=0x00184  popcnt=3
FAULT R=54553 -> T=54536  offset=-17  xor=0x00011  popcnt=2
FAULT R=54553 -> T=54537  offset=-16  xor=0x00010  popcnt=1
FAULT R=54553 -> T=54540  offset=-13  xor=0x00015  popcnt=3
FAULT R=54553 -> T=54541  offset=-12  xor=0x00014  popcnt=2
FAULT R=54553 -> T=54552  offset=-1  xor=0x00001  popcnt=1
FAULT R=54553 -> T=54556  offset=+3  xor=0x00005  popcnt=2
FAULT R=54553 -> T=54557  offset=+4  xor=0x00004  popcnt=1
FAULT R=54554 -> T=54426  offset=-128  xor=0x00180  popcnt=2
FAULT R=54554 -> T=54428  offset=-126  xor=0x00186  popcnt=4
FAULT R=54554 -> T=54538  offset=-16  xor=0x00010  popcnt=1
FAULT R=54554 -> T=54540  offset=-14  xor=0x00016  popcnt=3
FAULT R=54554 -> T=54556  offset=+2  xor=0x00006  popcnt=2
FAULT R=54555 -> T=54411  offset=-144  xor=0x00190  popcnt=3
FAULT R=54555 -> T=54413  offset=-142  xor=0x00196  popcnt=5
FAULT R=54555 -> T=54426  offset=-129  xor=0x00181  popcnt=3
FAULT R=54555 -> T=54427  offset=-128  xor=0x00180  popcnt=2
FAULT R=54555 -> T=54428  offset=-127  xor=0x00187  popcnt=5
FAULT R=54555 -> T=54429  offset=-126  xor=0x00186  popcnt=4
FAULT R=54555 -> T=54538  offset=-17  xor=0x00011  popcnt=2
FAULT R=54555 -> T=54539  offset=-16  xor=0x00010  popcnt=1
FAULT R=54555 -> T=54540  offset=-15  xor=0x00017  popcnt=4
FAULT R=54555 -> T=54541  offset=-14  xor=0x00016  popcnt=3
FAULT R=54555 -> T=54554  offset=-1  xor=0x00001  popcnt=1
FAULT R=54555 -> T=54556  offset=+1  xor=0x00007  popcnt=3
FAULT R=54555 -> T=54557  offset=+2  xor=0x00006  popcnt=2
FAULT R=54556 -> T=54428  offset=-128  xor=0x00180  popcnt=2
FAULT R=54556 -> T=54540  offset=-16  xor=0x00010  popcnt=1
FAULT R=54557 -> T=54413  offset=-144  xor=0x00190  popcnt=3
FAULT R=54557 -> T=54428  offset=-129  xor=0x00181  popcnt=3
FAULT R=54557 -> T=54429  offset=-128  xor=0x00180  popcnt=2
FAULT R=54557 -> T=54540  offset=-17  xor=0x00011  popcnt=2
FAULT R=54557 -> T=54541  offset=-16  xor=0x00010  popcnt=1
FAULT R=54557 -> T=54556  offset=-1  xor=0x00001  popcnt=1
FAULT R=54558 -> T=54414  offset=-144  xor=0x00190  popcnt=3
FAULT R=54558 -> T=54428  offset=-130  xor=0x00182  popcnt=3
FAULT R=54558 -> T=54430  offset=-128  xor=0x00180  popcnt=2
FAULT R=54558 -> T=54540  offset=-18  xor=0x00012  popcnt=2
FAULT R=54558 -> T=54542  offset=-16  xor=0x00010  popcnt=1
FAULT R=54558 -> T=54556  offset=-2  xor=0x00002  popcnt=1
FAULT R=54559 -> T=54413  offset=-146  xor=0x00192  popcnt=4
FAULT R=54559 -> T=54414  offset=-145  xor=0x00191  popcnt=4
FAULT R=54559 -> T=54415  offset=-144  xor=0x00190  popcnt=3
FAULT R=54559 -> T=54428  offset=-131  xor=0x00183  popcnt=4
FAULT R=54559 -> T=54429  offset=-130  xor=0x00182  popcnt=3
FAULT R=54559 -> T=54430  offset=-129  xor=0x00181  popcnt=3
FAULT R=54559 -> T=54431  offset=-128  xor=0x00180  popcnt=2
FAULT R=54559 -> T=54540  offset=-19  xor=0x00013  popcnt=3
FAULT R=54559 -> T=54541  offset=-18  xor=0x00012  popcnt=2
FAULT R=54559 -> T=54542  offset=-17  xor=0x00011  popcnt=2
FAULT R=54559 -> T=54543  offset=-16  xor=0x00010  popcnt=1
FAULT R=54559 -> T=54556  offset=-3  xor=0x00003  popcnt=2
FAULT R=54559 -> T=54557  offset=-2  xor=0x00002  popcnt=1
FAULT R=54559 -> T=54558  offset=-1  xor=0x00001  popcnt=1
FAULT R=54560 -> T=54400  offset=-160  xor=0x001a0  popcnt=3
FAULT R=54560 -> T=54404  offset=-156  xor=0x001a4  popcnt=4
FAULT R=54560 -> T=54408  offset=-152  xor=0x001a8  popcnt=4
FAULT R=54560 -> T=54432  offset=-128  xor=0x00180  popcnt=2
FAULT R=54560 -> T=54436  offset=-124  xor=0x00184  popcnt=3
FAULT R=54560 -> T=54440  offset=-120  xor=0x00188  popcnt=3
FAULT R=54560 -> T=54444  offset=-116  xor=0x0018c  popcnt=4
FAULT R=54560 -> T=54528  offset=-32  xor=0x00020  popcnt=1
FAULT R=54560 -> T=54532  offset=-28  xor=0x00024  popcnt=2
FAULT R=54560 -> T=54536  offset=-24  xor=0x00028  popcnt=2
FAULT R=54560 -> T=54540  offset=-20  xor=0x0002c  popcnt=3
FAULT R=54560 -> T=54564  offset=+4  xor=0x00004  popcnt=1
FAULT R=54560 -> T=54568  offset=+8  xor=0x00008  popcnt=1
FAULT R=54560 -> T=54572  offset=+12  xor=0x0000c  popcnt=2
FAULT R=54562 -> T=54402  offset=-160  xor=0x001a0  popcnt=3
FAULT R=54562 -> T=54404  offset=-158  xor=0x001a6  popcnt=5
FAULT R=54562 -> T=54434  offset=-128  xor=0x00180  popcnt=2
FAULT R=54562 -> T=54436  offset=-126  xor=0x00186  popcnt=4
FAULT R=54562 -> T=54442  offset=-120  xor=0x00188  popcnt=3
FAULT R=54562 -> T=54444  offset=-118  xor=0x0018e  popcnt=5
FAULT R=54562 -> T=54530  offset=-32  xor=0x00020  popcnt=1
FAULT R=54562 -> T=54532  offset=-30  xor=0x00026  popcnt=3
FAULT R=54562 -> T=54538  offset=-24  xor=0x00028  popcnt=2
FAULT R=54562 -> T=54540  offset=-22  xor=0x0002e  popcnt=4
FAULT R=54562 -> T=54564  offset=+2  xor=0x00006  popcnt=2
FAULT R=54562 -> T=54570  offset=+8  xor=0x00008  popcnt=1
FAULT R=54562 -> T=54572  offset=+10  xor=0x0000e  popcnt=3
FAULT R=54564 -> T=54404  offset=-160  xor=0x001a0  popcnt=3
FAULT R=54564 -> T=54436  offset=-128  xor=0x00180  popcnt=2
FAULT R=54564 -> T=54444  offset=-120  xor=0x00188  popcnt=3
FAULT R=54564 -> T=54532  offset=-32  xor=0x00020  popcnt=1
FAULT R=54564 -> T=54540  offset=-24  xor=0x00028  popcnt=2
FAULT R=54564 -> T=54572  offset=+8  xor=0x00008  popcnt=1
FAULT R=54565 -> T=54404  offset=-161  xor=0x001a1  popcnt=4
FAULT R=54565 -> T=54405  offset=-160  xor=0x001a0  popcnt=3
FAULT R=54565 -> T=54413  offset=-152  xor=0x001a8  popcnt=4
FAULT R=54565 -> T=54436  offset=-129  xor=0x00181  popcnt=3
FAULT R=54565 -> T=54437  offset=-128  xor=0x00180  popcnt=2
FAULT R=54565 -> T=54444  offset=-121  xor=0x00189  popcnt=4
FAULT R=54565 -> T=54445  offset=-120  xor=0x00188  popcnt=3
FAULT R=54565 -> T=54532  offset=-33  xor=0x00021  popcnt=2
FAULT R=54565 -> T=54533  offset=-32  xor=0x00020  popcnt=1
FAULT R=54565 -> T=54540  offset=-25  xor=0x00029  popcnt=3
FAULT R=54565 -> T=54541  offset=-24  xor=0x00028  popcnt=2
FAULT R=54565 -> T=54564  offset=-1  xor=0x00001  popcnt=1
FAULT R=54565 -> T=54572  offset=+7  xor=0x00009  popcnt=2
FAULT R=54565 -> T=54573  offset=+8  xor=0x00008  popcnt=1
FAULT R=54566 -> T=54404  offset=-162  xor=0x001a2  popcnt=4
FAULT R=54566 -> T=54406  offset=-160  xor=0x001a0  popcnt=3
FAULT R=54566 -> T=54414  offset=-152  xor=0x001a8  popcnt=4
FAULT R=54566 -> T=54436  offset=-130  xor=0x00182  popcnt=3
FAULT R=54566 -> T=54438  offset=-128  xor=0x00180  popcnt=2
FAULT R=54566 -> T=54444  offset=-122  xor=0x0018a  popcnt=4
FAULT R=54566 -> T=54446  offset=-120  xor=0x00188  popcnt=3
FAULT R=54566 -> T=54532  offset=-34  xor=0x00022  popcnt=2
FAULT R=54566 -> T=54534  offset=-32  xor=0x00020  popcnt=1
FAULT R=54566 -> T=54540  offset=-26  xor=0x0002a  popcnt=3
FAULT R=54566 -> T=54542  offset=-24  xor=0x00028  popcnt=2
FAULT R=54566 -> T=54564  offset=-2  xor=0x00002  popcnt=1
FAULT R=54566 -> T=54572  offset=+6  xor=0x0000a  popcnt=2
FAULT R=54566 -> T=54574  offset=+8  xor=0x00008  popcnt=1
FAULT R=54568 -> T=54408  offset=-160  xor=0x001a0  popcnt=3
FAULT R=54568 -> T=54440  offset=-128  xor=0x00180  popcnt=2
FAULT R=54568 -> T=54444  offset=-124  xor=0x00184  popcnt=3
FAULT R=54568 -> T=54536  offset=-32  xor=0x00020  popcnt=1
FAULT R=54568 -> T=54540  offset=-28  xor=0x00024  popcnt=2
FAULT R=54568 -> T=54572  offset=+4  xor=0x00004  popcnt=1
FAULT R=54569 -> T=54408  offset=-161  xor=0x001a1  popcnt=4
FAULT R=54569 -> T=54409  offset=-160  xor=0x001a0  popcnt=3
FAULT R=54569 -> T=54413  offset=-156  xor=0x001a4  popcnt=4
FAULT R=54569 -> T=54440  offset=-129  xor=0x00181  popcnt=3
FAULT R=54569 -> T=54441  offset=-128  xor=0x00180  popcnt=2
FAULT R=54569 -> T=54444  offset=-125  xor=0x00185  popcnt=4
FAULT R=54569 -> T=54445  offset=-124  xor=0x00184  popcnt=3
FAULT R=54569 -> T=54536  offset=-33  xor=0x00021  popcnt=2
FAULT R=54569 -> T=54537  offset=-32  xor=0x00020  popcnt=1
FAULT R=54569 -> T=54540  offset=-29  xor=0x00025  popcnt=3
FAULT R=54569 -> T=54541  offset=-28  xor=0x00024  popcnt=2
FAULT R=54569 -> T=54568  offset=-1  xor=0x00001  popcnt=1
FAULT R=54569 -> T=54572  offset=+3  xor=0x00005  popcnt=2
FAULT R=54569 -> T=54573  offset=+4  xor=0x00004  popcnt=1
FAULT R=54570 -> T=54442  offset=-128  xor=0x00180  popcnt=2
FAULT R=54570 -> T=54444  offset=-126  xor=0x00186  popcnt=4
FAULT R=54570 -> T=54538  offset=-32  xor=0x00020  popcnt=1
FAULT R=54570 -> T=54540  offset=-30  xor=0x00026  popcnt=3
FAULT R=54570 -> T=54572  offset=+2  xor=0x00006  popcnt=2
FAULT R=54571 -> T=54411  offset=-160  xor=0x001a0  popcnt=3
FAULT R=54571 -> T=54413  offset=-158  xor=0x001a6  popcnt=5
FAULT R=54571 -> T=54442  offset=-129  xor=0x00181  popcnt=3
FAULT R=54571 -> T=54443  offset=-128  xor=0x00180  popcnt=2
FAULT R=54571 -> T=54444  offset=-127  xor=0x00187  popcnt=5
FAULT R=54571 -> T=54445  offset=-126  xor=0x00186  popcnt=4
FAULT R=54571 -> T=54538  offset=-33  xor=0x00021  popcnt=2
FAULT R=54571 -> T=54539  offset=-32  xor=0x00020  popcnt=1
FAULT R=54571 -> T=54540  offset=-31  xor=0x00027  popcnt=4
FAULT R=54571 -> T=54541  offset=-30  xor=0x00026  popcnt=3
FAULT R=54571 -> T=54570  offset=-1  xor=0x00001  popcnt=1
FAULT R=54571 -> T=54572  offset=+1  xor=0x00007  popcnt=3
FAULT R=54571 -> T=54573  offset=+2  xor=0x00006  popcnt=2
FAULT R=54572 -> T=54444  offset=-128  xor=0x00180  popcnt=2
FAULT R=54572 -> T=54540  offset=-32  xor=0x00020  popcnt=1
FAULT R=54573 -> T=54413  offset=-160  xor=0x001a0  popcnt=3
FAULT R=54573 -> T=54444  offset=-129  xor=0x00181  popcnt=3
FAULT R=54573 -> T=54445  offset=-128  xor=0x00180  popcnt=2
FAULT R=54573 -> T=54540  offset=-33  xor=0x00021  popcnt=2
FAULT R=54573 -> T=54541  offset=-32  xor=0x00020  popcnt=1
FAULT R=54573 -> T=54572  offset=-1  xor=0x00001  popcnt=1
FAULT R=54574 -> T=54414  offset=-160  xor=0x001a0  popcnt=3
FAULT R=54574 -> T=54444  offset=-130  xor=0x00182  popcnt=3
FAULT R=54574 -> T=54446  offset=-128  xor=0x00180  popcnt=2
FAULT R=54574 -> T=54540  offset=-34  xor=0x00022  popcnt=2
FAULT R=54574 -> T=54542  offset=-32  xor=0x00020  popcnt=1
FAULT R=54574 -> T=54572  offset=-2  xor=0x00002  popcnt=1
FAULT R=54575 -> T=54413  offset=-162  xor=0x001a2  popcnt=4
FAULT R=54575 -> T=54414  offset=-161  xor=0x001a1  popcnt=4
FAULT R=54575 -> T=54415  offset=-160  xor=0x001a0  popcnt=3
FAULT R=54575 -> T=54444  offset=-131  xor=0x00183  popcnt=4
FAULT R=54575 -> T=54445  offset=-130  xor=0x00182  popcnt=3
FAULT R=54575 -> T=54446  offset=-129  xor=0x00181  popcnt=3
FAULT R=54575 -> T=54447  offset=-128  xor=0x00180  popcnt=2
FAULT R=54575 -> T=54540  offset=-35  xor=0x00023  popcnt=3
FAULT R=54575 -> T=54541  offset=-34  xor=0x00022  popcnt=2
FAULT R=54575 -> T=54542  offset=-33  xor=0x00021  popcnt=2
FAULT R=54575 -> T=54543  offset=-32  xor=0x00020  popcnt=1
FAULT R=54575 -> T=54572  offset=-3  xor=0x00003  popcnt=2
FAULT R=54575 -> T=54573  offset=-2  xor=0x00002  popcnt=1
FAULT R=54575 -> T=54574  offset=-1  xor=0x00001  popcnt=1
FAULT R=54576 -> T=54408  offset=-168  xor=0x001b8  popcnt=5
FAULT R=54576 -> T=54416  offset=-160  xor=0x001a0  popcnt=3
FAULT R=54576 -> T=54440  offset=-136  xor=0x00198  popcnt=4
FAULT R=54576 -> T=54444  offset=-132  xor=0x0019c  popcnt=5
FAULT R=54576 -> T=54448  offset=-128  xor=0x00180  popcnt=2
FAULT R=54576 -> T=54452  offset=-124  xor=0x00184  popcnt=3
FAULT R=54576 -> T=54536  offset=-40  xor=0x00038  popcnt=3
FAULT R=54576 -> T=54540  offset=-36  xor=0x0003c  popcnt=4
FAULT R=54576 -> T=54544  offset=-32  xor=0x00020  popcnt=1
FAULT R=54576 -> T=54548  offset=-28  xor=0x00024  popcnt=2
FAULT R=54576 -> T=54568  offset=-8  xor=0x00018  popcnt=2
FAULT R=54576 -> T=54572  offset=-4  xor=0x0001c  popcnt=3
FAULT R=54576 -> T=54580  offset=+4  xor=0x00004  popcnt=1
FAULT R=54578 -> T=54442  offset=-136  xor=0x00198  popcnt=4
FAULT R=54578 -> T=54444  offset=-134  xor=0x0019e  popcnt=6
FAULT R=54578 -> T=54450  offset=-128  xor=0x00180  popcnt=2
FAULT R=54578 -> T=54452  offset=-126  xor=0x00186  popcnt=4
FAULT R=54578 -> T=54538  offset=-40  xor=0x00038  popcnt=3
FAULT R=54578 -> T=54540  offset=-38  xor=0x0003e  popcnt=5
FAULT R=54578 -> T=54546  offset=-32  xor=0x00020  popcnt=1
FAULT R=54578 -> T=54548  offset=-30  xor=0x00026  popcnt=3
FAULT R=54578 -> T=54570  offset=-8  xor=0x00018  popcnt=2
FAULT R=54578 -> T=54572  offset=-6  xor=0x0001e  popcnt=4
FAULT R=54578 -> T=54580  offset=+2  xor=0x00006  popcnt=2
FAULT R=54580 -> T=54444  offset=-136  xor=0x00198  popcnt=4
FAULT R=54580 -> T=54452  offset=-128  xor=0x00180  popcnt=2
FAULT R=54580 -> T=54540  offset=-40  xor=0x00038  popcnt=3
FAULT R=54580 -> T=54548  offset=-32  xor=0x00020  popcnt=1
FAULT R=54580 -> T=54572  offset=-8  xor=0x00018  popcnt=2
FAULT R=54581 -> T=54413  offset=-168  xor=0x001b8  popcnt=5
FAULT R=54581 -> T=54421  offset=-160  xor=0x001a0  popcnt=3
FAULT R=54581 -> T=54444  offset=-137  xor=0x00199  popcnt=5
FAULT R=54581 -> T=54445  offset=-136  xor=0x00198  popcnt=4
FAULT R=54581 -> T=54452  offset=-129  xor=0x00181  popcnt=3
FAULT R=54581 -> T=54453  offset=-128  xor=0x00180  popcnt=2
FAULT R=54581 -> T=54540  offset=-41  xor=0x00039  popcnt=4
FAULT R=54581 -> T=54541  offset=-40  xor=0x00038  popcnt=3
FAULT R=54581 -> T=54548  offset=-33  xor=0x00021  popcnt=2
FAULT R=54581 -> T=54549  offset=-32  xor=0x00020  popcnt=1
FAULT R=54581 -> T=54572  offset=-9  xor=0x00019  popcnt=3
FAULT R=54581 -> T=54573  offset=-8  xor=0x00018  popcnt=2
FAULT R=54581 -> T=54580  offset=-1  xor=0x00001  popcnt=1
FAULT R=54582 -> T=54414  offset=-168  xor=0x001b8  popcnt=5
FAULT R=54582 -> T=54422  offset=-160  xor=0x001a0  popcnt=3
FAULT R=54582 -> T=54444  offset=-138  xor=0x0019a  popcnt=5
FAULT R=54582 -> T=54446  offset=-136  xor=0x00198  popcnt=4
FAULT R=54582 -> T=54452  offset=-130  xor=0x00182  popcnt=3
FAULT R=54582 -> T=54454  offset=-128  xor=0x00180  popcnt=2
FAULT R=54582 -> T=54540  offset=-42  xor=0x0003a  popcnt=4
FAULT R=54582 -> T=54542  offset=-40  xor=0x00038  popcnt=3
FAULT R=54582 -> T=54548  offset=-34  xor=0x00022  popcnt=2
FAULT R=54582 -> T=54550  offset=-32  xor=0x00020  popcnt=1
FAULT R=54582 -> T=54572  offset=-10  xor=0x0001a  popcnt=3
FAULT R=54582 -> T=54574  offset=-8  xor=0x00018  popcnt=2
FAULT R=54582 -> T=54580  offset=-2  xor=0x00002  popcnt=1
FAULT R=54584 -> T=54408  offset=-176  xor=0x001b0  popcnt=4
FAULT R=54584 -> T=54424  offset=-160  xor=0x001a0  popcnt=3
FAULT R=54584 -> T=54428  offset=-156  xor=0x001a4  popcnt=4
FAULT R=54584 -> T=54440  offset=-144  xor=0x00190  popcnt=3
FAULT R=54584 -> T=54444  offset=-140  xor=0x00194  popcnt=4
FAULT R=54584 -> T=54456  offset=-128  xor=0x00180  popcnt=2
FAULT R=54584 -> T=54460  offset=-124  xor=0x00184  popcnt=3
FAULT R=54584 -> T=54536  offset=-48  xor=0x00030  popcnt=2
FAULT R=54584 -> T=54540  offset=-44  xor=0x00034  popcnt=3
FAULT R=54584 -> T=54552  offset=-32  xor=0x00020  popcnt=1
FAULT R=54584 -> T=54556  offset=-28  xor=0x00024  popcnt=2
FAULT R=54584 -> T=54568  offset=-16  xor=0x00010  popcnt=1
FAULT R=54584 -> T=54572  offset=-12  xor=0x00014  popcnt=2
FAULT R=54584 -> T=54588  offset=+4  xor=0x00004  popcnt=1
FAULT R=54586 -> T=54426  offset=-160  xor=0x001a0  popcnt=3
FAULT R=54586 -> T=54428  offset=-158  xor=0x001a6  popcnt=5
FAULT R=54586 -> T=54442  offset=-144  xor=0x00190  popcnt=3
FAULT R=54586 -> T=54444  offset=-142  xor=0x00196  popcnt=5
FAULT R=54586 -> T=54458  offset=-128  xor=0x00180  popcnt=2
FAULT R=54586 -> T=54460  offset=-126  xor=0x00186  popcnt=4
FAULT R=54586 -> T=54538  offset=-48  xor=0x00030  popcnt=2
FAULT R=54586 -> T=54540  offset=-46  xor=0x00036  popcnt=4
FAULT R=54586 -> T=54554  offset=-32  xor=0x00020  popcnt=1
FAULT R=54586 -> T=54556  offset=-30  xor=0x00026  popcnt=3
FAULT R=54586 -> T=54570  offset=-16  xor=0x00010  popcnt=1
FAULT R=54586 -> T=54572  offset=-14  xor=0x00016  popcnt=3
FAULT R=54586 -> T=54588  offset=+2  xor=0x00006  popcnt=2
FAULT R=54588 -> T=54428  offset=-160  xor=0x001a0  popcnt=3
FAULT R=54588 -> T=54444  offset=-144  xor=0x00190  popcnt=3
FAULT R=54588 -> T=54460  offset=-128  xor=0x00180  popcnt=2
FAULT R=54588 -> T=54540  offset=-48  xor=0x00030  popcnt=2
FAULT R=54588 -> T=54556  offset=-32  xor=0x00020  popcnt=1
FAULT R=54588 -> T=54572  offset=-16  xor=0x00010  popcnt=1
FAULT R=54589 -> T=54413  offset=-176  xor=0x001b0  popcnt=4
FAULT R=54589 -> T=54428  offset=-161  xor=0x001a1  popcnt=4
FAULT R=54589 -> T=54429  offset=-160  xor=0x001a0  popcnt=3
FAULT R=54589 -> T=54444  offset=-145  xor=0x00191  popcnt=4
FAULT R=54589 -> T=54445  offset=-144  xor=0x00190  popcnt=3
FAULT R=54589 -> T=54460  offset=-129  xor=0x00181  popcnt=3
FAULT R=54589 -> T=54461  offset=-128  xor=0x00180  popcnt=2
FAULT R=54589 -> T=54540  offset=-49  xor=0x00031  popcnt=3
FAULT R=54589 -> T=54541  offset=-48  xor=0x00030  popcnt=2
FAULT R=54589 -> T=54556  offset=-33  xor=0x00021  popcnt=2
FAULT R=54589 -> T=54557  offset=-32  xor=0x00020  popcnt=1
FAULT R=54589 -> T=54572  offset=-17  xor=0x00011  popcnt=2
FAULT R=54589 -> T=54573  offset=-16  xor=0x00010  popcnt=1
FAULT R=54589 -> T=54588  offset=-1  xor=0x00001  popcnt=1
FAULT R=54590 -> T=54414  offset=-176  xor=0x001b0  popcnt=4
FAULT R=54590 -> T=54428  offset=-162  xor=0x001a2  popcnt=4
FAULT R=54590 -> T=54430  offset=-160  xor=0x001a0  popcnt=3
FAULT R=54590 -> T=54444  offset=-146  xor=0x00192  popcnt=4
FAULT R=54590 -> T=54446  offset=-144  xor=0x00190  popcnt=3
FAULT R=54590 -> T=54460  offset=-130  xor=0x00182  popcnt=3
FAULT R=54590 -> T=54462  offset=-128  xor=0x00180  popcnt=2
FAULT R=54590 -> T=54540  offset=-50  xor=0x00032  popcnt=3
FAULT R=54590 -> T=54542  offset=-48  xor=0x00030  popcnt=2
FAULT R=54590 -> T=54556  offset=-34  xor=0x00022  popcnt=2
FAULT R=54590 -> T=54558  offset=-32  xor=0x00020  popcnt=1
FAULT R=54590 -> T=54572  offset=-18  xor=0x00012  popcnt=2
FAULT R=54590 -> T=54574  offset=-16  xor=0x00010  popcnt=1
FAULT R=54590 -> T=54588  offset=-2  xor=0x00002  popcnt=1
FAULT R=54592 -> T=54400  offset=-192  xor=0x001c0  popcnt=3
FAULT R=54592 -> T=54404  offset=-188  xor=0x001c4  popcnt=4
FAULT R=54592 -> T=54408  offset=-184  xor=0x001c8  popcnt=4
FAULT R=54592 -> T=54464  offset=-128  xor=0x00180  popcnt=2
FAULT R=54592 -> T=54468  offset=-124  xor=0x00184  popcnt=3
FAULT R=54592 -> T=54472  offset=-120  xor=0x00188  popcnt=3
FAULT R=54592 -> T=54476  offset=-116  xor=0x0018c  popcnt=4
FAULT R=54592 -> T=54528  offset=-64  xor=0x00040  popcnt=1
FAULT R=54592 -> T=54532  offset=-60  xor=0x00044  popcnt=2
FAULT R=54592 -> T=54536  offset=-56  xor=0x00048  popcnt=2
FAULT R=54592 -> T=54540  offset=-52  xor=0x0004c  popcnt=3
FAULT R=54592 -> T=54596  offset=+4  xor=0x00004  popcnt=1
FAULT R=54592 -> T=54600  offset=+8  xor=0x00008  popcnt=1
FAULT R=54592 -> T=54604  offset=+12  xor=0x0000c  popcnt=2
FAULT R=54594 -> T=54402  offset=-192  xor=0x001c0  popcnt=3
FAULT R=54594 -> T=54404  offset=-190  xor=0x001c6  popcnt=5
FAULT R=54594 -> T=54466  offset=-128  xor=0x00180  popcnt=2
FAULT R=54594 -> T=54468  offset=-126  xor=0x00186  popcnt=4
FAULT R=54594 -> T=54474  offset=-120  xor=0x00188  popcnt=3
FAULT R=54594 -> T=54476  offset=-118  xor=0x0018e  popcnt=5
FAULT R=54594 -> T=54530  offset=-64  xor=0x00040  popcnt=1
FAULT R=54594 -> T=54532  offset=-62  xor=0x00046  popcnt=3
FAULT R=54594 -> T=54538  offset=-56  xor=0x00048  popcnt=2
FAULT R=54594 -> T=54540  offset=-54  xor=0x0004e  popcnt=4
FAULT R=54594 -> T=54596  offset=+2  xor=0x00006  popcnt=2
FAULT R=54594 -> T=54602  offset=+8  xor=0x00008  popcnt=1
FAULT R=54594 -> T=54604  offset=+10  xor=0x0000e  popcnt=3
FAULT R=54596 -> T=54404  offset=-192  xor=0x001c0  popcnt=3
FAULT R=54596 -> T=54468  offset=-128  xor=0x00180  popcnt=2
FAULT R=54596 -> T=54476  offset=-120  xor=0x00188  popcnt=3
FAULT R=54596 -> T=54532  offset=-64  xor=0x00040  popcnt=1
FAULT R=54596 -> T=54540  offset=-56  xor=0x00048  popcnt=2
FAULT R=54596 -> T=54604  offset=+8  xor=0x00008  popcnt=1
FAULT R=54597 -> T=54404  offset=-193  xor=0x001c1  popcnt=4
FAULT R=54597 -> T=54405  offset=-192  xor=0x001c0  popcnt=3
FAULT R=54597 -> T=54413  offset=-184  xor=0x001c8  popcnt=4
FAULT R=54597 -> T=54468  offset=-129  xor=0x00181  popcnt=3
FAULT R=54597 -> T=54469  offset=-128  xor=0x00180  popcnt=2
FAULT R=54597 -> T=54476  offset=-121  xor=0x00189  popcnt=4
FAULT R=54597 -> T=54477  offset=-120  xor=0x00188  popcnt=3
FAULT R=54597 -> T=54532  offset=-65  xor=0x00041  popcnt=2
FAULT R=54597 -> T=54533  offset=-64  xor=0x00040  popcnt=1
FAULT R=54597 -> T=54540  offset=-57  xor=0x00049  popcnt=3
FAULT R=54597 -> T=54541  offset=-56  xor=0x00048  popcnt=2
FAULT R=54597 -> T=54596  offset=-1  xor=0x00001  popcnt=1
FAULT R=54597 -> T=54604  offset=+7  xor=0x00009  popcnt=2
FAULT R=54597 -> T=54605  offset=+8  xor=0x00008  popcnt=1
FAULT R=54598 -> T=54404  offset=-194  xor=0x001c2  popcnt=4
FAULT R=54598 -> T=54406  offset=-192  xor=0x001c0  popcnt=3
FAULT R=54598 -> T=54414  offset=-184  xor=0x001c8  popcnt=4
FAULT R=54598 -> T=54468  offset=-130  xor=0x00182  popcnt=3
FAULT R=54598 -> T=54470  offset=-128  xor=0x00180  popcnt=2
FAULT R=54598 -> T=54476  offset=-122  xor=0x0018a  popcnt=4
FAULT R=54598 -> T=54478  offset=-120  xor=0x00188  popcnt=3
FAULT R=54598 -> T=54532  offset=-66  xor=0x00042  popcnt=2
FAULT R=54598 -> T=54534  offset=-64  xor=0x00040  popcnt=1
FAULT R=54598 -> T=54540  offset=-58  xor=0x0004a  popcnt=3
FAULT R=54598 -> T=54542  offset=-56  xor=0x00048  popcnt=2
FAULT R=54598 -> T=54596  offset=-2  xor=0x00002  popcnt=1
FAULT R=54598 -> T=54604  offset=+6  xor=0x0000a  popcnt=2
FAULT R=54598 -> T=54606  offset=+8  xor=0x00008  popcnt=1
FAULT R=54600 -> T=54408  offset=-192  xor=0x001c0  popcnt=3
FAULT R=54600 -> T=54472  offset=-128  xor=0x00180  popcnt=2
FAULT R=54600 -> T=54476  offset=-124  xor=0x00184  popcnt=3
FAULT R=54600 -> T=54536  offset=-64  xor=0x00040  popcnt=1
FAULT R=54600 -> T=54540  offset=-60  xor=0x00044  popcnt=2
FAULT R=54600 -> T=54604  offset=+4  xor=0x00004  popcnt=1
FAULT R=54601 -> T=54408  offset=-193  xor=0x001c1  popcnt=4
FAULT R=54601 -> T=54409  offset=-192  xor=0x001c0  popcnt=3
FAULT R=54601 -> T=54413  offset=-188  xor=0x001c4  popcnt=4
FAULT R=54601 -> T=54472  offset=-129  xor=0x00181  popcnt=3
FAULT R=54601 -> T=54473  offset=-128  xor=0x00180  popcnt=2
FAULT R=54601 -> T=54476  offset=-125  xor=0x00185  popcnt=4
FAULT R=54601 -> T=54477  offset=-124  xor=0x00184  popcnt=3
FAULT R=54601 -> T=54536  offset=-65  xor=0x00041  popcnt=2
FAULT R=54601 -> T=54537  offset=-64  xor=0x00040  popcnt=1
FAULT R=54601 -> T=54540  offset=-61  xor=0x00045  popcnt=3
FAULT R=54601 -> T=54541  offset=-60  xor=0x00044  popcnt=2
FAULT R=54601 -> T=54600  offset=-1  xor=0x00001  popcnt=1
FAULT R=54601 -> T=54604  offset=+3  xor=0x00005  popcnt=2
FAULT R=54601 -> T=54605  offset=+4  xor=0x00004  popcnt=1
FAULT R=54602 -> T=54474  offset=-128  xor=0x00180  popcnt=2
FAULT R=54602 -> T=54476  offset=-126  xor=0x00186  popcnt=4
FAULT R=54602 -> T=54538  offset=-64  xor=0x00040  popcnt=1
FAULT R=54602 -> T=54540  offset=-62  xor=0x00046  popcnt=3
FAULT R=54602 -> T=54604  offset=+2  xor=0x00006  popcnt=2
FAULT R=54603 -> T=54411  offset=-192  xor=0x001c0  popcnt=3
FAULT R=54603 -> T=54413  offset=-190  xor=0x001c6  popcnt=5
FAULT R=54603 -> T=54474  offset=-129  xor=0x00181  popcnt=3
FAULT R=54603 -> T=54475  offset=-128  xor=0x00180  popcnt=2
FAULT R=54603 -> T=54476  offset=-127  xor=0x00187  popcnt=5
FAULT R=54603 -> T=54477  offset=-126  xor=0x00186  popcnt=4
FAULT R=54603 -> T=54538  offset=-65  xor=0x00041  popcnt=2
FAULT R=54603 -> T=54539  offset=-64  xor=0x00040  popcnt=1
FAULT R=54603 -> T=54540  offset=-63  xor=0x00047  popcnt=4
FAULT R=54603 -> T=54541  offset=-62  xor=0x00046  popcnt=3
FAULT R=54603 -> T=54602  offset=-1  xor=0x00001  popcnt=1
FAULT R=54603 -> T=54604  offset=+1  xor=0x00007  popcnt=3
FAULT R=54603 -> T=54605  offset=+2  xor=0x00006  popcnt=2
FAULT R=54604 -> T=54476  offset=-128  xor=0x00180  popcnt=2
FAULT R=54604 -> T=54540  offset=-64  xor=0x00040  popcnt=1
FAULT R=54605 -> T=54413  offset=-192  xor=0x001c0  popcnt=3
FAULT R=54605 -> T=54476  offset=-129  xor=0x00181  popcnt=3
FAULT R=54605 -> T=54477  offset=-128  xor=0x00180  popcnt=2
FAULT R=54605 -> T=54540  offset=-65  xor=0x00041  popcnt=2
FAULT R=54605 -> T=54541  offset=-64  xor=0x00040  popcnt=1
FAULT R=54605 -> T=54604  offset=-1  xor=0x00001  popcnt=1
FAULT R=54606 -> T=54414  offset=-192  xor=0x001c0  popcnt=3
FAULT R=54606 -> T=54476  offset=-130  xor=0x00182  popcnt=3
FAULT R=54606 -> T=54478  offset=-128  xor=0x00180  popcnt=2
FAULT R=54606 -> T=54540  offset=-66  xor=0x00042  popcnt=2
FAULT R=54606 -> T=54542  offset=-64  xor=0x00040  popcnt=1
FAULT R=54606 -> T=54604  offset=-2  xor=0x00002  popcnt=1
FAULT R=54607 -> T=54413  offset=-194  xor=0x001c2  popcnt=4
FAULT R=54607 -> T=54414  offset=-193  xor=0x001c1  popcnt=4
FAULT R=54607 -> T=54415  offset=-192  xor=0x001c0  popcnt=3
FAULT R=54607 -> T=54476  offset=-131  xor=0x00183  popcnt=4
FAULT R=54607 -> T=54477  offset=-130  xor=0x00182  popcnt=3
FAULT R=54607 -> T=54478  offset=-129  xor=0x00181  popcnt=3
FAULT R=54607 -> T=54479  offset=-128  xor=0x00180  popcnt=2
FAULT R=54607 -> T=54540  offset=-67  xor=0x00043  popcnt=3
FAULT R=54607 -> T=54541  offset=-66  xor=0x00042  popcnt=2
FAULT R=54607 -> T=54542  offset=-65  xor=0x00041  popcnt=2
FAULT R=54607 -> T=54543  offset=-64  xor=0x00040  popcnt=1
FAULT R=54607 -> T=54604  offset=-3  xor=0x00003  popcnt=2
FAULT R=54607 -> T=54605  offset=-2  xor=0x00002  popcnt=1
FAULT R=54607 -> T=54606  offset=-1  xor=0x00001  popcnt=1
FAULT R=54608 -> T=54408  offset=-200  xor=0x001d8  popcnt=5
FAULT R=54608 -> T=54416  offset=-192  xor=0x001c0  popcnt=3
FAULT R=54608 -> T=54472  offset=-136  xor=0x00198  popcnt=4
FAULT R=54608 -> T=54476  offset=-132  xor=0x0019c  popcnt=5
FAULT R=54608 -> T=54480  offset=-128  xor=0x00180  popcnt=2
FAULT R=54608 -> T=54484  offset=-124  xor=0x00184  popcnt=3
FAULT R=54608 -> T=54536  offset=-72  xor=0x00058  popcnt=3
FAULT R=54608 -> T=54540  offset=-68  xor=0x0005c  popcnt=4
FAULT R=54608 -> T=54544  offset=-64  xor=0x00040  popcnt=1
FAULT R=54608 -> T=54548  offset=-60  xor=0x00044  popcnt=2
FAULT R=54608 -> T=54600  offset=-8  xor=0x00018  popcnt=2
FAULT R=54608 -> T=54604  offset=-4  xor=0x0001c  popcnt=3
FAULT R=54608 -> T=54612  offset=+4  xor=0x00004  popcnt=1
FAULT R=54610 -> T=54474  offset=-136  xor=0x00198  popcnt=4
FAULT R=54610 -> T=54476  offset=-134  xor=0x0019e  popcnt=6
FAULT R=54610 -> T=54482  offset=-128  xor=0x00180  popcnt=2
FAULT R=54610 -> T=54484  offset=-126  xor=0x00186  popcnt=4
FAULT R=54610 -> T=54538  offset=-72  xor=0x00058  popcnt=3
FAULT R=54610 -> T=54540  offset=-70  xor=0x0005e  popcnt=5
FAULT R=54610 -> T=54546  offset=-64  xor=0x00040  popcnt=1
FAULT R=54610 -> T=54548  offset=-62  xor=0x00046  popcnt=3
FAULT R=54610 -> T=54602  offset=-8  xor=0x00018  popcnt=2
FAULT R=54610 -> T=54604  offset=-6  xor=0x0001e  popcnt=4
FAULT R=54610 -> T=54612  offset=+2  xor=0x00006  popcnt=2
FAULT R=54612 -> T=54476  offset=-136  xor=0x00198  popcnt=4
FAULT R=54612 -> T=54484  offset=-128  xor=0x00180  popcnt=2
FAULT R=54612 -> T=54540  offset=-72  xor=0x00058  popcnt=3
FAULT R=54612 -> T=54548  offset=-64  xor=0x00040  popcnt=1
FAULT R=54612 -> T=54604  offset=-8  xor=0x00018  popcnt=2
FAULT R=54613 -> T=54413  offset=-200  xor=0x001d8  popcnt=5
FAULT R=54613 -> T=54421  offset=-192  xor=0x001c0  popcnt=3
FAULT R=54613 -> T=54476  offset=-137  xor=0x00199  popcnt=5
FAULT R=54613 -> T=54477  offset=-136  xor=0x00198  popcnt=4
FAULT R=54613 -> T=54484  offset=-129  xor=0x00181  popcnt=3
FAULT R=54613 -> T=54485  offset=-128  xor=0x00180  popcnt=2
FAULT R=54613 -> T=54540  offset=-73  xor=0x00059  popcnt=4
FAULT R=54613 -> T=54541  offset=-72  xor=0x00058  popcnt=3
FAULT R=54613 -> T=54548  offset=-65  xor=0x00041  popcnt=2
FAULT R=54613 -> T=54549  offset=-64  xor=0x00040  popcnt=1
FAULT R=54613 -> T=54604  offset=-9  xor=0x00019  popcnt=3
FAULT R=54613 -> T=54605  offset=-8  xor=0x00018  popcnt=2
FAULT R=54613 -> T=54612  offset=-1  xor=0x00001  popcnt=1
FAULT R=54614 -> T=54414  offset=-200  xor=0x001d8  popcnt=5
FAULT R=54614 -> T=54422  offset=-192  xor=0x001c0  popcnt=3
FAULT R=54614 -> T=54476  offset=-138  xor=0x0019a  popcnt=5
FAULT R=54614 -> T=54478  offset=-136  xor=0x00198  popcnt=4
FAULT R=54614 -> T=54484  offset=-130  xor=0x00182  popcnt=3
FAULT R=54614 -> T=54486  offset=-128  xor=0x00180  popcnt=2
FAULT R=54614 -> T=54540  offset=-74  xor=0x0005a  popcnt=4
FAULT R=54614 -> T=54542  offset=-72  xor=0x00058  popcnt=3
FAULT R=54614 -> T=54548  offset=-66  xor=0x00042  popcnt=2
FAULT R=54614 -> T=54550  offset=-64  xor=0x00040  popcnt=1
FAULT R=54614 -> T=54604  offset=-10  xor=0x0001a  popcnt=3
FAULT R=54614 -> T=54606  offset=-8  xor=0x00018  popcnt=2
FAULT R=54614 -> T=54612  offset=-2  xor=0x00002  popcnt=1
FAULT R=54616 -> T=54408  offset=-208  xor=0x001d0  popcnt=4
FAULT R=54616 -> T=54424  offset=-192  xor=0x001c0  popcnt=3
FAULT R=54616 -> T=54428  offset=-188  xor=0x001c4  popcnt=4
FAULT R=54616 -> T=54472  offset=-144  xor=0x00190  popcnt=3
FAULT R=54616 -> T=54476  offset=-140  xor=0x00194  popcnt=4
FAULT R=54616 -> T=54488  offset=-128  xor=0x00180  popcnt=2
FAULT R=54616 -> T=54492  offset=-124  xor=0x00184  popcnt=3
FAULT R=54616 -> T=54536  offset=-80  xor=0x00050  popcnt=2
FAULT R=54616 -> T=54540  offset=-76  xor=0x00054  popcnt=3
FAULT R=54616 -> T=54552  offset=-64  xor=0x00040  popcnt=1
FAULT R=54616 -> T=54556  offset=-60  xor=0x00044  popcnt=2
FAULT R=54616 -> T=54600  offset=-16  xor=0x00010  popcnt=1
FAULT R=54616 -> T=54604  offset=-12  xor=0x00014  popcnt=2
FAULT R=54616 -> T=54620  offset=+4  xor=0x00004  popcnt=1
FAULT R=54618 -> T=54426  offset=-192  xor=0x001c0  popcnt=3
FAULT R=54618 -> T=54428  offset=-190  xor=0x001c6  popcnt=5
FAULT R=54618 -> T=54474  offset=-144  xor=0x00190  popcnt=3
FAULT R=54618 -> T=54476  offset=-142  xor=0x00196  popcnt=5
FAULT R=54618 -> T=54490  offset=-128  xor=0x00180  popcnt=2
FAULT R=54618 -> T=54492  offset=-126  xor=0x00186  popcnt=4
FAULT R=54618 -> T=54538  offset=-80  xor=0x00050  popcnt=2
FAULT R=54618 -> T=54540  offset=-78  xor=0x00056  popcnt=4
FAULT R=54618 -> T=54554  offset=-64  xor=0x00040  popcnt=1
FAULT R=54618 -> T=54556  offset=-62  xor=0x00046  popcnt=3
FAULT R=54618 -> T=54602  offset=-16  xor=0x00010  popcnt=1
FAULT R=54618 -> T=54604  offset=-14  xor=0x00016  popcnt=3
FAULT R=54618 -> T=54620  offset=+2  xor=0x00006  popcnt=2
FAULT R=54620 -> T=54428  offset=-192  xor=0x001c0  popcnt=3
FAULT R=54620 -> T=54476  offset=-144  xor=0x00190  popcnt=3
FAULT R=54620 -> T=54492  offset=-128  xor=0x00180  popcnt=2
FAULT R=54620 -> T=54540  offset=-80  xor=0x00050  popcnt=2
FAULT R=54620 -> T=54556  offset=-64  xor=0x00040  popcnt=1
FAULT R=54620 -> T=54604  offset=-16  xor=0x00010  popcnt=1
FAULT R=54621 -> T=54413  offset=-208  xor=0x001d0  popcnt=4
FAULT R=54621 -> T=54428  offset=-193  xor=0x001c1  popcnt=4
FAULT R=54621 -> T=54429  offset=-192  xor=0x001c0  popcnt=3
FAULT R=54621 -> T=54476  offset=-145  xor=0x00191  popcnt=4
FAULT R=54621 -> T=54477  offset=-144  xor=0x00190  popcnt=3
FAULT R=54621 -> T=54492  offset=-129  xor=0x00181  popcnt=3
FAULT R=54621 -> T=54493  offset=-128  xor=0x00180  popcnt=2
FAULT R=54621 -> T=54540  offset=-81  xor=0x00051  popcnt=3
FAULT R=54621 -> T=54541  offset=-80  xor=0x00050  popcnt=2
FAULT R=54621 -> T=54556  offset=-65  xor=0x00041  popcnt=2
FAULT R=54621 -> T=54557  offset=-64  xor=0x00040  popcnt=1
FAULT R=54621 -> T=54604  offset=-17  xor=0x00011  popcnt=2
FAULT R=54621 -> T=54605  offset=-16  xor=0x00010  popcnt=1
FAULT R=54621 -> T=54620  offset=-1  xor=0x00001  popcnt=1
FAULT R=54622 -> T=54414  offset=-208  xor=0x001d0  popcnt=4
FAULT R=54622 -> T=54428  offset=-194  xor=0x001c2  popcnt=4
FAULT R=54622 -> T=54430  offset=-192  xor=0x001c0  popcnt=3
FAULT R=54622 -> T=54476  offset=-146  xor=0x00192  popcnt=4
FAULT R=54622 -> T=54478  offset=-144  xor=0x00190  popcnt=3
FAULT R=54622 -> T=54492  offset=-130  xor=0x00182  popcnt=3
FAULT R=54622 -> T=54494  offset=-128  xor=0x00180  popcnt=2
FAULT R=54622 -> T=54540  offset=-82  xor=0x00052  popcnt=3
FAULT R=54622 -> T=54542  offset=-80  xor=0x00050  popcnt=2
FAULT R=54622 -> T=54556  offset=-66  xor=0x00042  popcnt=2
FAULT R=54622 -> T=54558  offset=-64  xor=0x00040  popcnt=1
FAULT R=54622 -> T=54604  offset=-18  xor=0x00012  popcnt=2
FAULT R=54622 -> T=54606  offset=-16  xor=0x00010  popcnt=1
FAULT R=54622 -> T=54620  offset=-2  xor=0x00002  popcnt=1
FAULT R=54624 -> T=54400  offset=-224  xor=0x001e0  popcnt=4
FAULT R=54624 -> T=54404  offset=-220  xor=0x001e4  popcnt=5
FAULT R=54624 -> T=54408  offset=-216  xor=0x001e8  popcnt=5
FAULT R=54624 -> T=54496  offset=-128  xor=0x00180  popcnt=2
FAULT R=54624 -> T=54500  offset=-124  xor=0x00184  popcnt=3
FAULT R=54624 -> T=54504  offset=-120  xor=0x00188  popcnt=3
FAULT R=54624 -> T=54528  offset=-96  xor=0x00060  popcnt=2
FAULT R=54624 -> T=54532  offset=-92  xor=0x00064  popcnt=3
FAULT R=54624 -> T=54536  offset=-88  xor=0x00068  popcnt=3
FAULT R=54624 -> T=54540  offset=-84  xor=0x0006c  popcnt=4
FAULT R=54624 -> T=54628  offset=+4  xor=0x00004  popcnt=1
FAULT R=54624 -> T=54632  offset=+8  xor=0x00008  popcnt=1
FAULT R=54624 -> T=54636  offset=+12  xor=0x0000c  popcnt=2
FAULT R=54626 -> T=54402  offset=-224  xor=0x001e0  popcnt=4
FAULT R=54626 -> T=54404  offset=-222  xor=0x001e6  popcnt=6
FAULT R=54626 -> T=54498  offset=-128  xor=0x00180  popcnt=2
FAULT R=54626 -> T=54500  offset=-126  xor=0x00186  popcnt=4
FAULT R=54626 -> T=54530  offset=-96  xor=0x00060  popcnt=2
FAULT R=54626 -> T=54532  offset=-94  xor=0x00066  popcnt=4
FAULT R=54626 -> T=54538  offset=-88  xor=0x00068  popcnt=3
FAULT R=54626 -> T=54540  offset=-86  xor=0x0006e  popcnt=5
FAULT R=54626 -> T=54628  offset=+2  xor=0x00006  popcnt=2
FAULT R=54626 -> T=54634  offset=+8  xor=0x00008  popcnt=1
FAULT R=54626 -> T=54636  offset=+10  xor=0x0000e  popcnt=3
FAULT R=54628 -> T=54404  offset=-224  xor=0x001e0  popcnt=4
FAULT R=54628 -> T=54500  offset=-128  xor=0x00180  popcnt=2
FAULT R=54628 -> T=54532  offset=-96  xor=0x00060  popcnt=2
FAULT R=54628 -> T=54540  offset=-88  xor=0x00068  popcnt=3
FAULT R=54628 -> T=54636  offset=+8  xor=0x00008  popcnt=1
FAULT R=54629 -> T=54404  offset=-225  xor=0x001e1  popcnt=5
FAULT R=54629 -> T=54405  offset=-224  xor=0x001e0  popcnt=4
FAULT R=54629 -> T=54413  offset=-216  xor=0x001e8  popcnt=5
FAULT R=54629 -> T=54500  offset=-129  xor=0x00181  popcnt=3
FAULT R=54629 -> T=54501  offset=-128  xor=0x00180  popcnt=2
FAULT R=54629 -> T=54509  offset=-120  xor=0x00188  popcnt=3
FAULT R=54629 -> T=54532  offset=-97  xor=0x00061  popcnt=3
FAULT R=54629 -> T=54533  offset=-96  xor=0x00060  popcnt=2
FAULT R=54629 -> T=54540  offset=-89  xor=0x00069  popcnt=4
FAULT R=54629 -> T=54541  offset=-88  xor=0x00068  popcnt=3
FAULT R=54629 -> T=54628  offset=-1  xor=0x00001  popcnt=1
FAULT R=54629 -> T=54636  offset=+7  xor=0x00009  popcnt=2
FAULT R=54629 -> T=54637  offset=+8  xor=0x00008  popcnt=1
FAULT R=54630 -> T=54404  offset=-226  xor=0x001e2  popcnt=5
FAULT R=54630 -> T=54406  offset=-224  xor=0x001e0  popcnt=4
FAULT R=54630 -> T=54414  offset=-216  xor=0x001e8  popcnt=5
FAULT R=54630 -> T=54500  offset=-130  xor=0x00182  popcnt=3
FAULT R=54630 -> T=54502  offset=-128  xor=0x00180  popcnt=2
FAULT R=54630 -> T=54510  offset=-120  xor=0x00188  popcnt=3
FAULT R=54630 -> T=54532  offset=-98  xor=0x00062  popcnt=3
FAULT R=54630 -> T=54534  offset=-96  xor=0x00060  popcnt=2
FAULT R=54630 -> T=54540  offset=-90  xor=0x0006a  popcnt=4
FAULT R=54630 -> T=54542  offset=-88  xor=0x00068  popcnt=3
FAULT R=54630 -> T=54628  offset=-2  xor=0x00002  popcnt=1
FAULT R=54630 -> T=54636  offset=+6  xor=0x0000a  popcnt=2
FAULT R=54630 -> T=54638  offset=+8  xor=0x00008  popcnt=1
FAULT R=54632 -> T=54408  offset=-224  xor=0x001e0  popcnt=4
FAULT R=54632 -> T=54504  offset=-128  xor=0x00180  popcnt=2
FAULT R=54632 -> T=54536  offset=-96  xor=0x00060  popcnt=2
FAULT R=54632 -> T=54540  offset=-92  xor=0x00064  popcnt=3
FAULT R=54632 -> T=54636  offset=+4  xor=0x00004  popcnt=1
FAULT R=54633 -> T=54408  offset=-225  xor=0x001e1  popcnt=5
FAULT R=54633 -> T=54409  offset=-224  xor=0x001e0  popcnt=4
FAULT R=54633 -> T=54413  offset=-220  xor=0x001e4  popcnt=5
FAULT R=54633 -> T=54504  offset=-129  xor=0x00181  popcnt=3
FAULT R=54633 -> T=54505  offset=-128  xor=0x00180  popcnt=2
FAULT R=54633 -> T=54509  offset=-124  xor=0x00184  popcnt=3
FAULT R=54633 -> T=54536  offset=-97  xor=0x00061  popcnt=3
FAULT R=54633 -> T=54537  offset=-96  xor=0x00060  popcnt=2
FAULT R=54633 -> T=54540  offset=-93  xor=0x00065  popcnt=4
FAULT R=54633 -> T=54541  offset=-92  xor=0x00064  popcnt=3
FAULT R=54633 -> T=54632  offset=-1  xor=0x00001  popcnt=1
FAULT R=54633 -> T=54636  offset=+3  xor=0x00005  popcnt=2
FAULT R=54633 -> T=54637  offset=+4  xor=0x00004  popcnt=1
FAULT R=54634 -> T=54538  offset=-96  xor=0x00060  popcnt=2
FAULT R=54634 -> T=54540  offset=-94  xor=0x00066  popcnt=4
FAULT R=54634 -> T=54636  offset=+2  xor=0x00006  popcnt=2
FAULT R=54635 -> T=54411  offset=-224  xor=0x001e0  popcnt=4
FAULT R=54635 -> T=54413  offset=-222  xor=0x001e6  popcnt=6
FAULT R=54635 -> T=54507  offset=-128  xor=0x00180  popcnt=2
FAULT R=54635 -> T=54509  offset=-126  xor=0x00186  popcnt=4
FAULT R=54635 -> T=54538  offset=-97  xor=0x00061  popcnt=3
FAULT R=54635 -> T=54539  offset=-96  xor=0x00060  popcnt=2
FAULT R=54635 -> T=54540  offset=-95  xor=0x00067  popcnt=5
FAULT R=54635 -> T=54541  offset=-94  xor=0x00066  popcnt=4
FAULT R=54635 -> T=54634  offset=-1  xor=0x00001  popcnt=1
FAULT R=54635 -> T=54636  offset=+1  xor=0x00007  popcnt=3
FAULT R=54635 -> T=54637  offset=+2  xor=0x00006  popcnt=2
FAULT R=54636 -> T=54540  offset=-96  xor=0x00060  popcnt=2
FAULT R=54637 -> T=54413  offset=-224  xor=0x001e0  popcnt=4
FAULT R=54637 -> T=54509  offset=-128  xor=0x00180  popcnt=2
FAULT R=54637 -> T=54540  offset=-97  xor=0x00061  popcnt=3
FAULT R=54637 -> T=54541  offset=-96  xor=0x00060  popcnt=2
FAULT R=54637 -> T=54636  offset=-1  xor=0x00001  popcnt=1
FAULT R=54638 -> T=54414  offset=-224  xor=0x001e0  popcnt=4
FAULT R=54638 -> T=54510  offset=-128  xor=0x00180  popcnt=2
FAULT R=54638 -> T=54540  offset=-98  xor=0x00062  popcnt=3
FAULT R=54638 -> T=54542  offset=-96  xor=0x00060  popcnt=2
FAULT R=54638 -> T=54636  offset=-2  xor=0x00002  popcnt=1
FAULT R=54639 -> T=54413  offset=-226  xor=0x001e2  popcnt=5
FAULT R=54639 -> T=54414  offset=-225  xor=0x001e1  popcnt=5
FAULT R=54639 -> T=54415  offset=-224  xor=0x001e0  popcnt=4
FAULT R=54639 -> T=54509  offset=-130  xor=0x00182  popcnt=3
FAULT R=54639 -> T=54510  offset=-129  xor=0x00181  popcnt=3
FAULT R=54639 -> T=54511  offset=-128  xor=0x00180  popcnt=2
FAULT R=54639 -> T=54540  offset=-99  xor=0x00063  popcnt=4
FAULT R=54639 -> T=54541  offset=-98  xor=0x00062  popcnt=3
FAULT R=54639 -> T=54542  offset=-97  xor=0x00061  popcnt=3
FAULT R=54639 -> T=54543  offset=-96  xor=0x00060  popcnt=2
FAULT R=54639 -> T=54636  offset=-3  xor=0x00003  popcnt=2
FAULT R=54639 -> T=54637  offset=-2  xor=0x00002  popcnt=1
FAULT R=54639 -> T=54638  offset=-1  xor=0x00001  popcnt=1
FAULT R=54640 -> T=54408  offset=-232  xor=0x001f8  popcnt=6
FAULT R=54640 -> T=54416  offset=-224  xor=0x001e0  popcnt=4
FAULT R=54640 -> T=54504  offset=-136  xor=0x00198  popcnt=4
FAULT R=54640 -> T=54512  offset=-128  xor=0x00180  popcnt=2
FAULT R=54640 -> T=54536  offset=-104  xor=0x00078  popcnt=4
FAULT R=54640 -> T=54540  offset=-100  xor=0x0007c  popcnt=5
FAULT R=54640 -> T=54544  offset=-96  xor=0x00060  popcnt=2
FAULT R=54640 -> T=54548  offset=-92  xor=0x00064  popcnt=3
FAULT R=54640 -> T=54632  offset=-8  xor=0x00018  popcnt=2
FAULT R=54640 -> T=54636  offset=-4  xor=0x0001c  popcnt=3
FAULT R=54640 -> T=54644  offset=+4  xor=0x00004  popcnt=1
FAULT R=54642 -> T=54538  offset=-104  xor=0x00078  popcnt=4
FAULT R=54642 -> T=54540  offset=-102  xor=0x0007e  popcnt=6
FAULT R=54642 -> T=54546  offset=-96  xor=0x00060  popcnt=2
FAULT R=54642 -> T=54548  offset=-94  xor=0x00066  popcnt=4
FAULT R=54642 -> T=54634  offset=-8  xor=0x00018  popcnt=2
FAULT R=54642 -> T=54636  offset=-6  xor=0x0001e  popcnt=4
FAULT R=54642 -> T=54644  offset=+2  xor=0x00006  popcnt=2
FAULT R=54644 -> T=54540  offset=-104  xor=0x00078  popcnt=4
FAULT R=54644 -> T=54548  offset=-96  xor=0x00060  popcnt=2
FAULT R=54644 -> T=54636  offset=-8  xor=0x00018  popcnt=2
FAULT R=54645 -> T=54413  offset=-232  xor=0x001f8  popcnt=6
FAULT R=54645 -> T=54421  offset=-224  xor=0x001e0  popcnt=4
FAULT R=54645 -> T=54509  offset=-136  xor=0x00198  popcnt=4
FAULT R=54645 -> T=54517  offset=-128  xor=0x00180  popcnt=2
FAULT R=54645 -> T=54540  offset=-105  xor=0x00079  popcnt=5
FAULT R=54645 -> T=54541  offset=-104  xor=0x00078  popcnt=4
FAULT R=54645 -> T=54548  offset=-97  xor=0x00061  popcnt=3
FAULT R=54645 -> T=54549  offset=-96  xor=0x00060  popcnt=2
FAULT R=54645 -> T=54636  offset=-9  xor=0x00019  popcnt=3
FAULT R=54645 -> T=54637  offset=-8  xor=0x00018  popcnt=2
FAULT R=54645 -> T=54644  offset=-1  xor=0x00001  popcnt=1
FAULT R=54646 -> T=54414  offset=-232  xor=0x001f8  popcnt=6
FAULT R=54646 -> T=54422  offset=-224  xor=0x001e0  popcnt=4
FAULT R=54646 -> T=54510  offset=-136  xor=0x00198  popcnt=4
FAULT R=54646 -> T=54518  offset=-128  xor=0x00180  popcnt=2
FAULT R=54646 -> T=54540  offset=-106  xor=0x0007a  popcnt=5
FAULT R=54646 -> T=54542  offset=-104  xor=0x00078  popcnt=4
FAULT R=54646 -> T=54548  offset=-98  xor=0x00062  popcnt=3
FAULT R=54646 -> T=54550  offset=-96  xor=0x00060  popcnt=2
FAULT R=54646 -> T=54636  offset=-10  xor=0x0001a  popcnt=3
FAULT R=54646 -> T=54638  offset=-8  xor=0x00018  popcnt=2
FAULT R=54646 -> T=54644  offset=-2  xor=0x00002  popcnt=1
FAULT R=54648 -> T=54408  offset=-240  xor=0x001f0  popcnt=5
FAULT R=54648 -> T=54424  offset=-224  xor=0x001e0  popcnt=4
FAULT R=54648 -> T=54428  offset=-220  xor=0x001e4  popcnt=5
FAULT R=54648 -> T=54504  offset=-144  xor=0x00190  popcnt=3
FAULT R=54648 -> T=54520  offset=-128  xor=0x00180  popcnt=2
FAULT R=54648 -> T=54524  offset=-124  xor=0x00184  popcnt=3
FAULT R=54648 -> T=54536  offset=-112  xor=0x00070  popcnt=3
FAULT R=54648 -> T=54540  offset=-108  xor=0x00074  popcnt=4
FAULT R=54648 -> T=54552  offset=-96  xor=0x00060  popcnt=2
FAULT R=54648 -> T=54556  offset=-92  xor=0x00064  popcnt=3
FAULT R=54648 -> T=54632  offset=-16  xor=0x00010  popcnt=1
FAULT R=54648 -> T=54636  offset=-12  xor=0x00014  popcnt=2
FAULT R=54648 -> T=54652  offset=+4  xor=0x00004  popcnt=1
FAULT R=54650 -> T=54426  offset=-224  xor=0x001e0  popcnt=4
FAULT R=54650 -> T=54428  offset=-222  xor=0x001e6  popcnt=6
FAULT R=54650 -> T=54522  offset=-128  xor=0x00180  popcnt=2
FAULT R=54650 -> T=54524  offset=-126  xor=0x00186  popcnt=4
FAULT R=54650 -> T=54538  offset=-112  xor=0x00070  popcnt=3
FAULT R=54650 -> T=54540  offset=-110  xor=0x00076  popcnt=5
FAULT R=54650 -> T=54554  offset=-96  xor=0x00060  popcnt=2
FAULT R=54650 -> T=54556  offset=-94  xor=0x00066  popcnt=4
FAULT R=54650 -> T=54634  offset=-16  xor=0x00010  popcnt=1
FAULT R=54650 -> T=54636  offset=-14  xor=0x00016  popcnt=3
FAULT R=54650 -> T=54652  offset=+2  xor=0x00006  popcnt=2
FAULT R=54652 -> T=54428  offset=-224  xor=0x001e0  popcnt=4
FAULT R=54652 -> T=54524  offset=-128  xor=0x00180  popcnt=2
FAULT R=54652 -> T=54540  offset=-112  xor=0x00070  popcnt=3
FAULT R=54652 -> T=54556  offset=-96  xor=0x00060  popcnt=2
FAULT R=54652 -> T=54636  offset=-16  xor=0x00010  popcnt=1
FAULT R=54653 -> T=54413  offset=-240  xor=0x001f0  popcnt=5
FAULT R=54653 -> T=54428  offset=-225  xor=0x001e1  popcnt=5
FAULT R=54653 -> T=54429  offset=-224  xor=0x001e0  popcnt=4
FAULT R=54653 -> T=54509  offset=-144  xor=0x00190  popcnt=3
FAULT R=54653 -> T=54524  offset=-129  xor=0x00181  popcnt=3
FAULT R=54653 -> T=54525  offset=-128  xor=0x00180  popcnt=2
FAULT R=54653 -> T=54540  offset=-113  xor=0x00071  popcnt=4
FAULT R=54653 -> T=54541  offset=-112  xor=0x00070  popcnt=3
FAULT R=54653 -> T=54556  offset=-97  xor=0x00061  popcnt=3
FAULT R=54653 -> T=54557  offset=-96  xor=0x00060  popcnt=2
FAULT R=54653 -> T=54636  offset=-17  xor=0x00011  popcnt=2
FAULT R=54653 -> T=54637  offset=-16  xor=0x00010  popcnt=1
FAULT R=54653 -> T=54652  offset=-1  xor=0x00001  popcnt=1
FAULT R=54654 -> T=54414  offset=-240  xor=0x001f0  popcnt=5
FAULT R=54654 -> T=54428  offset=-226  xor=0x001e2  popcnt=5
FAULT R=54654 -> T=54430  offset=-224  xor=0x001e0  popcnt=4
FAULT R=54654 -> T=54510  offset=-144  xor=0x00190  popcnt=3
FAULT R=54654 -> T=54524  offset=-130  xor=0x00182  popcnt=3
FAULT R=54654 -> T=54526  offset=-128  xor=0x00180  popcnt=2
FAULT R=54654 -> T=54540  offset=-114  xor=0x00072  popcnt=4
FAULT R=54654 -> T=54542  offset=-112  xor=0x00070  popcnt=3
FAULT R=54654 -> T=54556  offset=-98  xor=0x00062  popcnt=3
FAULT R=54654 -> T=54558  offset=-96  xor=0x00060  popcnt=2
FAULT R=54654 -> T=54636  offset=-18  xor=0x00012  popcnt=2
FAULT R=54654 -> T=54638  offset=-16  xor=0x00010  popcnt=1
FAULT R=54654 -> T=54652  offset=-2  xor=0x00002  popcnt=1
FAULT R=54656 -> T=54400  offset=-256  xor=0x00100  popcnt=1
FAULT R=54656 -> T=54404  offset=-252  xor=0x00104  popcnt=2
FAULT R=54656 -> T=54408  offset=-248  xor=0x00108  popcnt=2
FAULT R=54656 -> T=54660  offset=+4  xor=0x00004  popcnt=1
FAULT R=54656 -> T=54664  offset=+8  xor=0x00008  popcnt=1
FAULT R=54657 -> T=54400  offset=-257  xor=0x00101  popcnt=2
FAULT R=54657 -> T=54401  offset=-256  xor=0x00100  popcnt=1
FAULT R=54657 -> T=54404  offset=-253  xor=0x00105  popcnt=3
FAULT R=54657 -> T=54405  offset=-252  xor=0x00104  popcnt=2
FAULT R=54657 -> T=54408  offset=-249  xor=0x00109  popcnt=3
FAULT R=54657 -> T=54409  offset=-248  xor=0x00108  popcnt=2
FAULT R=54657 -> T=54413  offset=-244  xor=0x0010c  popcnt=3
FAULT R=54657 -> T=54656  offset=-1  xor=0x00001  popcnt=1
FAULT R=54657 -> T=54660  offset=+3  xor=0x00005  popcnt=2
FAULT R=54657 -> T=54661  offset=+4  xor=0x00004  popcnt=1
FAULT R=54657 -> T=54664  offset=+7  xor=0x00009  popcnt=2
FAULT R=54657 -> T=54665  offset=+8  xor=0x00008  popcnt=1
FAULT R=54657 -> T=54669  offset=+12  xor=0x0000c  popcnt=2
FAULT R=54658 -> T=54402  offset=-256  xor=0x00100  popcnt=1
FAULT R=54658 -> T=54404  offset=-254  xor=0x00106  popcnt=3
FAULT R=54658 -> T=54660  offset=+2  xor=0x00006  popcnt=2
FAULT R=54659 -> T=54402  offset=-257  xor=0x00101  popcnt=2
FAULT R=54659 -> T=54403  offset=-256  xor=0x00100  popcnt=1
FAULT R=54659 -> T=54404  offset=-255  xor=0x00107  popcnt=4
FAULT R=54659 -> T=54405  offset=-254  xor=0x00106  popcnt=3
FAULT R=54659 -> T=54411  offset=-248  xor=0x00108  popcnt=2
FAULT R=54659 -> T=54413  offset=-246  xor=0x0010e  popcnt=4
FAULT R=54659 -> T=54658  offset=-1  xor=0x00001  popcnt=1
FAULT R=54659 -> T=54660  offset=+1  xor=0x00007  popcnt=3
FAULT R=54659 -> T=54661  offset=+2  xor=0x00006  popcnt=2
FAULT R=54659 -> T=54667  offset=+8  xor=0x00008  popcnt=1
FAULT R=54659 -> T=54669  offset=+10  xor=0x0000e  popcnt=3
FAULT R=54660 -> T=54404  offset=-256  xor=0x00100  popcnt=1
FAULT R=54661 -> T=54404  offset=-257  xor=0x00101  popcnt=2
FAULT R=54661 -> T=54405  offset=-256  xor=0x00100  popcnt=1
FAULT R=54661 -> T=54413  offset=-248  xor=0x00108  popcnt=2
FAULT R=54661 -> T=54660  offset=-1  xor=0x00001  popcnt=1
FAULT R=54661 -> T=54669  offset=+8  xor=0x00008  popcnt=1
FAULT R=54662 -> T=54404  offset=-258  xor=0x00102  popcnt=2
FAULT R=54662 -> T=54406  offset=-256  xor=0x00100  popcnt=1
FAULT R=54662 -> T=54414  offset=-248  xor=0x00108  popcnt=2
FAULT R=54662 -> T=54660  offset=-2  xor=0x00002  popcnt=1
FAULT R=54662 -> T=54670  offset=+8  xor=0x00008  popcnt=1
FAULT R=54663 -> T=54404  offset=-259  xor=0x00103  popcnt=3
FAULT R=54663 -> T=54405  offset=-258  xor=0x00102  popcnt=2
FAULT R=54663 -> T=54406  offset=-257  xor=0x00101  popcnt=2
FAULT R=54663 -> T=54407  offset=-256  xor=0x00100  popcnt=1
FAULT R=54663 -> T=54413  offset=-250  xor=0x0010a  popcnt=3
FAULT R=54663 -> T=54414  offset=-249  xor=0x00109  popcnt=3
FAULT R=54663 -> T=54415  offset=-248  xor=0x00108  popcnt=2
FAULT R=54663 -> T=54660  offset=-3  xor=0x00003  popcnt=2
FAULT R=54663 -> T=54661  offset=-2  xor=0x00002  popcnt=1
FAULT R=54663 -> T=54662  offset=-1  xor=0x00001  popcnt=1
FAULT R=54663 -> T=54669  offset=+6  xor=0x0000a  popcnt=2
FAULT R=54663 -> T=54670  offset=+7  xor=0x00009  popcnt=2
FAULT R=54663 -> T=54671  offset=+8  xor=0x00008  popcnt=1
FAULT R=54664 -> T=54408  offset=-256  xor=0x00100  popcnt=1
FAULT R=54665 -> T=54408  offset=-257  xor=0x00101  popcnt=2
FAULT R=54665 -> T=54409  offset=-256  xor=0x00100  popcnt=1
FAULT R=54665 -> T=54413  offset=-252  xor=0x00104  popcnt=2
FAULT R=54665 -> T=54664  offset=-1  xor=0x00001  popcnt=1
FAULT R=54665 -> T=54669  offset=+4  xor=0x00004  popcnt=1
FAULT R=54667 -> T=54411  offset=-256  xor=0x00100  popcnt=1
FAULT R=54667 -> T=54413  offset=-254  xor=0x00106  popcnt=3
FAULT R=54667 -> T=54669  offset=+2  xor=0x00006  popcnt=2
FAULT R=54669 -> T=54413  offset=-256  xor=0x00100  popcnt=1
FAULT R=54670 -> T=54414  offset=-256  xor=0x00100  popcnt=1
FAULT R=54671 -> T=54413  offset=-258  xor=0x00102  popcnt=2
FAULT R=54671 -> T=54414  offset=-257  xor=0x00101  popcnt=2
FAULT R=54671 -> T=54415  offset=-256  xor=0x00100  popcnt=1
FAULT R=54671 -> T=54669  offset=-2  xor=0x00002  popcnt=1
FAULT R=54671 -> T=54670  offset=-1  xor=0x00001  popcnt=1
FAULT R=54672 -> T=54408  offset=-264  xor=0x00118  popcnt=3
FAULT R=54672 -> T=54416  offset=-256  xor=0x00100  popcnt=1
FAULT R=54672 -> T=54664  offset=-8  xor=0x00018  popcnt=2
FAULT R=54673 -> T=54408  offset=-265  xor=0x00119  popcnt=4
FAULT R=54673 -> T=54409  offset=-264  xor=0x00118  popcnt=3
FAULT R=54673 -> T=54413  offset=-260  xor=0x0011c  popcnt=4
FAULT R=54673 -> T=54416  offset=-257  xor=0x00101  popcnt=2
FAULT R=54673 -> T=54417  offset=-256  xor=0x00100  popcnt=1
FAULT R=54673 -> T=54421  offset=-252  xor=0x00104  popcnt=2
FAULT R=54673 -> T=54664  offset=-9  xor=0x00019  popcnt=3
FAULT R=54673 -> T=54665  offset=-8  xor=0x00018  popcnt=2
FAULT R=54673 -> T=54669  offset=-4  xor=0x0001c  popcnt=3
FAULT R=54673 -> T=54672  offset=-1  xor=0x00001  popcnt=1
FAULT R=54673 -> T=54677  offset=+4  xor=0x00004  popcnt=1
FAULT R=54675 -> T=54411  offset=-264  xor=0x00118  popcnt=3
FAULT R=54675 -> T=54413  offset=-262  xor=0x0011e  popcnt=5
FAULT R=54675 -> T=54419  offset=-256  xor=0x00100  popcnt=1
FAULT R=54675 -> T=54421  offset=-254  xor=0x00106  popcnt=3
FAULT R=54675 -> T=54667  offset=-8  xor=0x00018  popcnt=2
FAULT R=54675 -> T=54669  offset=-6  xor=0x0001e  popcnt=4
FAULT R=54675 -> T=54677  offset=+2  xor=0x00006  popcnt=2
FAULT R=54677 -> T=54413  offset=-264  xor=0x00118  popcnt=3
FAULT R=54677 -> T=54421  offset=-256  xor=0x00100  popcnt=1
FAULT R=54677 -> T=54669  offset=-8  xor=0x00018  popcnt=2
FAULT R=54678 -> T=54414  offset=-264  xor=0x00118  popcnt=3
FAULT R=54678 -> T=54422  offset=-256  xor=0x00100  popcnt=1
FAULT R=54678 -> T=54670  offset=-8  xor=0x00018  popcnt=2
FAULT R=54679 -> T=54413  offset=-266  xor=0x0011a  popcnt=4
FAULT R=54679 -> T=54414  offset=-265  xor=0x00119  popcnt=4
FAULT R=54679 -> T=54415  offset=-264  xor=0x00118  popcnt=3
FAULT R=54679 -> T=54421  offset=-258  xor=0x00102  popcnt=2
FAULT R=54679 -> T=54422  offset=-257  xor=0x00101  popcnt=2
FAULT R=54679 -> T=54423  offset=-256  xor=0x00100  popcnt=1
FAULT R=54679 -> T=54669  offset=-10  xor=0x0001a  popcnt=3
FAULT R=54679 -> T=54670  offset=-9  xor=0x00019  popcnt=3
FAULT R=54679 -> T=54671  offset=-8  xor=0x00018  popcnt=2
FAULT R=54679 -> T=54677  offset=-2  xor=0x00002  popcnt=1
FAULT R=54679 -> T=54678  offset=-1  xor=0x00001  popcnt=1
FAULT R=54680 -> T=54408  offset=-272  xor=0x00110  popcnt=2
FAULT R=54680 -> T=54424  offset=-256  xor=0x00100  popcnt=1
FAULT R=54680 -> T=54428  offset=-252  xor=0x00104  popcnt=2
FAULT R=54680 -> T=54664  offset=-16  xor=0x00010  popcnt=1
FAULT R=54680 -> T=54684  offset=+4  xor=0x00004  popcnt=1
FAULT R=54681 -> T=54408  offset=-273  xor=0x00111  popcnt=3
FAULT R=54681 -> T=54409  offset=-272  xor=0x00110  popcnt=2
FAULT R=54681 -> T=54413  offset=-268  xor=0x00114  popcnt=3
FAULT R=54681 -> T=54424  offset=-257  xor=0x00101  popcnt=2
FAULT R=54681 -> T=54425  offset=-256  xor=0x00100  popcnt=1
FAULT R=54681 -> T=54428  offset=-253  xor=0x00105  popcnt=3
FAULT R=54681 -> T=54429  offset=-252  xor=0x00104  popcnt=2
FAULT R=54681 -> T=54664  offset=-17  xor=0x00011  popcnt=2
FAULT R=54681 -> T=54665  offset=-16  xor=0x00010  popcnt=1
FAULT R=54681 -> T=54669  offset=-12  xor=0x00014  popcnt=2
FAULT R=54681 -> T=54680  offset=-1  xor=0x00001  popcnt=1
FAULT R=54681 -> T=54684  offset=+3  xor=0x00005  popcnt=2
FAULT R=54681 -> T=54685  offset=+4  xor=0x00004  popcnt=1
FAULT R=54682 -> T=54426  offset=-256  xor=0x00100  popcnt=1
FAULT R=54682 -> T=54428  offset=-254  xor=0x00106  popcnt=3
FAULT R=54682 -> T=54684  offset=+2  xor=0x00006  popcnt=2
FAULT R=54683 -> T=54411  offset=-272  xor=0x00110  popcnt=2
FAULT R=54683 -> T=54413  offset=-270  xor=0x00116  popcnt=4
FAULT R=54683 -> T=54426  offset=-257  xor=0x00101  popcnt=2
FAULT R=54683 -> T=54427  offset=-256  xor=0x00100  popcnt=1
FAULT R=54683 -> T=54428  offset=-255  xor=0x00107  popcnt=4
FAULT R=54683 -> T=54429  offset=-254  xor=0x00106  popcnt=3
FAULT R=54683 -> T=54667  offset=-16  xor=0x00010  popcnt=1
FAULT R=54683 -> T=54669  offset=-14  xor=0x00016  popcnt=3
FAULT R=54683 -> T=54682  offset=-1  xor=0x00001  popcnt=1
FAULT R=54683 -> T=54684  offset=+1  xor=0x00007  popcnt=3
FAULT R=54683 -> T=54685  offset=+2  xor=0x00006  popcnt=2
FAULT R=54684 -> T=54428  offset=-256  xor=0x00100  popcnt=1
FAULT R=54685 -> T=54413  offset=-272  xor=0x00110  popcnt=2
FAULT R=54685 -> T=54428  offset=-257  xor=0x00101  popcnt=2
FAULT R=54685 -> T=54429  offset=-256  xor=0x00100  popcnt=1
FAULT R=54685 -> T=54669  offset=-16  xor=0x00010  popcnt=1
FAULT R=54685 -> T=54684  offset=-1  xor=0x00001  popcnt=1
FAULT R=54686 -> T=54414  offset=-272  xor=0x00110  popcnt=2
FAULT R=54686 -> T=54428  offset=-258  xor=0x00102  popcnt=2
FAULT R=54686 -> T=54430  offset=-256  xor=0x00100  popcnt=1
FAULT R=54686 -> T=54670  offset=-16  xor=0x00010  popcnt=1
FAULT R=54686 -> T=54684  offset=-2  xor=0x00002  popcnt=1
FAULT R=54687 -> T=54413  offset=-274  xor=0x00112  popcnt=3
FAULT R=54687 -> T=54414  offset=-273  xor=0x00111  popcnt=3
FAULT R=54687 -> T=54415  offset=-272  xor=0x00110  popcnt=2
FAULT R=54687 -> T=54428  offset=-259  xor=0x00103  popcnt=3
FAULT R=54687 -> T=54429  offset=-258  xor=0x00102  popcnt=2
FAULT R=54687 -> T=54430  offset=-257  xor=0x00101  popcnt=2
FAULT R=54687 -> T=54431  offset=-256  xor=0x00100  popcnt=1
FAULT R=54687 -> T=54669  offset=-18  xor=0x00012  popcnt=2
FAULT R=54687 -> T=54670  offset=-17  xor=0x00011  popcnt=2
FAULT R=54687 -> T=54671  offset=-16  xor=0x00010  popcnt=1
FAULT R=54687 -> T=54684  offset=-3  xor=0x00003  popcnt=2
FAULT R=54687 -> T=54685  offset=-2  xor=0x00002  popcnt=1
FAULT R=54687 -> T=54686  offset=-1  xor=0x00001  popcnt=1
FAULT R=54688 -> T=54400  offset=-288  xor=0x00120  popcnt=2
FAULT R=54688 -> T=54404  offset=-284  xor=0x00124  popcnt=3
FAULT R=54688 -> T=54408  offset=-280  xor=0x00128  popcnt=3
FAULT R=54688 -> T=54432  offset=-256  xor=0x00100  popcnt=1
FAULT R=54688 -> T=54436  offset=-252  xor=0x00104  popcnt=2
FAULT R=54688 -> T=54440  offset=-248  xor=0x00108  popcnt=2
FAULT R=54688 -> T=54444  offset=-244  xor=0x0010c  popcnt=3
FAULT R=54688 -> T=54656  offset=-32  xor=0x00020  popcnt=1
FAULT R=54688 -> T=54660  offset=-28  xor=0x00024  popcnt=2
FAULT R=54688 -> T=54664  offset=-24  xor=0x00028  popcnt=2
FAULT R=54688 -> T=54692  offset=+4  xor=0x00004  popcnt=1
FAULT R=54688 -> T=54696  offset=+8  xor=0x00008  popcnt=1
FAULT R=54688 -> T=54700  offset=+12  xor=0x0000c  popcnt=2
FAULT R=54690 -> T=54402  offset=-288  xor=0x00120  popcnt=2
FAULT R=54690 -> T=54404  offset=-286  xor=0x00126  popcnt=4
FAULT R=54690 -> T=54434  offset=-256  xor=0x00100  popcnt=1
FAULT R=54690 -> T=54436  offset=-254  xor=0x00106  popcnt=3
FAULT R=54690 -> T=54442  offset=-248  xor=0x00108  popcnt=2
FAULT R=54690 -> T=54444  offset=-246  xor=0x0010e  popcnt=4
FAULT R=54690 -> T=54658  offset=-32  xor=0x00020  popcnt=1
FAULT R=54690 -> T=54660  offset=-30  xor=0x00026  popcnt=3
FAULT R=54690 -> T=54692  offset=+2  xor=0x00006  popcnt=2
FAULT R=54690 -> T=54698  offset=+8  xor=0x00008  popcnt=1
FAULT R=54690 -> T=54700  offset=+10  xor=0x0000e  popcnt=3
FAULT R=54692 -> T=54404  offset=-288  xor=0x00120  popcnt=2
FAULT R=54692 -> T=54436  offset=-256  xor=0x00100  popcnt=1
FAULT R=54692 -> T=54444  offset=-248  xor=0x00108  popcnt=2
FAULT R=54692 -> T=54660  offset=-32  xor=0x00020  popcnt=1
FAULT R=54692 -> T=54700  offset=+8  xor=0x00008  popcnt=1
FAULT R=54693 -> T=54404  offset=-289  xor=0x00121  popcnt=3
FAULT R=54693 -> T=54405  offset=-288  xor=0x00120  popcnt=2
FAULT R=54693 -> T=54413  offset=-280  xor=0x00128  popcnt=3
FAULT R=54693 -> T=54436  offset=-257  xor=0x00101  popcnt=2
FAULT R=54693 -> T=54437  offset=-256  xor=0x00100  popcnt=1
FAULT R=54693 -> T=54444  offset=-249  xor=0x00109  popcnt=3
FAULT R=54693 -> T=54445  offset=-248  xor=0x00108  popcnt=2
FAULT R=54693 -> T=54660  offset=-33  xor=0x00021  popcnt=2
FAULT R=54693 -> T=54661  offset=-32  xor=0x00020  popcnt=1
FAULT R=54693 -> T=54669  offset=-24  xor=0x00028  popcnt=2
FAULT R=54693 -> T=54692  offset=-1  xor=0x00001  popcnt=1
FAULT R=54693 -> T=54700  offset=+7  xor=0x00009  popcnt=2
FAULT R=54693 -> T=54701  offset=+8  xor=0x00008  popcnt=1
FAULT R=54694 -> T=54404  offset=-290  xor=0x00122  popcnt=3
FAULT R=54694 -> T=54406  offset=-288  xor=0x00120  popcnt=2
FAULT R=54694 -> T=54414  offset=-280  xor=0x00128  popcnt=3
FAULT R=54694 -> T=54436  offset=-258  xor=0x00102  popcnt=2
FAULT R=54694 -> T=54438  offset=-256  xor=0x00100  popcnt=1
FAULT R=54694 -> T=54444  offset=-250  xor=0x0010a  popcnt=3
FAULT R=54694 -> T=54446  offset=-248  xor=0x00108  popcnt=2
FAULT R=54694 -> T=54660  offset=-34  xor=0x00022  popcnt=2
FAULT R=54694 -> T=54662  offset=-32  xor=0x00020  popcnt=1
FAULT R=54694 -> T=54670  offset=-24  xor=0x00028  popcnt=2
FAULT R=54694 -> T=54692  offset=-2  xor=0x00002  popcnt=1
FAULT R=54694 -> T=54700  offset=+6  xor=0x0000a  popcnt=2
FAULT R=54694 -> T=54702  offset=+8  xor=0x00008  popcnt=1
FAULT R=54696 -> T=54408  offset=-288  xor=0x00120  popcnt=2
FAULT R=54696 -> T=54440  offset=-256  xor=0x00100  popcnt=1
FAULT R=54696 -> T=54444  offset=-252  xor=0x00104  popcnt=2
FAULT R=54696 -> T=54664  offset=-32  xor=0x00020  popcnt=1
FAULT R=54696 -> T=54700  offset=+4  xor=0x00004  popcnt=1
FAULT R=54697 -> T=54408  offset=-289  xor=0x00121  popcnt=3
FAULT R=54697 -> T=54409  offset=-288  xor=0x00120  popcnt=2
FAULT R=54697 -> T=54413  offset=-284  xor=0x00124  popcnt=3
FAULT R=54697 -> T=54440  offset=-257  xor=0x00101  popcnt=2
FAULT R=54697 -> T=54441  offset=-256  xor=0x00100  popcnt=1
FAULT R=54697 -> T=54444  offset=-253  xor=0x00105  popcnt=3
FAULT R=54697 -> T=54445  offset=-252  xor=0x00104  popcnt=2
FAULT R=54697 -> T=54664  offset=-33  xor=0x00021  popcnt=2
FAULT R=54697 -> T=54665  offset=-32  xor=0x00020  popcnt=1
FAULT R=54697 -> T=54669  offset=-28  xor=0x00024  popcnt=2
FAULT R=54697 -> T=54696  offset=-1  xor=0x00001  popcnt=1
FAULT R=54697 -> T=54700  offset=+3  xor=0x00005  popcnt=2
FAULT R=54697 -> T=54701  offset=+4  xor=0x00004  popcnt=1
FAULT R=54698 -> T=54442  offset=-256  xor=0x00100  popcnt=1
FAULT R=54698 -> T=54444  offset=-254  xor=0x00106  popcnt=3
FAULT R=54698 -> T=54700  offset=+2  xor=0x00006  popcnt=2
FAULT R=54699 -> T=54411  offset=-288  xor=0x00120  popcnt=2
FAULT R=54699 -> T=54413  offset=-286  xor=0x00126  popcnt=4
FAULT R=54699 -> T=54442  offset=-257  xor=0x00101  popcnt=2
FAULT R=54699 -> T=54443  offset=-256  xor=0x00100  popcnt=1
FAULT R=54699 -> T=54444  offset=-255  xor=0x00107  popcnt=4
FAULT R=54699 -> T=54445  offset=-254  xor=0x00106  popcnt=3
FAULT R=54699 -> T=54667  offset=-32  xor=0x00020  popcnt=1
FAULT R=54699 -> T=54669  offset=-30  xor=0x00026  popcnt=3
FAULT R=54699 -> T=54698  offset=-1  xor=0x00001  popcnt=1
FAULT R=54699 -> T=54700  offset=+1  xor=0x00007  popcnt=3
FAULT R=54699 -> T=54701  offset=+2  xor=0x00006  popcnt=2
FAULT R=54700 -> T=54444  offset=-256  xor=0x00100  popcnt=1
FAULT R=54701 -> T=54413  offset=-288  xor=0x00120  popcnt=2
FAULT R=54701 -> T=54444  offset=-257  xor=0x00101  popcnt=2
FAULT R=54701 -> T=54445  offset=-256  xor=0x00100  popcnt=1
FAULT R=54701 -> T=54669  offset=-32  xor=0x00020  popcnt=1
FAULT R=54701 -> T=54700  offset=-1  xor=0x00001  popcnt=1
FAULT R=54702 -> T=54414  offset=-288  xor=0x00120  popcnt=2
FAULT R=54702 -> T=54444  offset=-258  xor=0x00102  popcnt=2
FAULT R=54702 -> T=54446  offset=-256  xor=0x00100  popcnt=1
FAULT R=54702 -> T=54670  offset=-32  xor=0x00020  popcnt=1
FAULT R=54702 -> T=54700  offset=-2  xor=0x00002  popcnt=1
FAULT R=54703 -> T=54413  offset=-290  xor=0x00122  popcnt=3
FAULT R=54703 -> T=54414  offset=-289  xor=0x00121  popcnt=3
FAULT R=54703 -> T=54415  offset=-288  xor=0x00120  popcnt=2
FAULT R=54703 -> T=54444  offset=-259  xor=0x00103  popcnt=3
FAULT R=54703 -> T=54445  offset=-258  xor=0x00102  popcnt=2
FAULT R=54703 -> T=54446  offset=-257  xor=0x00101  popcnt=2
FAULT R=54703 -> T=54447  offset=-256  xor=0x00100  popcnt=1
FAULT R=54703 -> T=54669  offset=-34  xor=0x00022  popcnt=2
FAULT R=54703 -> T=54670  offset=-33  xor=0x00021  popcnt=2
FAULT R=54703 -> T=54671  offset=-32  xor=0x00020  popcnt=1
FAULT R=54703 -> T=54700  offset=-3  xor=0x00003  popcnt=2
FAULT R=54703 -> T=54701  offset=-2  xor=0x00002  popcnt=1
FAULT R=54703 -> T=54702  offset=-1  xor=0x00001  popcnt=1
FAULT R=54704 -> T=54408  offset=-296  xor=0x00138  popcnt=4
FAULT R=54704 -> T=54416  offset=-288  xor=0x00120  popcnt=2
FAULT R=54704 -> T=54440  offset=-264  xor=0x00118  popcnt=3
FAULT R=54704 -> T=54444  offset=-260  xor=0x0011c  popcnt=4
FAULT R=54704 -> T=54448  offset=-256  xor=0x00100  popcnt=1
FAULT R=54704 -> T=54452  offset=-252  xor=0x00104  popcnt=2
FAULT R=54704 -> T=54664  offset=-40  xor=0x00038  popcnt=3
FAULT R=54704 -> T=54672  offset=-32  xor=0x00020  popcnt=1
FAULT R=54704 -> T=54696  offset=-8  xor=0x00018  popcnt=2
FAULT R=54704 -> T=54700  offset=-4  xor=0x0001c  popcnt=3
FAULT R=54704 -> T=54708  offset=+4  xor=0x00004  popcnt=1
FAULT R=54706 -> T=54442  offset=-264  xor=0x00118  popcnt=3
FAULT R=54706 -> T=54444  offset=-262  xor=0x0011e  popcnt=5
FAULT R=54706 -> T=54450  offset=-256  xor=0x00100  popcnt=1
FAULT R=54706 -> T=54452  offset=-254  xor=0x00106  popcnt=3
FAULT R=54706 -> T=54698  offset=-8  xor=0x00018  popcnt=2
FAULT R=54706 -> T=54700  offset=-6  xor=0x0001e  popcnt=4
FAULT R=54706 -> T=54708  offset=+2  xor=0x00006  popcnt=2
FAULT R=54708 -> T=54444  offset=-264  xor=0x00118  popcnt=3
FAULT R=54708 -> T=54452  offset=-256  xor=0x00100  popcnt=1
FAULT R=54708 -> T=54700  offset=-8  xor=0x00018  popcnt=2
FAULT R=54709 -> T=54413  offset=-296  xor=0x00138  popcnt=4
FAULT R=54709 -> T=54421  offset=-288  xor=0x00120  popcnt=2
FAULT R=54709 -> T=54444  offset=-265  xor=0x00119  popcnt=4
FAULT R=54709 -> T=54445  offset=-264  xor=0x00118  popcnt=3
FAULT R=54709 -> T=54452  offset=-257  xor=0x00101  popcnt=2
FAULT R=54709 -> T=54453  offset=-256  xor=0x00100  popcnt=1
FAULT R=54709 -> T=54669  offset=-40  xor=0x00038  popcnt=3
FAULT R=54709 -> T=54677  offset=-32  xor=0x00020  popcnt=1
FAULT R=54709 -> T=54700  offset=-9  xor=0x00019  popcnt=3
FAULT R=54709 -> T=54701  offset=-8  xor=0x00018  popcnt=2
FAULT R=54709 -> T=54708  offset=-1  xor=0x00001  popcnt=1
FAULT R=54710 -> T=54414  offset=-296  xor=0x00138  popcnt=4
FAULT R=54710 -> T=54422  offset=-288  xor=0x00120  popcnt=2
FAULT R=54710 -> T=54444  offset=-266  xor=0x0011a  popcnt=4
FAULT R=54710 -> T=54446  offset=-264  xor=0x00118  popcnt=3
FAULT R=54710 -> T=54452  offset=-258  xor=0x00102  popcnt=2
FAULT R=54710 -> T=54454  offset=-256  xor=0x00100  popcnt=1
FAULT R=54710 -> T=54670  offset=-40  xor=0x00038  popcnt=3
FAULT R=54710 -> T=54678  offset=-32  xor=0x00020  popcnt=1
FAULT R=54710 -> T=54700  offset=-10  xor=0x0001a  popcnt=3
FAULT R=54710 -> T=54702  offset=-8  xor=0x00018  popcnt=2
FAULT R=54710 -> T=54708  offset=-2  xor=0x00002  popcnt=1
FAULT R=54712 -> T=54408  offset=-304  xor=0x00130  popcnt=3
FAULT R=54712 -> T=54424  offset=-288  xor=0x00120  popcnt=2
FAULT R=54712 -> T=54428  offset=-284  xor=0x00124  popcnt=3
FAULT R=54712 -> T=54440  offset=-272  xor=0x00110  popcnt=2
FAULT R=54712 -> T=54444  offset=-268  xor=0x00114  popcnt=3
FAULT R=54712 -> T=54456  offset=-256  xor=0x00100  popcnt=1
FAULT R=54712 -> T=54460  offset=-252  xor=0x00104  popcnt=2
FAULT R=54712 -> T=54664  offset=-48  xor=0x00030  popcnt=2
FAULT R=54712 -> T=54680  offset=-32  xor=0x00020  popcnt=1
FAULT R=54712 -> T=54684  offset=-28  xor=0x00024  popcnt=2
FAULT R=54712 -> T=54696  offset=-16  xor=0x00010  popcnt=1
FAULT R=54712 -> T=54700  offset=-12  xor=0x00014  popcnt=2
FAULT R=54712 -> T=54716  offset=+4  xor=0x00004  popcnt=1
FAULT R=54714 -> T=54426  offset=-288  xor=0x00120  popcnt=2
FAULT R=54714 -> T=54428  offset=-286  xor=0x00126  popcnt=4
FAULT R=54714 -> T=54442  offset=-272  xor=0x00110  popcnt=2
FAULT R=54714 -> T=54444  offset=-270  xor=0x00116  popcnt=4
FAULT R=54714 -> T=54458  offset=-256  xor=0x00100  popcnt=1
FAULT R=54714 -> T=54460  offset=-254  xor=0x00106  popcnt=3
FAULT R=54714 -> T=54682  offset=-32  xor=0x00020  popcnt=1
FAULT R=54714 -> T=54684  offset=-30  xor=0x00026  popcnt=3
FAULT R=54714 -> T=54698  offset=-16  xor=0x00010  popcnt=1
FAULT R=54714 -> T=54700  offset=-14  xor=0x00016  popcnt=3
FAULT R=54714 -> T=54716  offset=+2  xor=0x00006  popcnt=2
FAULT R=54716 -> T=54428  offset=-288  xor=0x00120  popcnt=2
FAULT R=54716 -> T=54444  offset=-272  xor=0x00110  popcnt=2
FAULT R=54716 -> T=54460  offset=-256  xor=0x00100  popcnt=1
FAULT R=54716 -> T=54684  offset=-32  xor=0x00020  popcnt=1
FAULT R=54716 -> T=54700  offset=-16  xor=0x00010  popcnt=1
FAULT R=54717 -> T=54413  offset=-304  xor=0x00130  popcnt=3
FAULT R=54717 -> T=54428  offset=-289  xor=0x00121  popcnt=3
FAULT R=54717 -> T=54429  offset=-288  xor=0x00120  popcnt=2
FAULT R=54717 -> T=54444  offset=-273  xor=0x00111  popcnt=3
FAULT R=54717 -> T=54445  offset=-272  xor=0x00110  popcnt=2
FAULT R=54717 -> T=54460  offset=-257  xor=0x00101  popcnt=2
FAULT R=54717 -> T=54461  offset=-256  xor=0x00100  popcnt=1
FAULT R=54717 -> T=54669  offset=-48  xor=0x00030  popcnt=2
FAULT R=54717 -> T=54684  offset=-33  xor=0x00021  popcnt=2
FAULT R=54717 -> T=54685  offset=-32  xor=0x00020  popcnt=1
FAULT R=54717 -> T=54700  offset=-17  xor=0x00011  popcnt=2
FAULT R=54717 -> T=54701  offset=-16  xor=0x00010  popcnt=1
FAULT R=54717 -> T=54716  offset=-1  xor=0x00001  popcnt=1
FAULT R=54718 -> T=54414  offset=-304  xor=0x00130  popcnt=3
FAULT R=54718 -> T=54428  offset=-290  xor=0x00122  popcnt=3
FAULT R=54718 -> T=54430  offset=-288  xor=0x00120  popcnt=2
FAULT R=54718 -> T=54444  offset=-274  xor=0x00112  popcnt=3
FAULT R=54718 -> T=54446  offset=-272  xor=0x00110  popcnt=2
FAULT R=54718 -> T=54460  offset=-258  xor=0x00102  popcnt=2
FAULT R=54718 -> T=54462  offset=-256  xor=0x00100  popcnt=1
FAULT R=54718 -> T=54670  offset=-48  xor=0x00030  popcnt=2
FAULT R=54718 -> T=54684  offset=-34  xor=0x00022  popcnt=2
FAULT R=54718 -> T=54686  offset=-32  xor=0x00020  popcnt=1
FAULT R=54718 -> T=54700  offset=-18  xor=0x00012  popcnt=2
FAULT R=54718 -> T=54702  offset=-16  xor=0x00010  popcnt=1
FAULT R=54718 -> T=54716  offset=-2  xor=0x00002  popcnt=1
FAULT R=54720 -> T=54400  offset=-320  xor=0x00140  popcnt=2
FAULT R=54720 -> T=54404  offset=-316  xor=0x00144  popcnt=3
FAULT R=54720 -> T=54408  offset=-312  xor=0x00148  popcnt=3
FAULT R=54720 -> T=54464  offset=-256  xor=0x00100  popcnt=1
FAULT R=54720 -> T=54468  offset=-252  xor=0x00104  popcnt=2
FAULT R=54720 -> T=54472  offset=-248  xor=0x00108  popcnt=2
FAULT R=54720 -> T=54476  offset=-244  xor=0x0010c  popcnt=3
FAULT R=54720 -> T=54656  offset=-64  xor=0x00040  popcnt=1
FAULT R=54720 -> T=54660  offset=-60  xor=0x00044  popcnt=2
FAULT R=54720 -> T=54664  offset=-56  xor=0x00048  popcnt=2
FAULT R=54720 -> T=54724  offset=+4  xor=0x00004  popcnt=1
FAULT R=54720 -> T=54728  offset=+8  xor=0x00008  popcnt=1
FAULT R=54720 -> T=54732  offset=+12  xor=0x0000c  popcnt=2
FAULT R=54722 -> T=54402  offset=-320  xor=0x00140  popcnt=2
FAULT R=54722 -> T=54404  offset=-318  xor=0x00146  popcnt=4
FAULT R=54722 -> T=54466  offset=-256  xor=0x00100  popcnt=1
FAULT R=54722 -> T=54468  offset=-254  xor=0x00106  popcnt=3
FAULT R=54722 -> T=54474  offset=-248  xor=0x00108  popcnt=2
FAULT R=54722 -> T=54476  offset=-246  xor=0x0010e  popcnt=4
FAULT R=54722 -> T=54658  offset=-64  xor=0x00040  popcnt=1
FAULT R=54722 -> T=54660  offset=-62  xor=0x00046  popcnt=3
FAULT R=54722 -> T=54724  offset=+2  xor=0x00006  popcnt=2
FAULT R=54722 -> T=54730  offset=+8  xor=0x00008  popcnt=1
FAULT R=54722 -> T=54732  offset=+10  xor=0x0000e  popcnt=3
FAULT R=54724 -> T=54404  offset=-320  xor=0x00140  popcnt=2
FAULT R=54724 -> T=54468  offset=-256  xor=0x00100  popcnt=1
FAULT R=54724 -> T=54476  offset=-248  xor=0x00108  popcnt=2
FAULT R=54724 -> T=54660  offset=-64  xor=0x00040  popcnt=1
FAULT R=54724 -> T=54732  offset=+8  xor=0x00008  popcnt=1
FAULT R=54725 -> T=54404  offset=-321  xor=0x00141  popcnt=3
FAULT R=54725 -> T=54405  offset=-320  xor=0x00140  popcnt=2
FAULT R=54725 -> T=54413  offset=-312  xor=0x00148  popcnt=3
FAULT R=54725 -> T=54468  offset=-257  xor=0x00101  popcnt=2
FAULT R=54725 -> T=54469  offset=-256  xor=0x00100  popcnt=1
FAULT R=54725 -> T=54476  offset=-249  xor=0x00109  popcnt=3
FAULT R=54725 -> T=54477  offset=-248  xor=0x00108  popcnt=2
FAULT R=54725 -> T=54660  offset=-65  xor=0x00041  popcnt=2
FAULT R=54725 -> T=54661  offset=-64  xor=0x00040  popcnt=1
FAULT R=54725 -> T=54669  offset=-56  xor=0x00048  popcnt=2
FAULT R=54725 -> T=54724  offset=-1  xor=0x00001  popcnt=1
FAULT R=54725 -> T=54732  offset=+7  xor=0x00009  popcnt=2
FAULT R=54725 -> T=54733  offset=+8  xor=0x00008  popcnt=1
FAULT R=54726 -> T=54404  offset=-322  xor=0x00142  popcnt=3
FAULT R=54726 -> T=54406  offset=-320  xor=0x00140  popcnt=2
FAULT R=54726 -> T=54414  offset=-312  xor=0x00148  popcnt=3
FAULT R=54726 -> T=54468  offset=-258  xor=0x00102  popcnt=2
FAULT R=54726 -> T=54470  offset=-256  xor=0x00100  popcnt=1
FAULT R=54726 -> T=54476  offset=-250  xor=0x0010a  popcnt=3
FAULT R=54726 -> T=54478  offset=-248  xor=0x00108  popcnt=2
FAULT R=54726 -> T=54660  offset=-66  xor=0x00042  popcnt=2
FAULT R=54726 -> T=54662  offset=-64  xor=0x00040  popcnt=1
FAULT R=54726 -> T=54670  offset=-56  xor=0x00048  popcnt=2
FAULT R=54726 -> T=54724  offset=-2  xor=0x00002  popcnt=1
FAULT R=54726 -> T=54732  offset=+6  xor=0x0000a  popcnt=2
FAULT R=54726 -> T=54734  offset=+8  xor=0x00008  popcnt=1
FAULT R=54728 -> T=54408  offset=-320  xor=0x00140  popcnt=2
FAULT R=54728 -> T=54472  offset=-256  xor=0x00100  popcnt=1
FAULT R=54728 -> T=54476  offset=-252  xor=0x00104  popcnt=2
FAULT R=54728 -> T=54664  offset=-64  xor=0x00040  popcnt=1
FAULT R=54728 -> T=54732  offset=+4  xor=0x00004  popcnt=1
FAULT R=54729 -> T=54408  offset=-321  xor=0x00141  popcnt=3
FAULT R=54729 -> T=54409  offset=-320  xor=0x00140  popcnt=2
FAULT R=54729 -> T=54413  offset=-316  xor=0x00144  popcnt=3
FAULT R=54729 -> T=54472  offset=-257  xor=0x00101  popcnt=2
FAULT R=54729 -> T=54473  offset=-256  xor=0x00100  popcnt=1
FAULT R=54729 -> T=54476  offset=-253  xor=0x00105  popcnt=3
FAULT R=54729 -> T=54477  offset=-252  xor=0x00104  popcnt=2
FAULT R=54729 -> T=54664  offset=-65  xor=0x00041  popcnt=2
FAULT R=54729 -> T=54665  offset=-64  xor=0x00040  popcnt=1
FAULT R=54729 -> T=54669  offset=-60  xor=0x00044  popcnt=2
FAULT R=54729 -> T=54728  offset=-1  xor=0x00001  popcnt=1
FAULT R=54729 -> T=54732  offset=+3  xor=0x00005  popcnt=2
FAULT R=54729 -> T=54733  offset=+4  xor=0x00004  popcnt=1
FAULT R=54730 -> T=54474  offset=-256  xor=0x00100  popcnt=1
FAULT R=54730 -> T=54476  offset=-254  xor=0x00106  popcnt=3
FAULT R=54730 -> T=54732  offset=+2  xor=0x00006  popcnt=2
FAULT R=54731 -> T=54411  offset=-320  xor=0x00140  popcnt=2
FAULT R=54731 -> T=54413  offset=-318  xor=0x00146  popcnt=4
FAULT R=54731 -> T=54474  offset=-257  xor=0x00101  popcnt=2
FAULT R=54731 -> T=54475  offset=-256  xor=0x00100  popcnt=1
FAULT R=54731 -> T=54476  offset=-255  xor=0x00107  popcnt=4
FAULT R=54731 -> T=54477  offset=-254  xor=0x00106  popcnt=3
FAULT R=54731 -> T=54667  offset=-64  xor=0x00040  popcnt=1
FAULT R=54731 -> T=54669  offset=-62  xor=0x00046  popcnt=3
FAULT R=54731 -> T=54730  offset=-1  xor=0x00001  popcnt=1
FAULT R=54731 -> T=54732  offset=+1  xor=0x00007  popcnt=3
FAULT R=54731 -> T=54733  offset=+2  xor=0x00006  popcnt=2
FAULT R=54732 -> T=54476  offset=-256  xor=0x00100  popcnt=1
FAULT R=54733 -> T=54413  offset=-320  xor=0x00140  popcnt=2
FAULT R=54733 -> T=54476  offset=-257  xor=0x00101  popcnt=2
FAULT R=54733 -> T=54477  offset=-256  xor=0x00100  popcnt=1
FAULT R=54733 -> T=54669  offset=-64  xor=0x00040  popcnt=1
FAULT R=54733 -> T=54732  offset=-1  xor=0x00001  popcnt=1
FAULT R=54734 -> T=54414  offset=-320  xor=0x00140  popcnt=2
FAULT R=54734 -> T=54476  offset=-258  xor=0x00102  popcnt=2
FAULT R=54734 -> T=54478  offset=-256  xor=0x00100  popcnt=1
FAULT R=54734 -> T=54670  offset=-64  xor=0x00040  popcnt=1
FAULT R=54734 -> T=54732  offset=-2  xor=0x00002  popcnt=1
FAULT R=54735 -> T=54413  offset=-322  xor=0x00142  popcnt=3
FAULT R=54735 -> T=54414  offset=-321  xor=0x00141  popcnt=3
FAULT R=54735 -> T=54415  offset=-320  xor=0x00140  popcnt=2
FAULT R=54735 -> T=54476  offset=-259  xor=0x00103  popcnt=3
FAULT R=54735 -> T=54477  offset=-258  xor=0x00102  popcnt=2
FAULT R=54735 -> T=54478  offset=-257  xor=0x00101  popcnt=2
FAULT R=54735 -> T=54479  offset=-256  xor=0x00100  popcnt=1
FAULT R=54735 -> T=54669  offset=-66  xor=0x00042  popcnt=2
FAULT R=54735 -> T=54670  offset=-65  xor=0x00041  popcnt=2
FAULT R=54735 -> T=54671  offset=-64  xor=0x00040  popcnt=1
FAULT R=54735 -> T=54732  offset=-3  xor=0x00003  popcnt=2
FAULT R=54735 -> T=54733  offset=-2  xor=0x00002  popcnt=1
FAULT R=54735 -> T=54734  offset=-1  xor=0x00001  popcnt=1
FAULT R=54736 -> T=54408  offset=-328  xor=0x00158  popcnt=4
FAULT R=54736 -> T=54416  offset=-320  xor=0x00140  popcnt=2
FAULT R=54736 -> T=54472  offset=-264  xor=0x00118  popcnt=3
FAULT R=54736 -> T=54476  offset=-260  xor=0x0011c  popcnt=4
FAULT R=54736 -> T=54480  offset=-256  xor=0x00100  popcnt=1
FAULT R=54736 -> T=54484  offset=-252  xor=0x00104  popcnt=2
FAULT R=54736 -> T=54664  offset=-72  xor=0x00058  popcnt=3
FAULT R=54736 -> T=54672  offset=-64  xor=0x00040  popcnt=1
FAULT R=54736 -> T=54728  offset=-8  xor=0x00018  popcnt=2
FAULT R=54736 -> T=54732  offset=-4  xor=0x0001c  popcnt=3
FAULT R=54736 -> T=54740  offset=+4  xor=0x00004  popcnt=1
FAULT R=54738 -> T=54474  offset=-264  xor=0x00118  popcnt=3
FAULT R=54738 -> T=54476  offset=-262  xor=0x0011e  popcnt=5
FAULT R=54738 -> T=54482  offset=-256  xor=0x00100  popcnt=1
FAULT R=54738 -> T=54484  offset=-254  xor=0x00106  popcnt=3
FAULT R=54738 -> T=54730  offset=-8  xor=0x00018  popcnt=2
FAULT R=54738 -> T=54732  offset=-6  xor=0x0001e  popcnt=4
FAULT R=54738 -> T=54740  offset=+2  xor=0x00006  popcnt=2
FAULT R=54740 -> T=54476  offset=-264  xor=0x00118  popcnt=3
FAULT R=54740 -> T=54484  offset=-256  xor=0x00100  popcnt=1
FAULT R=54740 -> T=54732  offset=-8  xor=0x00018  popcnt=2
FAULT R=54741 -> T=54413  offset=-328  xor=0x00158  popcnt=4
FAULT R=54741 -> T=54421  offset=-320  xor=0x00140  popcnt=2
FAULT R=54741 -> T=54476  offset=-265  xor=0x00119  popcnt=4
FAULT R=54741 -> T=54477  offset=-264  xor=0x00118  popcnt=3
FAULT R=54741 -> T=54484  offset=-257  xor=0x00101  popcnt=2
FAULT R=54741 -> T=54485  offset=-256  xor=0x00100  popcnt=1
FAULT R=54741 -> T=54669  offset=-72  xor=0x00058  popcnt=3
FAULT R=54741 -> T=54677  offset=-64  xor=0x00040  popcnt=1
FAULT R=54741 -> T=54732  offset=-9  xor=0x00019  popcnt=3
FAULT R=54741 -> T=54733  offset=-8  xor=0x00018  popcnt=2
FAULT R=54741 -> T=54740  offset=-1  xor=0x00001  popcnt=1
FAULT R=54742 -> T=54414  offset=-328  xor=0x00158  popcnt=4
FAULT R=54742 -> T=54422  offset=-320  xor=0x00140  popcnt=2
FAULT R=54742 -> T=54476  offset=-266  xor=0x0011a  popcnt=4
FAULT R=54742 -> T=54478  offset=-264  xor=0x00118  popcnt=3
FAULT R=54742 -> T=54484  offset=-258  xor=0x00102  popcnt=2
FAULT R=54742 -> T=54486  offset=-256  xor=0x00100  popcnt=1
FAULT R=54742 -> T=54670  offset=-72  xor=0x00058  popcnt=3
FAULT R=54742 -> T=54678  offset=-64  xor=0x00040  popcnt=1
FAULT R=54742 -> T=54732  offset=-10  xor=0x0001a  popcnt=3
FAULT R=54742 -> T=54734  offset=-8  xor=0x00018  popcnt=2
FAULT R=54742 -> T=54740  offset=-2  xor=0x00002  popcnt=1
FAULT R=54744 -> T=54408  offset=-336  xor=0x00150  popcnt=3
FAULT R=54744 -> T=54424  offset=-320  xor=0x00140  popcnt=2
FAULT R=54744 -> T=54428  offset=-316  xor=0x00144  popcnt=3
FAULT R=54744 -> T=54472  offset=-272  xor=0x00110  popcnt=2
FAULT R=54744 -> T=54476  offset=-268  xor=0x00114  popcnt=3
FAULT R=54744 -> T=54488  offset=-256  xor=0x00100  popcnt=1
FAULT R=54744 -> T=54492  offset=-252  xor=0x00104  popcnt=2
FAULT R=54744 -> T=54664  offset=-80  xor=0x00050  popcnt=2
FAULT R=54744 -> T=54680  offset=-64  xor=0x00040  popcnt=1
FAULT R=54744 -> T=54684  offset=-60  xor=0x00044  popcnt=2
FAULT R=54744 -> T=54728  offset=-16  xor=0x00010  popcnt=1
FAULT R=54744 -> T=54732  offset=-12  xor=0x00014  popcnt=2
FAULT R=54744 -> T=54748  offset=+4  xor=0x00004  popcnt=1
FAULT R=54746 -> T=54426  offset=-320  xor=0x00140  popcnt=2
FAULT R=54746 -> T=54428  offset=-318  xor=0x00146  popcnt=4
FAULT R=54746 -> T=54474  offset=-272  xor=0x00110  popcnt=2
FAULT R=54746 -> T=54476  offset=-270  xor=0x00116  popcnt=4
FAULT R=54746 -> T=54490  offset=-256  xor=0x00100  popcnt=1
FAULT R=54746 -> T=54492  offset=-254  xor=0x00106  popcnt=3
FAULT R=54746 -> T=54682  offset=-64  xor=0x00040  popcnt=1
FAULT R=54746 -> T=54684  offset=-62  xor=0x00046  popcnt=3
FAULT R=54746 -> T=54730  offset=-16  xor=0x00010  popcnt=1
FAULT R=54746 -> T=54732  offset=-14  xor=0x00016  popcnt=3
FAULT R=54746 -> T=54748  offset=+2  xor=0x00006  popcnt=2
FAULT R=54748 -> T=54428  offset=-320  xor=0x00140  popcnt=2
FAULT R=54748 -> T=54476  offset=-272  xor=0x00110  popcnt=2
FAULT R=54748 -> T=54492  offset=-256  xor=0x00100  popcnt=1
FAULT R=54748 -> T=54684  offset=-64  xor=0x00040  popcnt=1
FAULT R=54748 -> T=54732  offset=-16  xor=0x00010  popcnt=1
FAULT R=54749 -> T=54413  offset=-336  xor=0x00150  popcnt=3
FAULT R=54749 -> T=54428  offset=-321  xor=0x00141  popcnt=3
FAULT R=54749 -> T=54429  offset=-320  xor=0x00140  popcnt=2
FAULT R=54749 -> T=54476  offset=-273  xor=0x00111  popcnt=3
FAULT R=54749 -> T=54477  offset=-272  xor=0x00110  popcnt=2
FAULT R=54749 -> T=54492  offset=-257  xor=0x00101  popcnt=2
FAULT R=54749 -> T=54493  offset=-256  xor=0x00100  popcnt=1
FAULT R=54749 -> T=54669  offset=-80  xor=0x00050  popcnt=2
FAULT R=54749 -> T=54684  offset=-65  xor=0x00041  popcnt=2
FAULT R=54749 -> T=54685  offset=-64  xor=0x00040  popcnt=1
FAULT R=54749 -> T=54732  offset=-17  xor=0x00011  popcnt=2
FAULT R=54749 -> T=54733  offset=-16  xor=0x00010  popcnt=1
FAULT R=54749 -> T=54748  offset=-1  xor=0x00001  popcnt=1
FAULT R=54750 -> T=54414  offset=-336  xor=0x00150  popcnt=3
FAULT R=54750 -> T=54428  offset=-322  xor=0x00142  popcnt=3
FAULT R=54750 -> T=54430  offset=-320  xor=0x00140  popcnt=2
FAULT R=54750 -> T=54476  offset=-274  xor=0x00112  popcnt=3
FAULT R=54750 -> T=54478  offset=-272  xor=0x00110  popcnt=2
FAULT R=54750 -> T=54492  offset=-258  xor=0x00102  popcnt=2
FAULT R=54750 -> T=54494  offset=-256  xor=0x00100  popcnt=1
FAULT R=54750 -> T=54670  offset=-80  xor=0x00050  popcnt=2
FAULT R=54750 -> T=54684  offset=-66  xor=0x00042  popcnt=2
FAULT R=54750 -> T=54686  offset=-64  xor=0x00040  popcnt=1
FAULT R=54750 -> T=54732  offset=-18  xor=0x00012  popcnt=2
FAULT R=54750 -> T=54734  offset=-16  xor=0x00010  popcnt=1
FAULT R=54750 -> T=54748  offset=-2  xor=0x00002  popcnt=1
FAULT R=54752 -> T=54400  offset=-352  xor=0x00160  popcnt=3
FAULT R=54752 -> T=54404  offset=-348  xor=0x00164  popcnt=4
FAULT R=54752 -> T=54408  offset=-344  xor=0x00168  popcnt=4
FAULT R=54752 -> T=54496  offset=-256  xor=0x00100  popcnt=1
FAULT R=54752 -> T=54500  offset=-252  xor=0x00104  popcnt=2
FAULT R=54752 -> T=54504  offset=-248  xor=0x00108  popcnt=2
FAULT R=54752 -> T=54656  offset=-96  xor=0x00060  popcnt=2
FAULT R=54752 -> T=54660  offset=-92  xor=0x00064  popcnt=3
FAULT R=54752 -> T=54664  offset=-88  xor=0x00068  popcnt=3
FAULT R=54752 -> T=54756  offset=+4  xor=0x00004  popcnt=1
FAULT R=54752 -> T=54760  offset=+8  xor=0x00008  popcnt=1
FAULT R=54754 -> T=54402  offset=-352  xor=0x00160  popcnt=3
FAULT R=54754 -> T=54404  offset=-350  xor=0x00166  popcnt=5
FAULT R=54754 -> T=54498  offset=-256  xor=0x00100  popcnt=1
FAULT R=54754 -> T=54500  offset=-254  xor=0x00106  popcnt=3
FAULT R=54754 -> T=54658  offset=-96  xor=0x00060  popcnt=2
FAULT R=54754 -> T=54660  offset=-94  xor=0x00066  popcnt=4
FAULT R=54754 -> T=54756  offset=+2  xor=0x00006  popcnt=2
FAULT R=54756 -> T=54404  offset=-352  xor=0x00160  popcnt=3
FAULT R=54756 -> T=54500  offset=-256  xor=0x00100  popcnt=1
FAULT R=54756 -> T=54660  offset=-96  xor=0x00060  popcnt=2
FAULT R=54757 -> T=54404  offset=-353  xor=0x00161  popcnt=4
FAULT R=54757 -> T=54405  offset=-352  xor=0x00160  popcnt=3
FAULT R=54757 -> T=54413  offset=-344  xor=0x00168  popcnt=4
FAULT R=54757 -> T=54500  offset=-257  xor=0x00101  popcnt=2
FAULT R=54757 -> T=54501  offset=-256  xor=0x00100  popcnt=1
FAULT R=54757 -> T=54509  offset=-248  xor=0x00108  popcnt=2
FAULT R=54757 -> T=54660  offset=-97  xor=0x00061  popcnt=3
FAULT R=54757 -> T=54661  offset=-96  xor=0x00060  popcnt=2
FAULT R=54757 -> T=54669  offset=-88  xor=0x00068  popcnt=3
FAULT R=54757 -> T=54756  offset=-1  xor=0x00001  popcnt=1
FAULT R=54757 -> T=54765  offset=+8  xor=0x00008  popcnt=1
FAULT R=54758 -> T=54404  offset=-354  xor=0x00162  popcnt=4
FAULT R=54758 -> T=54406  offset=-352  xor=0x00160  popcnt=3
FAULT R=54758 -> T=54414  offset=-344  xor=0x00168  popcnt=4
FAULT R=54758 -> T=54500  offset=-258  xor=0x00102  popcnt=2
FAULT R=54758 -> T=54502  offset=-256  xor=0x00100  popcnt=1
FAULT R=54758 -> T=54510  offset=-248  xor=0x00108  popcnt=2
FAULT R=54758 -> T=54660  offset=-98  xor=0x00062  popcnt=3
FAULT R=54758 -> T=54662  offset=-96  xor=0x00060  popcnt=2
FAULT R=54758 -> T=54670  offset=-88  xor=0x00068  popcnt=3
FAULT R=54758 -> T=54756  offset=-2  xor=0x00002  popcnt=1
FAULT R=54758 -> T=54766  offset=+8  xor=0x00008  popcnt=1
FAULT R=54760 -> T=54408  offset=-352  xor=0x00160  popcnt=3
FAULT R=54760 -> T=54504  offset=-256  xor=0x00100  popcnt=1
FAULT R=54760 -> T=54664  offset=-96  xor=0x00060  popcnt=2
FAULT R=54761 -> T=54408  offset=-353  xor=0x00161  popcnt=4
FAULT R=54761 -> T=54409  offset=-352  xor=0x00160  popcnt=3
FAULT R=54761 -> T=54413  offset=-348  xor=0x00164  popcnt=4
FAULT R=54761 -> T=54504  offset=-257  xor=0x00101  popcnt=2
FAULT R=54761 -> T=54505  offset=-256  xor=0x00100  popcnt=1
FAULT R=54761 -> T=54509  offset=-252  xor=0x00104  popcnt=2
FAULT R=54761 -> T=54664  offset=-97  xor=0x00061  popcnt=3
FAULT R=54761 -> T=54665  offset=-96  xor=0x00060  popcnt=2
FAULT R=54761 -> T=54669  offset=-92  xor=0x00064  popcnt=3
FAULT R=54761 -> T=54760  offset=-1  xor=0x00001  popcnt=1
FAULT R=54761 -> T=54765  offset=+4  xor=0x00004  popcnt=1
FAULT R=54763 -> T=54411  offset=-352  xor=0x00160  popcnt=3
FAULT R=54763 -> T=54413  offset=-350  xor=0x00166  popcnt=5
FAULT R=54763 -> T=54507  offset=-256  xor=0x00100  popcnt=1
FAULT R=54763 -> T=54509  offset=-254  xor=0x00106  popcnt=3
FAULT R=54763 -> T=54667  offset=-96  xor=0x00060  popcnt=2
FAULT R=54763 -> T=54669  offset=-94  xor=0x00066  popcnt=4
FAULT R=54763 -> T=54765  offset=+2  xor=0x00006  popcnt=2
FAULT R=54765 -> T=54413  offset=-352  xor=0x00160  popcnt=3
FAULT R=54765 -> T=54509  offset=-256  xor=0x00100  popcnt=1
FAULT R=54765 -> T=54669  offset=-96  xor=0x00060  popcnt=2
FAULT R=54766 -> T=54414  offset=-352  xor=0x00160  popcnt=3
FAULT R=54766 -> T=54510  offset=-256  xor=0x00100  popcnt=1
FAULT R=54766 -> T=54670  offset=-96  xor=0x00060  popcnt=2
FAULT R=54767 -> T=54413  offset=-354  xor=0x00162  popcnt=4
FAULT R=54767 -> T=54414  offset=-353  xor=0x00161  popcnt=4
FAULT R=54767 -> T=54415  offset=-352  xor=0x00160  popcnt=3
FAULT R=54767 -> T=54509  offset=-258  xor=0x00102  popcnt=2
FAULT R=54767 -> T=54510  offset=-257  xor=0x00101  popcnt=2
FAULT R=54767 -> T=54511  offset=-256  xor=0x00100  popcnt=1
FAULT R=54767 -> T=54669  offset=-98  xor=0x00062  popcnt=3
FAULT R=54767 -> T=54670  offset=-97  xor=0x00061  popcnt=3
FAULT R=54767 -> T=54671  offset=-96  xor=0x00060  popcnt=2
FAULT R=54767 -> T=54765  offset=-2  xor=0x00002  popcnt=1
FAULT R=54767 -> T=54766  offset=-1  xor=0x00001  popcnt=1
FAULT R=54768 -> T=54408  offset=-360  xor=0x00178  popcnt=5
FAULT R=54768 -> T=54416  offset=-352  xor=0x00160  popcnt=3
FAULT R=54768 -> T=54504  offset=-264  xor=0x00118  popcnt=3
FAULT R=54768 -> T=54512  offset=-256  xor=0x00100  popcnt=1
FAULT R=54768 -> T=54664  offset=-104  xor=0x00078  popcnt=4
FAULT R=54768 -> T=54672  offset=-96  xor=0x00060  popcnt=2
FAULT R=54768 -> T=54760  offset=-8  xor=0x00018  popcnt=2
FAULT R=54773 -> T=54413  offset=-360  xor=0x00178  popcnt=5
FAULT R=54773 -> T=54421  offset=-352  xor=0x00160  popcnt=3
FAULT R=54773 -> T=54509  offset=-264  xor=0x00118  popcnt=3
FAULT R=54773 -> T=54517  offset=-256  xor=0x00100  popcnt=1
FAULT R=54773 -> T=54669  offset=-104  xor=0x00078  popcnt=4
FAULT R=54773 -> T=54677  offset=-96  xor=0x00060  popcnt=2
FAULT R=54773 -> T=54765  offset=-8  xor=0x00018  popcnt=2
FAULT R=54774 -> T=54414  offset=-360  xor=0x00178  popcnt=5
FAULT R=54774 -> T=54422  offset=-352  xor=0x00160  popcnt=3
FAULT R=54774 -> T=54510  offset=-264  xor=0x00118  popcnt=3
FAULT R=54774 -> T=54518  offset=-256  xor=0x00100  popcnt=1
FAULT R=54774 -> T=54670  offset=-104  xor=0x00078  popcnt=4
FAULT R=54774 -> T=54678  offset=-96  xor=0x00060  popcnt=2
FAULT R=54774 -> T=54766  offset=-8  xor=0x00018  popcnt=2
FAULT R=54776 -> T=54408  offset=-368  xor=0x00170  popcnt=4
FAULT R=54776 -> T=54424  offset=-352  xor=0x00160  popcnt=3
FAULT R=54776 -> T=54428  offset=-348  xor=0x00164  popcnt=4
FAULT R=54776 -> T=54504  offset=-272  xor=0x00110  popcnt=2
FAULT R=54776 -> T=54520  offset=-256  xor=0x00100  popcnt=1
FAULT R=54776 -> T=54524  offset=-252  xor=0x00104  popcnt=2
FAULT R=54776 -> T=54664  offset=-112  xor=0x00070  popcnt=3
FAULT R=54776 -> T=54680  offset=-96  xor=0x00060  popcnt=2
FAULT R=54776 -> T=54684  offset=-92  xor=0x00064  popcnt=3
FAULT R=54776 -> T=54760  offset=-16  xor=0x00010  popcnt=1
FAULT R=54776 -> T=54780  offset=+4  xor=0x00004  popcnt=1
FAULT R=54778 -> T=54426  offset=-352  xor=0x00160  popcnt=3
FAULT R=54778 -> T=54428  offset=-350  xor=0x00166  popcnt=5
FAULT R=54778 -> T=54522  offset=-256  xor=0x00100  popcnt=1
FAULT R=54778 -> T=54524  offset=-254  xor=0x00106  popcnt=3
FAULT R=54778 -> T=54682  offset=-96  xor=0x00060  popcnt=2
FAULT R=54778 -> T=54684  offset=-94  xor=0x00066  popcnt=4
FAULT R=54778 -> T=54780  offset=+2  xor=0x00006  popcnt=2
FAULT R=54780 -> T=54428  offset=-352  xor=0x00160  popcnt=3
FAULT R=54780 -> T=54524  offset=-256  xor=0x00100  popcnt=1
FAULT R=54780 -> T=54684  offset=-96  xor=0x00060  popcnt=2
FAULT R=54781 -> T=54413  offset=-368  xor=0x00170  popcnt=4
FAULT R=54781 -> T=54428  offset=-353  xor=0x00161  popcnt=4
FAULT R=54781 -> T=54429  offset=-352  xor=0x00160  popcnt=3
FAULT R=54781 -> T=54509  offset=-272  xor=0x00110  popcnt=2
FAULT R=54781 -> T=54524  offset=-257  xor=0x00101  popcnt=2
FAULT R=54781 -> T=54525  offset=-256  xor=0x00100  popcnt=1
FAULT R=54781 -> T=54669  offset=-112  xor=0x00070  popcnt=3
FAULT R=54781 -> T=54684  offset=-97  xor=0x00061  popcnt=3
FAULT R=54781 -> T=54685  offset=-96  xor=0x00060  popcnt=2
FAULT R=54781 -> T=54765  offset=-16  xor=0x00010  popcnt=1
FAULT R=54781 -> T=54780  offset=-1  xor=0x00001  popcnt=1
FAULT R=54782 -> T=54414  offset=-368  xor=0x00170  popcnt=4
FAULT R=54782 -> T=54428  offset=-354  xor=0x00162  popcnt=4
FAULT R=54782 -> T=54430  offset=-352  xor=0x00160  popcnt=3
FAULT R=54782 -> T=54510  offset=-272  xor=0x00110  popcnt=2
FAULT R=54782 -> T=54524  offset=-258  xor=0x00102  popcnt=2
FAULT R=54782 -> T=54526  offset=-256  xor=0x00100  popcnt=1
FAULT R=54782 -> T=54670  offset=-112  xor=0x00070  popcnt=3
FAULT R=54782 -> T=54684  offset=-98  xor=0x00062  popcnt=3
FAULT R=54782 -> T=54686  offset=-96  xor=0x00060  popcnt=2
FAULT R=54782 -> T=54766  offset=-16  xor=0x00010  popcnt=1
FAULT R=54782 -> T=54780  offset=-2  xor=0x00002  popcnt=1

# total_faults=4109  sources_tested=624  warmup=4
CLONE R=54144 match=2048 ok=1
CLONE R=54145 match=2048 ok=1
CLONE R=54146 match=2048 ok=1
CLONE R=54147 match=2048 ok=1
CLONE R=54148 match=2048 ok=1
CLONE R=54149 match=2048 ok=1
CLONE R=54150 match=2048 ok=1
CLONE R=54151 match=2048 ok=1
CLONE R=54152 match=2048 ok=1
CLONE R=54153 match=2048 ok=1
CLONE R=54154 match=2048 ok=1
CLONE R=54155 match=2048 ok=1
CLONE R=54156 match=2048 ok=1
CLONE R=54157 match=2048 ok=1
CLONE R=54158 match=2048 ok=1
CLONE R=54159 match=2048 ok=1
CLONE R=54160 match=2048 ok=1
CLONE R=54161 match=2048 ok=1
CLONE R=54162 match=2048 ok=1
CLONE R=54163 match=2048 ok=1
CLONE R=54164 match=2048 ok=1
CLONE R=54165 match=2048 ok=1
CLONE R=54166 match=2048 ok=1
CLONE R=54167 match=2048 ok=1
CLONE R=54168 match=2048 ok=1
CLONE R=54169 match=2048 ok=1
CLONE R=54170 match=2048 ok=1
CLONE R=54171 match=2048 ok=1
CLONE R=54172 match=2048 ok=1
CLONE R=54173 match=2048 ok=1
CLONE R=54174 match=2048 ok=1
CLONE R=54175 match=2048 ok=1
CLONE R=54176 match=2048 ok=1
CLONE R=54177 match=1866 ok=0
CLONE R=54178 match=2048 ok=1
CLONE R=54179 match=1249 ok=0
CLONE R=54180 match=2048 ok=1
CLONE R=54181 match=2048 ok=1
CLONE R=54182 match=2048 ok=1
CLONE R=54183 match=1227 ok=0
CLONE R=54184 match=2048 ok=1
CLONE R=54185 match=2048 ok=1
CLONE R=54186 match=2048 ok=1
CLONE R=54187 match=2048 ok=1
CLONE R=54188 match=2048 ok=1
CLONE R=54189 match=2048 ok=1
CLONE R=54190 match=2048 ok=1
CLONE R=54191 match=2048 ok=1
CLONE R=54192 match=2047 ok=1
CLONE R=54193 match=1468 ok=0
CLONE R=54194 match=2048 ok=1
CLONE R=54195 match=1199 ok=0
CLONE R=54196 match=2048 ok=1
CLONE R=54197 match=2048 ok=1
CLONE R=54198 match=2048 ok=1
CLONE R=54199 match=1129 ok=0
CLONE R=54200 match=2048 ok=1
CLONE R=54201 match=1502 ok=0
CLONE R=54202 match=2048 ok=1
CLONE R=54203 match=1178 ok=0
CLONE R=54204 match=2048 ok=1
CLONE R=54205 match=2048 ok=1
CLONE R=54206 match=2048 ok=1
CLONE R=54207 match=1154 ok=0
CLONE R=54208 match=2048 ok=1
CLONE R=54209 match=1755 ok=0
CLONE R=54210 match=2048 ok=1
CLONE R=54211 match=1259 ok=0
CLONE R=54212 match=2048 ok=1
CLONE R=54213 match=2048 ok=1
CLONE R=54214 match=2048 ok=1
CLONE R=54215 match=1208 ok=0
CLONE R=54216 match=2048 ok=1
CLONE R=54217 match=2048 ok=1
CLONE R=54218 match=2048 ok=1
CLONE R=54219 match=2048 ok=1
CLONE R=54220 match=2048 ok=1
CLONE R=54221 match=2048 ok=1
CLONE R=54222 match=2048 ok=1
CLONE R=54223 match=2048 ok=1
CLONE R=54224 match=2048 ok=1
CLONE R=54225 match=1525 ok=0
CLONE R=54226 match=2048 ok=1
CLONE R=54227 match=1132 ok=0
CLONE R=54228 match=2048 ok=1
CLONE R=54229 match=2048 ok=1
CLONE R=54230 match=2048 ok=1
CLONE R=54231 match=1094 ok=0
CLONE R=54232 match=2048 ok=1
CLONE R=54233 match=1536 ok=0
CLONE R=54234 match=2048 ok=1
CLONE R=54235 match=1133 ok=0
CLONE R=54236 match=2048 ok=1
CLONE R=54237 match=2048 ok=1
CLONE R=54238 match=2048 ok=1
CLONE R=54239 match=1108 ok=0
CLONE R=54240 match=2048 ok=1
CLONE R=54241 match=1795 ok=0
CLONE R=54242 match=2048 ok=1
CLONE R=54243 match=1240 ok=0
CLONE R=54244 match=2048 ok=1
CLONE R=54245 match=2048 ok=1
CLONE R=54246 match=2048 ok=1
CLONE R=54247 match=1232 ok=0
CLONE R=54248 match=2048 ok=1
CLONE R=54249 match=2048 ok=1
CLONE R=54250 match=2048 ok=1
CLONE R=54251 match=2048 ok=1
CLONE R=54252 match=2048 ok=1
CLONE R=54253 match=2048 ok=1
CLONE R=54254 match=2048 ok=1
CLONE R=54255 match=2048 ok=1
CLONE R=54256 match=2048 ok=1
CLONE R=54257 match=1490 ok=0
CLONE R=54258 match=2048 ok=1
CLONE R=54259 match=1142 ok=0
CLONE R=54260 match=2048 ok=1
CLONE R=54261 match=2048 ok=1
CLONE R=54262 match=2048 ok=1
CLONE R=54263 match=1038 ok=0
CLONE R=54264 match=2048 ok=1
CLONE R=54265 match=1439 ok=0
CLONE R=54266 match=2048 ok=1
CLONE R=54267 match=1110 ok=0
CLONE R=54268 match=2048 ok=1
CLONE R=54269 match=2048 ok=1
CLONE R=54270 match=2048 ok=1
CLONE R=54271 match=1060 ok=0
CLONE R=54272 match=2048 ok=1
CLONE R=54273 match=2048 ok=1
CLONE R=54274 match=2048 ok=1
CLONE R=54275 match=2048 ok=1
CLONE R=54276 match=2048 ok=1
CLONE R=54277 match=2048 ok=1
CLONE R=54278 match=2048 ok=1
CLONE R=54279 match=2048 ok=1
CLONE R=54280 match=2048 ok=1
CLONE R=54281 match=2048 ok=1
CLONE R=54282 match=2048 ok=1
CLONE R=54283 match=2048 ok=1
CLONE R=54284 match=2048 ok=1
CLONE R=54285 match=2048 ok=1
CLONE R=54286 match=2048 ok=1
CLONE R=54287 match=2048 ok=1
CLONE R=54288 match=2048 ok=1
CLONE R=54289 match=2048 ok=1
CLONE R=54290 match=2048 ok=1
CLONE R=54291 match=2048 ok=1
CLONE R=54292 match=2048 ok=1
CLONE R=54293 match=2048 ok=1
CLONE R=54294 match=2048 ok=1
CLONE R=54295 match=2048 ok=1
CLONE R=54296 match=2048 ok=1
CLONE R=54297 match=2048 ok=1
CLONE R=54298 match=2048 ok=1
CLONE R=54299 match=2048 ok=1
CLONE R=54300 match=2048 ok=1
CLONE R=54301 match=2048 ok=1
CLONE R=54302 match=2048 ok=1
CLONE R=54303 match=2048 ok=1
CLONE R=54304 match=2048 ok=1
CLONE R=54305 match=1980 ok=0
CLONE R=54306 match=2048 ok=1
CLONE R=54307 match=1531 ok=0
CLONE R=54308 match=2048 ok=1
CLONE R=54309 match=2048 ok=1
CLONE R=54310 match=2048 ok=1
CLONE R=54311 match=1516 ok=0
CLONE R=54312 match=2048 ok=1
CLONE R=54313 match=2048 ok=1
CLONE R=54314 match=2048 ok=1
CLONE R=54315 match=2048 ok=1
CLONE R=54316 match=2048 ok=1
CLONE R=54317 match=2048 ok=1
CLONE R=54318 match=2048 ok=1
CLONE R=54319 match=2048 ok=1
CLONE R=54320 match=2048 ok=1
CLONE R=54321 match=1715 ok=0
CLONE R=54322 match=2048 ok=1
CLONE R=54323 match=1286 ok=0
CLONE R=54324 match=2048 ok=1
CLONE R=54325 match=2048 ok=1
CLONE R=54326 match=2048 ok=1
CLONE R=54327 match=1211 ok=0
CLONE R=54328 match=2048 ok=1
CLONE R=54329 match=1756 ok=0
CLONE R=54330 match=2048 ok=1
CLONE R=54331 match=1298 ok=0
CLONE R=54332 match=2048 ok=1
CLONE R=54333 match=2048 ok=1
CLONE R=54334 match=2048 ok=1
CLONE R=54335 match=1247 ok=0
CLONE R=54336 match=2048 ok=1
CLONE R=54337 match=1941 ok=0
CLONE R=54338 match=2048 ok=1
CLONE R=54339 match=1527 ok=0
CLONE R=54340 match=2048 ok=1
CLONE R=54341 match=2048 ok=1
CLONE R=54342 match=2048 ok=1
CLONE R=54343 match=1477 ok=0
CLONE R=54344 match=2048 ok=1
CLONE R=54345 match=2048 ok=1
CLONE R=54346 match=2048 ok=1
CLONE R=54347 match=2048 ok=1
CLONE R=54348 match=2048 ok=1
CLONE R=54349 match=2048 ok=1
CLONE R=54350 match=2048 ok=1
CLONE R=54351 match=2048 ok=1
CLONE R=54352 match=2048 ok=1
CLONE R=54353 match=1746 ok=0
CLONE R=54354 match=2048 ok=1
CLONE R=54355 match=1264 ok=0
CLONE R=54356 match=2048 ok=1
CLONE R=54357 match=2048 ok=1
CLONE R=54358 match=2048 ok=1
CLONE R=54359 match=1181 ok=0
CLONE R=54360 match=2048 ok=1
CLONE R=54361 match=1667 ok=0
CLONE R=54362 match=2048 ok=1
CLONE R=54363 match=1254 ok=0
CLONE R=54364 match=2048 ok=1
CLONE R=54365 match=2048 ok=1
CLONE R=54366 match=2048 ok=1
CLONE R=54367 match=1249 ok=0
CLONE R=54368 match=2048 ok=1
CLONE R=54369 match=1943 ok=0
CLONE R=54370 match=2048 ok=1
CLONE R=54371 match=1480 ok=0
CLONE R=54372 match=2048 ok=1
CLONE R=54373 match=2048 ok=1
CLONE R=54374 match=2048 ok=1
CLONE R=54375 match=1428 ok=0
CLONE R=54376 match=2048 ok=1
CLONE R=54377 match=2048 ok=1
CLONE R=54378 match=2048 ok=1
CLONE R=54379 match=2048 ok=1
CLONE R=54380 match=2048 ok=1
CLONE R=54381 match=2048 ok=1
CLONE R=54382 match=2048 ok=1
CLONE R=54383 match=2048 ok=1
CLONE R=54384 match=2048 ok=1
CLONE R=54385 match=1671 ok=0
CLONE R=54386 match=2048 ok=1
CLONE R=54387 match=1298 ok=0
CLONE R=54388 match=2048 ok=1
CLONE R=54389 match=2048 ok=1
CLONE R=54390 match=2048 ok=1
CLONE R=54391 match=1197 ok=0
CLONE R=54392 match=2048 ok=1
CLONE R=54393 match=1669 ok=0
CLONE R=54394 match=2048 ok=1
CLONE R=54395 match=1256 ok=0
CLONE R=54396 match=2048 ok=1
CLONE R=54397 match=2048 ok=1
CLONE R=54398 match=2048 ok=1
CLONE R=54399 match=1194 ok=0
CLONE R=54400 match=2048 ok=1
CLONE R=54401 match=2048 ok=1
CLONE R=54402 match=2048 ok=1
CLONE R=54403 match=2048 ok=1
CLONE R=54404 match=2048 ok=1
CLONE R=54405 match=2048 ok=1
CLONE R=54406 match=2048 ok=1
CLONE R=54407 match=2048 ok=1
CLONE R=54408 match=2048 ok=1
CLONE R=54409 match=2048 ok=1
CLONE R=54411 match=2048 ok=1
CLONE R=54413 match=2048 ok=1
CLONE R=54414 match=2048 ok=1
CLONE R=54415 match=2048 ok=1
CLONE R=54416 match=2048 ok=1
CLONE R=54417 match=2048 ok=1
CLONE R=54419 match=2048 ok=1
CLONE R=54421 match=2048 ok=1
CLONE R=54422 match=2048 ok=1
CLONE R=54423 match=2048 ok=1
CLONE R=54424 match=2048 ok=1
CLONE R=54425 match=2048 ok=1
CLONE R=54426 match=2048 ok=1
CLONE R=54427 match=2048 ok=1
CLONE R=54428 match=2048 ok=1
CLONE R=54429 match=2048 ok=1
CLONE R=54430 match=2048 ok=1
CLONE R=54431 match=2048 ok=1
CLONE R=54432 match=2048 ok=1
CLONE R=54433 match=2048 ok=1
CLONE R=54434 match=2048 ok=1
CLONE R=54435 match=2048 ok=1
CLONE R=54436 match=2048 ok=1
CLONE R=54437 match=2048 ok=1
CLONE R=54438 match=2048 ok=1
CLONE R=54439 match=2048 ok=1
CLONE R=54440 match=2048 ok=1
CLONE R=54441 match=2048 ok=1
CLONE R=54442 match=2048 ok=1
CLONE R=54443 match=2048 ok=1
CLONE R=54444 match=2048 ok=1
CLONE R=54445 match=2048 ok=1
CLONE R=54446 match=2048 ok=1
CLONE R=54447 match=2048 ok=1
CLONE R=54448 match=2048 ok=1
CLONE R=54449 match=2048 ok=1
CLONE R=54450 match=2048 ok=1
CLONE R=54451 match=2048 ok=1
CLONE R=54452 match=2048 ok=1
CLONE R=54453 match=2048 ok=1
CLONE R=54454 match=2048 ok=1
CLONE R=54455 match=2048 ok=1
CLONE R=54456 match=2048 ok=1
CLONE R=54457 match=2048 ok=1
CLONE R=54458 match=2048 ok=1
CLONE R=54459 match=2048 ok=1
CLONE R=54460 match=2048 ok=1
CLONE R=54461 match=2048 ok=1
CLONE R=54462 match=2048 ok=1
CLONE R=54463 match=2048 ok=1
CLONE R=54464 match=2048 ok=1
CLONE R=54465 match=2048 ok=1
CLONE R=54466 match=2048 ok=1
CLONE R=54467 match=2048 ok=1
CLONE R=54468 match=2048 ok=1
CLONE R=54469 match=2048 ok=1
CLONE R=54470 match=2048 ok=1
CLONE R=54471 match=2048 ok=1
CLONE R=54472 match=2048 ok=1
CLONE R=54473 match=2048 ok=1
CLONE R=54474 match=2048 ok=1
CLONE R=54475 match=2048 ok=1
CLONE R=54476 match=2048 ok=1
CLONE R=54477 match=2048 ok=1
CLONE R=54478 match=2048 ok=1
CLONE R=54479 match=2048 ok=1
CLONE R=54480 match=2048 ok=1
CLONE R=54481 match=2048 ok=1
CLONE R=54482 match=2048 ok=1
CLONE R=54483 match=2048 ok=1
CLONE R=54484 match=2048 ok=1
CLONE R=54485 match=2048 ok=1
CLONE R=54486 match=2048 ok=1
CLONE R=54487 match=2048 ok=1
CLONE R=54488 match=2048 ok=1
CLONE R=54489 match=2048 ok=1
CLONE R=54490 match=2048 ok=1
CLONE R=54491 match=2048 ok=1
CLONE R=54492 match=2048 ok=1
CLONE R=54493 match=2048 ok=1
CLONE R=54494 match=2048 ok=1
CLONE R=54495 match=2048 ok=1
CLONE R=54496 match=2048 ok=1
CLONE R=54497 match=2048 ok=1
CLONE R=54498 match=2048 ok=1
CLONE R=54499 match=2048 ok=1
CLONE R=54500 match=2048 ok=1
CLONE R=54501 match=2048 ok=1
CLONE R=54502 match=2048 ok=1
CLONE R=54503 match=2048 ok=1
CLONE R=54504 match=2048 ok=1
CLONE R=54505 match=2048 ok=1
CLONE R=54507 match=2048 ok=1
CLONE R=54509 match=2048 ok=1
CLONE R=54510 match=2048 ok=1
CLONE R=54511 match=2048 ok=1
CLONE R=54512 match=2048 ok=1
CLONE R=54513 match=2048 ok=1
CLONE R=54515 match=2048 ok=1
CLONE R=54517 match=2048 ok=1
CLONE R=54518 match=2048 ok=1
CLONE R=54519 match=2048 ok=1
CLONE R=54520 match=2048 ok=1
CLONE R=54521 match=2048 ok=1
CLONE R=54522 match=2048 ok=1
CLONE R=54523 match=2048 ok=1
CLONE R=54524 match=2048 ok=1
CLONE R=54525 match=2048 ok=1
CLONE R=54526 match=2048 ok=1
CLONE R=54527 match=2048 ok=1
CLONE R=54528 match=2048 ok=1
CLONE R=54529 match=2048 ok=1
CLONE R=54530 match=2048 ok=1
CLONE R=54531 match=2048 ok=1
CLONE R=54532 match=2048 ok=1
CLONE R=54533 match=2048 ok=1
CLONE R=54534 match=2048 ok=1
CLONE R=54535 match=2048 ok=1
CLONE R=54536 match=2048 ok=1
CLONE R=54537 match=2048 ok=1
CLONE R=54538 match=2048 ok=1
CLONE R=54539 match=2048 ok=1
CLONE R=54540 match=2048 ok=1
CLONE R=54541 match=2048 ok=1
CLONE R=54542 match=2048 ok=1
CLONE R=54543 match=2048 ok=1
CLONE R=54544 match=2048 ok=1
CLONE R=54545 match=2048 ok=1
CLONE R=54546 match=2048 ok=1
CLONE R=54547 match=2048 ok=1
CLONE R=54548 match=2048 ok=1
CLONE R=54549 match=2048 ok=1
CLONE R=54550 match=2048 ok=1
CLONE R=54551 match=2048 ok=1
CLONE R=54552 match=2048 ok=1
CLONE R=54553 match=2048 ok=1
CLONE R=54554 match=2048 ok=1
CLONE R=54555 match=2048 ok=1
CLONE R=54556 match=2048 ok=1
CLONE R=54557 match=2048 ok=1
CLONE R=54558 match=2048 ok=1
CLONE R=54559 match=2048 ok=1
CLONE R=54560 match=2048 ok=1
CLONE R=54561 match=2002 ok=0
CLONE R=54562 match=2048 ok=1
CLONE R=54563 match=1719 ok=0
CLONE R=54564 match=2048 ok=1
CLONE R=54565 match=2048 ok=1
CLONE R=54566 match=2048 ok=1
CLONE R=54567 match=1716 ok=0
CLONE R=54568 match=2048 ok=1
CLONE R=54569 match=2048 ok=1
CLONE R=54570 match=2048 ok=1
CLONE R=54571 match=2048 ok=1
CLONE R=54572 match=2048 ok=1
CLONE R=54573 match=2048 ok=1
CLONE R=54574 match=2048 ok=1
CLONE R=54575 match=2048 ok=1
CLONE R=54576 match=2048 ok=1
CLONE R=54577 match=1851 ok=0
CLONE R=54578 match=2048 ok=1
CLONE R=54579 match=1332 ok=0
CLONE R=54580 match=2048 ok=1
CLONE R=54581 match=2048 ok=1
CLONE R=54582 match=2048 ok=1
CLONE R=54583 match=1348 ok=0
CLONE R=54584 match=2048 ok=1
CLONE R=54585 match=1877 ok=0
CLONE R=54586 match=2048 ok=1
CLONE R=54587 match=1385 ok=0
CLONE R=54588 match=2048 ok=1
CLONE R=54589 match=2048 ok=1
CLONE R=54590 match=2048 ok=1
CLONE R=54591 match=1325 ok=0
CLONE R=54592 match=2048 ok=1
CLONE R=54593 match=2009 ok=0
CLONE R=54594 match=2048 ok=1
CLONE R=54595 match=1652 ok=0
CLONE R=54596 match=2048 ok=1
CLONE R=54597 match=2048 ok=1
CLONE R=54598 match=2048 ok=1
CLONE R=54599 match=1617 ok=0
CLONE R=54600 match=2048 ok=1
CLONE R=54601 match=2048 ok=1
CLONE R=54602 match=2048 ok=1
CLONE R=54603 match=2048 ok=1
CLONE R=54604 match=2048 ok=1
CLONE R=54605 match=2048 ok=1
CLONE R=54606 match=2048 ok=1
CLONE R=54607 match=2048 ok=1
CLONE R=54608 match=2048 ok=1
CLONE R=54609 match=1821 ok=0
CLONE R=54610 match=2048 ok=1
CLONE R=54611 match=1326 ok=0
CLONE R=54612 match=2048 ok=1
CLONE R=54613 match=2048 ok=1
CLONE R=54614 match=2048 ok=1
CLONE R=54615 match=1222 ok=0
CLONE R=54616 match=2048 ok=1
CLONE R=54617 match=1898 ok=0
CLONE R=54618 match=2048 ok=1
CLONE R=54619 match=1260 ok=0
CLONE R=54620 match=2048 ok=1
CLONE R=54621 match=2048 ok=1
CLONE R=54622 match=2048 ok=1
CLONE R=54623 match=1289 ok=0
CLONE R=54624 match=2048 ok=1
CLONE R=54625 match=1986 ok=0
CLONE R=54626 match=2048 ok=1
CLONE R=54627 match=1578 ok=0
CLONE R=54628 match=2048 ok=1
CLONE R=54629 match=2048 ok=1
CLONE R=54630 match=2048 ok=1
CLONE R=54631 match=1517 ok=0
CLONE R=54632 match=2048 ok=1
CLONE R=54633 match=2048 ok=1
CLONE R=54634 match=2048 ok=1
CLONE R=54635 match=2048 ok=1
CLONE R=54636 match=2048 ok=1
CLONE R=54637 match=2048 ok=1
CLONE R=54638 match=2048 ok=1
CLONE R=54639 match=2048 ok=1
CLONE R=54640 match=2048 ok=1
CLONE R=54641 match=1748 ok=0
CLONE R=54642 match=2048 ok=1
CLONE R=54643 match=1264 ok=0
CLONE R=54644 match=2048 ok=1
CLONE R=54645 match=2048 ok=1
CLONE R=54646 match=2048 ok=1
CLONE R=54647 match=1202 ok=0
CLONE R=54648 match=2048 ok=1
CLONE R=54649 match=1732 ok=0
CLONE R=54650 match=2048 ok=1
CLONE R=54651 match=1291 ok=0
CLONE R=54652 match=2048 ok=1
CLONE R=54653 match=2048 ok=1
CLONE R=54654 match=2048 ok=1
CLONE R=54655 match=1213 ok=0
CLONE R=54656 match=2048 ok=1
CLONE R=54657 match=2048 ok=1
CLONE R=54658 match=2048 ok=1
CLONE R=54659 match=2048 ok=1
CLONE R=54660 match=2048 ok=1
CLONE R=54661 match=2048 ok=1
CLONE R=54662 match=2048 ok=1
CLONE R=54663 match=2048 ok=1
CLONE R=54664 match=2048 ok=1
CLONE R=54665 match=2048 ok=1
CLONE R=54667 match=2048 ok=1
CLONE R=54669 match=2048 ok=1
CLONE R=54670 match=2048 ok=1
CLONE R=54671 match=2048 ok=1
CLONE R=54672 match=2048 ok=1
CLONE R=54673 match=2048 ok=1
CLONE R=54675 match=2048 ok=1
CLONE R=54677 match=2048 ok=1
CLONE R=54678 match=2048 ok=1
CLONE R=54679 match=2048 ok=1
CLONE R=54680 match=2048 ok=1
CLONE R=54681 match=2048 ok=1
CLONE R=54682 match=2048 ok=1
CLONE R=54683 match=2048 ok=1
CLONE R=54684 match=2048 ok=1
CLONE R=54685 match=2048 ok=1
CLONE R=54686 match=2048 ok=1
CLONE R=54687 match=2048 ok=1
CLONE R=54688 match=2048 ok=1
CLONE R=54689 match=1932 ok=0
CLONE R=54690 match=2048 ok=1
CLONE R=54691 match=1347 ok=0
CLONE R=54692 match=2048 ok=1
CLONE R=54693 match=2048 ok=1
CLONE R=54694 match=2048 ok=1
CLONE R=54695 match=1254 ok=0
CLONE R=54696 match=2048 ok=1
CLONE R=54697 match=2048 ok=1
CLONE R=54698 match=2048 ok=1
CLONE R=54699 match=2048 ok=1
CLONE R=54700 match=2048 ok=1
CLONE R=54701 match=2048 ok=1
CLONE R=54702 match=2048 ok=1
CLONE R=54703 match=2048 ok=1
CLONE R=54704 match=2048 ok=1
CLONE R=54705 match=1559 ok=0
CLONE R=54706 match=2048 ok=1
CLONE R=54707 match=1098 ok=0
CLONE R=54708 match=2048 ok=1
CLONE R=54709 match=2048 ok=1
CLONE R=54710 match=2048 ok=1
CLONE R=54711 match=1106 ok=0
CLONE R=54712 match=2048 ok=1
CLONE R=54713 match=1582 ok=0
CLONE R=54714 match=2048 ok=1
CLONE R=54715 match=1146 ok=0
CLONE R=54716 match=2048 ok=1
CLONE R=54717 match=2048 ok=1
CLONE R=54718 match=2048 ok=1
CLONE R=54719 match=1032 ok=0
CLONE R=54720 match=2048 ok=1
CLONE R=54721 match=1848 ok=0
CLONE R=54722 match=2048 ok=1
CLONE R=54723 match=1252 ok=0
CLONE R=54724 match=2048 ok=1
CLONE R=54725 match=2048 ok=1
CLONE R=54726 match=2048 ok=1
CLONE R=54727 match=1242 ok=0
CLONE R=54728 match=2048 ok=1
CLONE R=54729 match=2048 ok=1
CLONE R=54730 match=2048 ok=1
CLONE R=54731 match=2048 ok=1
CLONE R=54732 match=2048 ok=1
CLONE R=54733 match=2048 ok=1
CLONE R=54734 match=2048 ok=1
CLONE R=54735 match=2048 ok=1
CLONE R=54736 match=2048 ok=1
CLONE R=54737 match=1541 ok=0
CLONE R=54738 match=2048 ok=1
CLONE R=54739 match=1104 ok=0
CLONE R=54740 match=2048 ok=1
CLONE R=54741 match=2048 ok=1
CLONE R=54742 match=2048 ok=1
CLONE R=54743 match=1048 ok=0
CLONE R=54744 match=2048 ok=1
CLONE R=54745 match=1548 ok=0
CLONE R=54746 match=2048 ok=1
CLONE R=54747 match=1136 ok=0
CLONE R=54748 match=2048 ok=1
CLONE R=54749 match=2048 ok=1
CLONE R=54750 match=2048 ok=1
CLONE R=54751 match=1059 ok=0
CLONE R=54752 match=2048 ok=1
CLONE R=54753 match=1878 ok=0
CLONE R=54754 match=2048 ok=1
CLONE R=54755 match=1209 ok=0
CLONE R=54756 match=2048 ok=1
CLONE R=54757 match=2048 ok=1
CLONE R=54758 match=2048 ok=1
CLONE R=54759 match=1161 ok=0
CLONE R=54760 match=2048 ok=1
CLONE R=54761 match=2048 ok=1
CLONE R=54763 match=2048 ok=1
CLONE R=54765 match=2048 ok=1
CLONE R=54766 match=2048 ok=1
CLONE R=54767 match=2048 ok=1
CLONE R=54768 match=2048 ok=1
CLONE R=54769 match=1402 ok=0
CLONE R=54771 match=1194 ok=0
CLONE R=54773 match=2048 ok=1
CLONE R=54774 match=2048 ok=1
CLONE R=54775 match=1030 ok=0
CLONE R=54776 match=2048 ok=1
CLONE R=54777 match=1470 ok=0
CLONE R=54778 match=2048 ok=1
CLONE R=54779 match=1045 ok=0
CLONE R=54780 match=2048 ok=1
CLONE R=54781 match=2048 ok=1
CLONE R=54782 match=2048 ok=1
CLONE R=54783 match=1031 ok=0
# clone_check: ok=516 fail=108
